Arquivo,Features,Grau,LoC,Linhas
addgroup.txt,CONFIG_LAST_SYSTEM_ID<CONFIG_FIRST_SYSTEM_ID,2,1,41
addgroup.txt,CONFIG_LAST_ID<CONFIG_LAST_SYSTEM_ID,2,1,44
addgroup.txt,ENABLE_FEATURE_SHADOWPASSWDS&&ENABLE_FEATURE_ADDUSER_TO_GROUP,2,1,193
adduser.txt,CONFIG_LAST_SYSTEM_ID<CONFIG_FIRST_SYSTEM_ID,2,1,73
adduser.txt,CONFIG_LAST_ID<CONFIG_LAST_SYSTEM_ID,2,1,76
alg-yescrypt-common.txt,!RESTRICTED_PARAMS&&TEST_DECODE64,2,37,"108,109,110,111,112,113,114,115,116,117,118,119,120,121,122,123,124,125,126,127,128,129,130,131,132,133,134,135,136,137,138,139,140,141,142,143,309"
alg-yescrypt-common.txt,!RESTRICTED_PARAMS&&!TEST_DECODE64,2,1,145
alg-yescrypt-kdf.txt,!((__STDC_VERSION__>=199901L)||(__GNUC__)),3,1,36
alg-yescrypt-kdf.txt,!(PWXsimple==2&&PWXgather==4&&Sbytes==12288),3,1,985
alg-yescrypt-kdf.txt,__STDC_VERSION__>=199901L,2,1,32
applet_tables.txt,!ENABLE_FEATURE_PREFER_APPLETS&&!ENABLE_FEATURE_SH_STANDALONE&&ENABLE_FEATURE_SH_NOFORK||!ENABLE_FEATURE_PREFER_APPLETS&&ENABLE_FEATURE_SH_STANDALONE||ENABLE_FEATURE_PREFER_APPLETS,3,16,"162,163,164,165,166,167,168,169,170,171,172,173,174,175,176,177"
appletlib.txt,!(UNPACKED_USAGE_LENGTH<4096)&&ENABLE_SHOW_USAGE&&ENABLE_FEATURE_COMPRESS_USAGE&&(SINGLE_APPLET_STR)||(UNPACKED_USAGE_LENGTH<4096)&&!ENABLE_FEATURE_SEAMLESS_BZ2&&!ENABLE_BUNZIP2&&ENABLE_BZCAT&&ENABLE_SHOW_USAGE&&ENABLE_FEATURE_COMPRESS_USAGE&&(SINGLE_APPLET_STR)||(UNPACKED_USAGE_LENGTH<4096)&&!ENABLE_FEATURE_SEAMLESS_BZ2&&ENABLE_BUNZIP2&&ENABLE_SHOW_USAGE&&ENABLE_FEATURE_COMPRESS_USAGE&&(SINGLE_APPLET_STR)||(UNPACKED_USAGE_LENGTH<4096)&&ENABLE_FEATURE_SEAMLESS_BZ2&&!ENABLE_TAR&&!ENABLE_MODPROBE&&!ENABLE_INSMOD&&!ENABLE_DEPMOD&&!ENABLE_MAN&&!ENABLE_BUNZIP2&&ENABLE_BZCAT&&ENABLE_SHOW_USAGE&&ENABLE_FEATURE_COMPRESS_USAGE&&(SINGLE_APPLET_STR)||(UNPACKED_USAGE_LENGTH<4096)&&ENABLE_FEATURE_SEAMLESS_BZ2&&!ENABLE_TAR&&!ENABLE_MODPROBE&&!ENABLE_INSMOD&&!ENABLE_DEPMOD&&!ENABLE_MAN&&ENABLE_BUNZIP2&&ENABLE_SHOW_USAGE&&ENABLE_FEATURE_COMPRESS_USAGE&&(SINGLE_APPLET_STR)||(UNPACKED_USAGE_LENGTH<4096)&&ENABLE_FEATURE_SEAMLESS_BZ2&&!ENABLE_TAR&&!ENABLE_MODPROBE&&!ENABLE_INSMOD&&!ENABLE_DEPMOD&&ENABLE_MAN&&ENABLE_SHOW_USAGE&&ENABLE_FEATURE_COMPRESS_USAGE&&(SINGLE_APPLET_STR)||(UNPACKED_USAGE_LENGTH<4096)&&ENABLE_FEATURE_SEAMLESS_BZ2&&!ENABLE_TAR&&!ENABLE_MODPROBE&&!ENABLE_INSMOD&&ENABLE_DEPMOD&&ENABLE_SHOW_USAGE&&ENABLE_FEATURE_COMPRESS_USAGE&&(SINGLE_APPLET_STR)||(UNPACKED_USAGE_LENGTH<4096)&&ENABLE_FEATURE_SEAMLESS_BZ2&&!ENABLE_TAR&&!ENABLE_MODPROBE&&ENABLE_INSMOD&&ENABLE_SHOW_USAGE&&ENABLE_FEATURE_COMPRESS_USAGE&&(SINGLE_APPLET_STR)||(UNPACKED_USAGE_LENGTH<4096)&&ENABLE_FEATURE_SEAMLESS_BZ2&&!ENABLE_TAR&&ENABLE_MODPROBE&&ENABLE_SHOW_USAGE&&ENABLE_FEATURE_COMPRESS_USAGE&&(SINGLE_APPLET_STR)||(UNPACKED_USAGE_LENGTH<4096)&&ENABLE_FEATURE_SEAMLESS_BZ2&&ENABLE_TAR&&ENABLE_SHOW_USAGE&&ENABLE_FEATURE_COMPRESS_USAGE&&(SINGLE_APPLET_STR),12,1,145
appletlib.txt,!(UNPACKED_USAGE_LENGTH<4096)&&ENABLE_SHOW_USAGE&&ENABLE_FEATURE_COMPRESS_USAGE&&!(SINGLE_APPLET_STR)||(UNPACKED_USAGE_LENGTH<4096)&&!ENABLE_FEATURE_SEAMLESS_BZ2&&!ENABLE_BUNZIP2&&ENABLE_BZCAT&&ENABLE_SHOW_USAGE&&ENABLE_FEATURE_COMPRESS_USAGE&&!(SINGLE_APPLET_STR)||(UNPACKED_USAGE_LENGTH<4096)&&!ENABLE_FEATURE_SEAMLESS_BZ2&&ENABLE_BUNZIP2&&ENABLE_SHOW_USAGE&&ENABLE_FEATURE_COMPRESS_USAGE&&!(SINGLE_APPLET_STR)||(UNPACKED_USAGE_LENGTH<4096)&&ENABLE_FEATURE_SEAMLESS_BZ2&&!ENABLE_TAR&&!ENABLE_MODPROBE&&!ENABLE_INSMOD&&!ENABLE_DEPMOD&&!ENABLE_MAN&&!ENABLE_BUNZIP2&&ENABLE_BZCAT&&ENABLE_SHOW_USAGE&&ENABLE_FEATURE_COMPRESS_USAGE&&!(SINGLE_APPLET_STR)||(UNPACKED_USAGE_LENGTH<4096)&&ENABLE_FEATURE_SEAMLESS_BZ2&&!ENABLE_TAR&&!ENABLE_MODPROBE&&!ENABLE_INSMOD&&!ENABLE_DEPMOD&&!ENABLE_MAN&&ENABLE_BUNZIP2&&ENABLE_SHOW_USAGE&&ENABLE_FEATURE_COMPRESS_USAGE&&!(SINGLE_APPLET_STR)||(UNPACKED_USAGE_LENGTH<4096)&&ENABLE_FEATURE_SEAMLESS_BZ2&&!ENABLE_TAR&&!ENABLE_MODPROBE&&!ENABLE_INSMOD&&!ENABLE_DEPMOD&&ENABLE_MAN&&ENABLE_SHOW_USAGE&&ENABLE_FEATURE_COMPRESS_USAGE&&!(SINGLE_APPLET_STR)||(UNPACKED_USAGE_LENGTH<4096)&&ENABLE_FEATURE_SEAMLESS_BZ2&&!ENABLE_TAR&&!ENABLE_MODPROBE&&!ENABLE_INSMOD&&ENABLE_DEPMOD&&ENABLE_SHOW_USAGE&&ENABLE_FEATURE_COMPRESS_USAGE&&!(SINGLE_APPLET_STR)||(UNPACKED_USAGE_LENGTH<4096)&&ENABLE_FEATURE_SEAMLESS_BZ2&&!ENABLE_TAR&&!ENABLE_MODPROBE&&ENABLE_INSMOD&&ENABLE_SHOW_USAGE&&ENABLE_FEATURE_COMPRESS_USAGE&&!(SINGLE_APPLET_STR)||(UNPACKED_USAGE_LENGTH<4096)&&ENABLE_FEATURE_SEAMLESS_BZ2&&!ENABLE_TAR&&ENABLE_MODPROBE&&ENABLE_SHOW_USAGE&&ENABLE_FEATURE_COMPRESS_USAGE&&!(SINGLE_APPLET_STR)||(UNPACKED_USAGE_LENGTH<4096)&&ENABLE_FEATURE_SEAMLESS_BZ2&&ENABLE_TAR&&ENABLE_SHOW_USAGE&&ENABLE_FEATURE_COMPRESS_USAGE&&!(SINGLE_APPLET_STR),12,1,173
appletlib.txt,!(UNPACKED_USAGE_LENGTH<4096)&&ENABLE_SHOW_USAGE&&!ENABLE_FEATURE_COMPRESS_USAGE||(UNPACKED_USAGE_LENGTH<4096)&&!ENABLE_FEATURE_SEAMLESS_BZ2&&!ENABLE_BUNZIP2&&!ENABLE_BZCAT&&ENABLE_SHOW_USAGE||(UNPACKED_USAGE_LENGTH<4096)&&!ENABLE_FEATURE_SEAMLESS_BZ2&&!ENABLE_BUNZIP2&&ENABLE_BZCAT&&ENABLE_SHOW_USAGE&&!ENABLE_FEATURE_COMPRESS_USAGE||(UNPACKED_USAGE_LENGTH<4096)&&!ENABLE_FEATURE_SEAMLESS_BZ2&&ENABLE_BUNZIP2&&ENABLE_SHOW_USAGE&&!ENABLE_FEATURE_COMPRESS_USAGE||(UNPACKED_USAGE_LENGTH<4096)&&ENABLE_FEATURE_SEAMLESS_BZ2&&!ENABLE_TAR&&!ENABLE_MODPROBE&&!ENABLE_INSMOD&&!ENABLE_DEPMOD&&!ENABLE_MAN&&!ENABLE_BUNZIP2&&!ENABLE_BZCAT&&ENABLE_SHOW_USAGE||(UNPACKED_USAGE_LENGTH<4096)&&ENABLE_FEATURE_SEAMLESS_BZ2&&!ENABLE_TAR&&!ENABLE_MODPROBE&&!ENABLE_INSMOD&&!ENABLE_DEPMOD&&!ENABLE_MAN&&!ENABLE_BUNZIP2&&ENABLE_BZCAT&&ENABLE_SHOW_USAGE&&!ENABLE_FEATURE_COMPRESS_USAGE||(UNPACKED_USAGE_LENGTH<4096)&&ENABLE_FEATURE_SEAMLESS_BZ2&&!ENABLE_TAR&&!ENABLE_MODPROBE&&!ENABLE_INSMOD&&!ENABLE_DEPMOD&&!ENABLE_MAN&&ENABLE_BUNZIP2&&ENABLE_SHOW_USAGE&&!ENABLE_FEATURE_COMPRESS_USAGE||(UNPACKED_USAGE_LENGTH<4096)&&ENABLE_FEATURE_SEAMLESS_BZ2&&!ENABLE_TAR&&!ENABLE_MODPROBE&&!ENABLE_INSMOD&&!ENABLE_DEPMOD&&ENABLE_MAN&&ENABLE_SHOW_USAGE&&!ENABLE_FEATURE_COMPRESS_USAGE||(UNPACKED_USAGE_LENGTH<4096)&&ENABLE_FEATURE_SEAMLESS_BZ2&&!ENABLE_TAR&&!ENABLE_MODPROBE&&!ENABLE_INSMOD&&ENABLE_DEPMOD&&ENABLE_SHOW_USAGE&&!ENABLE_FEATURE_COMPRESS_USAGE||(UNPACKED_USAGE_LENGTH<4096)&&ENABLE_FEATURE_SEAMLESS_BZ2&&!ENABLE_TAR&&!ENABLE_MODPROBE&&ENABLE_INSMOD&&ENABLE_SHOW_USAGE&&!ENABLE_FEATURE_COMPRESS_USAGE||(UNPACKED_USAGE_LENGTH<4096)&&ENABLE_FEATURE_SEAMLESS_BZ2&&!ENABLE_TAR&&ENABLE_MODPROBE&&ENABLE_SHOW_USAGE&&!ENABLE_FEATURE_COMPRESS_USAGE||(UNPACKED_USAGE_LENGTH<4096)&&ENABLE_FEATURE_SEAMLESS_BZ2&&ENABLE_TAR&&ENABLE_SHOW_USAGE&&!ENABLE_FEATURE_COMPRESS_USAGE,11,1,106
appletlib.txt,!(UNPACKED_USAGE_LENGTH<4096)&&ENABLE_FEATURE_COMPRESS_USAGE||(UNPACKED_USAGE_LENGTH<4096)&&!ENABLE_FEATURE_SEAMLESS_BZ2&&!ENABLE_BUNZIP2&&ENABLE_BZCAT&&ENABLE_FEATURE_COMPRESS_USAGE||(UNPACKED_USAGE_LENGTH<4096)&&!ENABLE_FEATURE_SEAMLESS_BZ2&&ENABLE_BUNZIP2&&ENABLE_FEATURE_COMPRESS_USAGE||(UNPACKED_USAGE_LENGTH<4096)&&ENABLE_FEATURE_SEAMLESS_BZ2&&!ENABLE_TAR&&!ENABLE_MODPROBE&&!ENABLE_INSMOD&&!ENABLE_DEPMOD&&!ENABLE_MAN&&!ENABLE_BUNZIP2&&ENABLE_BZCAT&&ENABLE_FEATURE_COMPRESS_USAGE||(UNPACKED_USAGE_LENGTH<4096)&&ENABLE_FEATURE_SEAMLESS_BZ2&&!ENABLE_TAR&&!ENABLE_MODPROBE&&!ENABLE_INSMOD&&!ENABLE_DEPMOD&&!ENABLE_MAN&&ENABLE_BUNZIP2&&ENABLE_FEATURE_COMPRESS_USAGE||(UNPACKED_USAGE_LENGTH<4096)&&ENABLE_FEATURE_SEAMLESS_BZ2&&!ENABLE_TAR&&!ENABLE_MODPROBE&&!ENABLE_INSMOD&&!ENABLE_DEPMOD&&ENABLE_MAN&&ENABLE_FEATURE_COMPRESS_USAGE||(UNPACKED_USAGE_LENGTH<4096)&&ENABLE_FEATURE_SEAMLESS_BZ2&&!ENABLE_TAR&&!ENABLE_MODPROBE&&!ENABLE_INSMOD&&ENABLE_DEPMOD&&ENABLE_FEATURE_COMPRESS_USAGE||(UNPACKED_USAGE_LENGTH<4096)&&ENABLE_FEATURE_SEAMLESS_BZ2&&!ENABLE_TAR&&!ENABLE_MODPROBE&&ENABLE_INSMOD&&ENABLE_FEATURE_COMPRESS_USAGE||(UNPACKED_USAGE_LENGTH<4096)&&ENABLE_FEATURE_SEAMLESS_BZ2&&!ENABLE_TAR&&ENABLE_MODPROBE&&ENABLE_FEATURE_COMPRESS_USAGE||(UNPACKED_USAGE_LENGTH<4096)&&ENABLE_FEATURE_SEAMLESS_BZ2&&ENABLE_TAR&&ENABLE_FEATURE_COMPRESS_USAGE,10,7,"112,113,114,115,116,117,118"
appletlib.txt,UNPACKED_USAGE_LENGTH<4*1024&&!(ENABLE_FEATURE_SEAMLESS_BZ2&&ENABLE_TAR)&&!(ENABLE_FEATURE_SEAMLESS_BZ2&&ENABLE_MODPROBE)&&!(ENABLE_FEATURE_SEAMLESS_BZ2&&ENABLE_INSMOD)&&!(ENABLE_FEATURE_SEAMLESS_BZ2&&ENABLE_DEPMOD)&&!(ENABLE_FEATURE_SEAMLESS_BZ2&&ENABLE_MAN)&&!ENABLE_BUNZIP2&&!ENABLE_BZCAT,9,9,"82,83,84,85,86,87,88,89,90"
appletlib.txt,!(SINGLE_APPLET_MAIN)&&ENABLE_FEATURE_SH_EMBEDDED_SCRIPTS&&(NUM_SCRIPTS>0)&&ENABLE_BUSYBOX&&ENABLE_FEATURE_SHOW_SCRIPT,5,11,"793,841,842,843,844,845,846,847,848,849,850"
appletlib.txt,!(SINGLE_APPLET_MAIN)&&ENABLE_FEATURE_SUID_CONFIG&&ENABLE_FEATURE_SUID&&(NUM_APPLETS>0)&&!ENABLE_FEATURE_SUID_CONFIG_QUIET,5,8,"611,612,613,614,615,616,617,618"
appletlib.txt,(SINGLE_APPLET_MAIN)&&ENABLE_FEATURE_SH_EMBEDDED_SCRIPTS&&(NUM_SCRIPTS>0)&&!ENABLE_SHELL_ASH&&ENABLE_SHELL_HUSH,5,2,"1021,1022"
appletlib.txt,!(SINGLE_APPLET_MAIN)&&ENABLE_FEATURE_SH_EMBEDDED_SCRIPTS&&(NUM_SCRIPTS>0)&&!ENABLE_SHELL_ASH&&ENABLE_SHELL_HUSH,5,1,733
appletlib.txt,!(SINGLE_APPLET_MAIN)&&ENABLE_FEATURE_SH_EMBEDDED_SCRIPTS&&(NUM_SCRIPTS>0)&&!ENABLE_SHELL_ASH&&!ENABLE_SHELL_HUSH,5,1,735
appletlib.txt,(SINGLE_APPLET_MAIN)&&ENABLE_FEATURE_SH_EMBEDDED_SCRIPTS&&(NUM_SCRIPTS>0)&&!ENABLE_SHELL_ASH&&!ENABLE_SHELL_HUSH,5,1,1024
appletlib.txt,!(SINGLE_APPLET_MAIN)&&ENABLE_FEATURE_SUID_CONFIG&&ENABLE_FEATURE_SUID&&(NUM_APPLETS>0),4,65,"539,540,541,542,543,544,545,546,547,548,549,550,551,552,564,565,566,567,568,569,570,571,572,573,574,575,576,577,578,579,580,581,582,583,584,585,586,587,588,589,590,591,592,593,594,595,596,597,598,599,600,601,602,603,604,605,606,607,608,609,610,619,620,645,646"
appletlib.txt,!(SINGLE_APPLET_MAIN)&&ENABLE_BUSYBOX&&ENABLE_FEATURE_SH_STANDALONE&&ENABLE_FEATURE_TAB_COMPLETION,4,12,"758,759,760,761,762,763,764,765,766,767,768,898"
appletlib.txt,!((__FreeBSD__)||(__OpenBSD__)||(__NetBSD__)||(__APPLE__)),4,3,"36,37,38"
appletlib.txt,!(SINGLE_APPLET_MAIN)&&ENABLE_BUSYBOX&&!ENABLE_FEATURE_SH_STANDALONE||!(SINGLE_APPLET_MAIN)&&ENABLE_BUSYBOX&&ENABLE_FEATURE_SH_STANDALONE&&!ENABLE_FEATURE_TAB_COMPLETION,4,2,"770,771"
appletlib.txt,(SINGLE_APPLET_MAIN)&&ENABLE_FEATURE_SH_EMBEDDED_SCRIPTS&&(NUM_SCRIPTS>0)&&ENABLE_SHELL_ASH,4,2,"1018,1019"
appletlib.txt,!(SINGLE_APPLET_MAIN)&&ENABLE_FEATURE_SH_EMBEDDED_SCRIPTS&&(NUM_SCRIPTS>0)&&ENABLE_SHELL_ASH,4,1,731
appletlib.txt,!(SINGLE_APPLET_MAIN)&&(NUM_APPLETS>0)&&!ENABLE_TEST1&&ENABLE_TEST2||!(SINGLE_APPLET_MAIN)&&(NUM_APPLETS>0)&&ENABLE_TEST1,4,1,952
appletlib.txt,!(SINGLE_APPLET_MAIN)&&ENABLE_FEATURE_SUID&&(NUM_APPLETS>0),3,39,"538,553,554,555,556,557,558,559,560,561,562,563,621,622,623,624,625,626,627,628,629,630,631,632,633,634,635,636,637,638,639,640,641,642,643,644,647,648,976"
appletlib.txt,!(SINGLE_APPLET_MAIN)&&ENABLE_FEATURE_SH_EMBEDDED_SCRIPTS&&(NUM_SCRIPTS>0),3,39,"712,713,714,715,716,717,718,719,720,721,722,723,724,725,726,727,728,729,730,732,734,736,737,738,739,740,741,742,743,744,745,746,747,748,749,750,751,752,753"
appletlib.txt,!(SINGLE_APPLET_MAIN)&&!ENABLE_BUSYBOX&&!(NUM_APPLETS==0)||!(SINGLE_APPLET_MAIN)&&ENABLE_BUSYBOX,3,27,"1111,1112,1113,1119,1120,1121,1122,1123,1124,1125,1126,1127,1128,1129,1130,1131,1132,1133,1134,1135,1136,1137,1138,1139,1140,1141,1142"
appletlib.txt,(SINGLE_APPLET_MAIN)&&ENABLE_FEATURE_SH_EMBEDDED_SCRIPTS&&(NUM_SCRIPTS>0),3,16,"1013,1014,1015,1016,1017,1020,1023,1025,1026,1027,1028,1029,1030,1031,1032,1033"
appletlib.txt,!(SINGLE_APPLET_MAIN)&&!(NUM_APPLETS>0)&&ENABLE_BUSYBOX||!(SINGLE_APPLET_MAIN)&&(NUM_APPLETS>0),3,14,"708,987,988,989,992,993,1000,1001,1002,1003,1004,1005,1006,1007"
appletlib.txt,!(SINGLE_APPLET_MAIN)&&!ENABLE_FEATURE_INSTALLER&&ENABLE_BUSYBOX,3,5,"700,701,702,703,704"
appletlib.txt,!(SINGLE_APPLET_MAIN)&&ENABLE_BUSYBOX&&ENABLE_FEATURE_VERSION,3,5,"912,913,914,915,916"
appletlib.txt,!(SINGLE_APPLET_MAIN)&&!ENABLE_BUSYBOX&&(NUM_APPLETS==0),3,5,"1105,1106,1107,1108,1109"
appletlib.txt,!(SINGLE_APPLET_MAIN)&&!ENABLE_BUSYBOX&&!(NUM_APPLETS==0),3,5,"1114,1115,1116,1117,1118"
appletlib.txt,!(SINGLE_APPLET_MAIN)&&ENABLE_FEATURE_INSTALLER&&!ENABLE_INSTALL_NO_USR,3,2,"662,663"
appletlib.txt,!(SINGLE_APPLET_MAIN)&&ENABLE_FEATURE_INSTALLER&&ENABLE_BUSYBOX,3,2,"858,859"
appletlib.txt,!(SINGLE_APPLET_MAIN)&&!(ENABLE_FEATURE_SUID&&NUM_APPLETS>0),3,1,650
appletlib.txt,!(SINGLE_APPLET_MAIN)&&(NUM_APPLETS>0)&&(APPLET_NO_test),3,1,940
appletlib.txt,!(SINGLE_APPLET_MAIN)&&(NUM_APPLETS>0)&&(APPLET_NO_true),3,1,943
appletlib.txt,!(SINGLE_APPLET_MAIN)&&(NUM_APPLETS>0)&&(APPLET_NO_false),3,1,946
appletlib.txt,!(SINGLE_APPLET_MAIN)&&(NUM_APPLETS>0)&&(APPLET_NO_echo),3,1,949
appletlib.txt,!(SINGLE_APPLET_MAIN)&&ENABLE_FEATURE_SUID_CONFIG,2,227,"302,303,304,305,306,307,308,309,310,311,312,313,314,315,316,317,318,319,320,321,322,323,324,325,326,327,328,329,330,331,332,333,334,335,336,337,338,339,340,341,342,343,344,345,346,347,348,349,350,351,352,353,354,355,356,357,358,359,360,361,362,363,364,365,366,367,368,369,370,371,372,373,374,375,376,377,378,379,380,381,382,383,384,385,386,387,388,389,390,391,392,393,394,395,396,397,398,399,400,401,402,403,404,405,406,407,408,409,410,411,412,413,414,415,416,417,418,419,420,421,422,423,424,425,426,427,428,429,430,431,432,433,434,435,436,437,438,439,440,441,442,443,444,445,446,447,448,449,450,451,452,453,454,455,456,457,458,459,460,461,462,463,464,465,466,467,468,469,470,471,472,473,474,475,476,477,478,479,480,481,482,483,484,485,486,487,488,489,490,491,492,493,494,495,496,497,498,499,500,501,502,503,504,505,506,507,508,509,510,511,512,513,514,515,516,517,518,519,520,521,522,523,524,525,526,527,528"
appletlib.txt,!(SINGLE_APPLET_MAIN)&&ENABLE_BUSYBOX,2,141,"757,769,772,773,774,775,776,777,778,779,780,781,782,783,784,785,786,787,788,789,790,791,792,794,795,796,797,798,799,800,801,802,803,804,805,806,807,808,809,810,811,812,813,814,815,816,817,818,819,820,821,822,823,824,825,826,827,828,829,830,831,832,833,834,835,836,837,838,839,840,851,852,853,854,855,856,857,860,861,862,863,864,865,866,867,868,869,870,871,872,873,874,875,876,877,878,879,880,881,882,883,884,885,886,887,888,889,890,891,892,893,894,895,896,897,899,900,901,902,903,904,905,906,907,908,909,910,911,917,918,919,920,921,922,923,924,925,926,927,990,991"
appletlib.txt,!(SINGLE_APPLET_MAIN)&&(NUM_APPLETS>0),2,53,"931,932,933,934,935,936,937,938,939,941,942,944,945,947,948,950,951,953,954,955,956,957,958,959,960,961,962,963,964,965,966,967,968,969,970,971,972,973,974,975,977,978,979,980,981,982,983,994,995,996,997,998,999"
appletlib.txt,!(SINGLE_APPLET_MAIN)&&ENABLE_FEATURE_INSTALLER,2,42,"655,656,657,658,659,660,661,664,665,666,667,668,669,670,671,672,673,674,675,676,677,678,679,680,681,682,683,684,685,686,687,688,689,690,691,692,693,694,695,696,697,698"
appletlib.txt,ENABLE_SHOW_USAGE&&!(SINGLE_APPLET_STR),2,25,"148,149,150,151,152,153,154,155,156,157,158,159,160,161,162,163,164,165,166,167,168,169,170,171,172"
appletlib.txt,!(SINGLE_APPLET_MAIN)&&ENABLE_FEATURE_INDIVIDUAL||(SINGLE_APPLET_MAIN),2,18,"260,261,262,263,264,265,266,267,268,269,270,271,272,273,274,275,276,277"
appletlib.txt,ENABLE_SHOW_USAGE&&(SINGLE_APPLET_STR),2,13,"133,134,135,136,137,138,139,140,141,142,143,144,146"
appletlib.txt,!(SINGLE_APPLET_MAIN)&&!ENABLE_FEATURE_SUID_CONFIG,2,4,"530,531,532,533"
appletlib.txt,ENABLE_FEATURE_SH_EMBEDDED_SCRIPTS&&(NUM_SCRIPTS>0),2,2,"65,66"
appletlib.txt,!(ENABLE_SHOW_USAGE&&!ENABLE_FEATURE_COMPRESS_USAGE),2,1,108
appletlib.txt,(SINGLE_APPLET_MAIN)&&ENABLE_BUILD_LIBBUSYBOX,2,1,1099
appletlib.txt,(SINGLE_APPLET_MAIN)&&!ENABLE_BUILD_LIBBUSYBOX,2,1,1101
ash.txt,| ENABLE_FEATURE_SH_STANDALONE&&ENABLE_FEATURE_SH_NOFORK&&NUM_APPLETS>1,3,37,"11114,11115,11116,11117,11118,11119,11120,11121,11122,11123,11124,11125,11126,11127,11128,11129,11130,11131,11132,11133,11134,11135,11136,11137,11138,11139,11140,11141,11142,11143,11144,11145,11146,11147,11148,11149,11150"
ash.txt,| MAX_HISTORY>0&&ENABLE_FEATURE_EDITING_SAVEHISTORY&&ENABLE_FEATURE_SH_HISTFILESIZE,3,7,"15152,15153,15154,15155,15156,15157,15158"
ash.txt,DEBUG||JOBS&&BASH_PATTERN_SUBST,3,2,"945,946"
ash.txt,DEBUG||JOBS&&BASH_SUBSTR,3,1,942
ash.txt,EXP_QUOTED>>CHAR_BIT!=EXP_FULL,3,1,7816
ash.txt,| MAX_HISTORY>0&&ENABLE_FEATURE_EDITING_SAVEHISTORY,2,18,"15136,15137,15138,15139,15140,15141,15142,15143,15144,15145,15146,15147,15148,15149,15150,15151,15159,15160"
ash.txt,DEBUG||JOBS,2,16,"930,931,932,933,934,935,936,937,938,939,940,941,943,944,947,948"
ash.txt,BASH_SUBSTR&&ENABLE_FEATURE_SH_MATH,2,14,"6322,6323,6324,6325,6326,6327,6328,6329,6330,6331,6332,6333,6334,6335"
ash.txt,JOBS&&BASH_PROCESS_SUBST,2,12,"5034,5035,5036,5037,5038,5039,5040,5041,5042,5043,5044,5045"
ash.txt,| ENABLE_FEATURE_EDITING&&ENABLE_ASH_IDLE_TIMEOUT,2,12,"11358,11359,11360,11361,11362,11363,11364,11365,11420,11421,11422,11423"
ash.txt,| ENABLE_ASH_HELP&&ENABLE_FEATURE_SH_STANDALONE,2,12,"14406,14407,14408,14409,14410,14411,14412,14413,14414,14415,14416,14417"
ash.txt,ENABLE_ASH_RANDOM_SUPPORT||BASH_EPOCH_VARS,2,11,"2260,2500,2501,2502,2503,2504,2505,2506,2507,2598,2599"
ash.txt,!ENABLE_ASH_INTERNAL_GLOB&&(__UCLIBC__),2,8,"275,276,277,278,279,280,281,282"
ash.txt,DEBUG&&BASH_PROCESS_SUBST,2,8,"1220,1221,1388,1389,1390,1391,1392,1393"
ash.txt,| ENABLE_FEATURE_EDITING_SAVE_ON_EXIT&&ENABLE_FEATURE_SH_HISTFILESIZE,2,8,"14800,14801,14802,14803,14804,14805,14806,14807"
ash.txt,| ENABLE_FEATURE_TAB_COMPLETION&&ENABLE_ASH_ALIAS,2,7,"10871,10872,10873,10874,10875,10876,10877"
ash.txt,JOBS&&ENABLE_FEATURE_SH_MATH,2,6,"5052,5053,5054,5055,5056,5057"
ash.txt,JOBS||DEBUG,2,5,"3982,3983,3984,3985,3986"
ash.txt,DEBUG&&(O_APPEND),2,4,"1264,1289,1290,1291"
ash.txt,| BASH_FUNCTION&&BASH_TEST2,2,4,"12661,12662,12663,12664"
ash.txt,JOBS&&!BASH_PROCESS_SUBST,2,3,"5047,5048,5049"
ash.txt,!(ENABLE_FEATURE_EDITING&&ENABLE_FEATURE_EDITING_FANCY_PROMPT),2,2,"2464,2465"
ash.txt,!USE_SIT_FUNCTION&&BASH_PROCESS_SUBST,2,2,"3287,3288"
ash.txt,!USE_SIT_FUNCTION&&!BASH_PROCESS_SUBST,2,2,"3290,3291"
ash.txt,DEBUG&&BASH_PATTERN_SUBST,2,2,"7955,7956"
ash.txt,ENABLE_ASH_CMDCMD&&DEBUG,2,2,"9260,9261"
ash.txt,| ENABLE_FEATURE_EDITING&&ENABLE_FEATURE_TAB_COMPLETION,2,2,"10168,11368"
ash.txt,| ENABLE_ASH_MAIL&&DEBUG,2,2,"11840,11841"
ash.txt,| (NEW_xxreadtoken)&&BASH_REDIR_OUTPUT,2,2,"13786,13787"
ash.txt,DEBUG&&BASH_REDIR_OUTPUT,2,1,1433
ash.txt,!(ENABLE_ASH_RANDOM_SUPPORT||BASH_EPOCH_VARS),2,1,2262
ash.txt,ENABLE_FEATURE_EDITING&&ENABLE_FEATURE_EDITING_FANCY_PROMPT,2,1,2462
ash.txt,JOBS&&DEBUG,2,1,5136
ash.txt,JOBS&&BASH_REDIR_OUTPUT,2,1,5254
ash.txt,BASH_SUBSTR&&!ENABLE_FEATURE_SH_MATH,2,1,6337
ash.txt,DEBUG&&BASH_SUBSTR,2,1,7952
ash.txt,ENABLE_ASH_INTERNAL_GLOB&&ENABLE_LOCALE_SUPPORT,2,1,8292
ash.txt,ENABLE_ASH_INTERNAL_GLOB&&!ENABLE_LOCALE_SUPPORT,2,1,8294
ash.txt,NAND+1!=NOR,2,1,9729
ash.txt,NOR+1!=NSEMI,2,1,9732
ash.txt,| ENABLE_FEATURE_EDITING&&EDITING_HAS_sh_get_var,2,1,10171
ash.txt,| ENABLE_ASH_TEST||BASH_TEST2,2,1,10735
bb_strtonum.txt,(UINT_MAX!=ULONG_MAX),2,33,"126,127,128,129,130,131,132,133,134,135,136,137,138,139,140,141,142,143,144,145,146,147,148,149,150,151,152,153,154,155,156,157,158"
bb_strtonum.txt,(ULONG_MAX!=ULLONG_MAX),2,30,"93,94,95,96,97,98,99,100,101,102,103,104,105,106,107,108,109,110,111,112,113,114,115,116,117,118,119,120,121,122"
bbunzip.txt,!ENABLE_UNCOMPRESS&&!ENABLE_FEATURE_BZIP2_DECOMPRESS&&!ENABLE_UNLZMA&&!ENABLE_LZCAT&&!ENABLE_LZMA&&!ENABLE_UNXZ&&!ENABLE_XZCAT&&ENABLE_XZ||!ENABLE_UNCOMPRESS&&!ENABLE_FEATURE_BZIP2_DECOMPRESS&&!ENABLE_UNLZMA&&!ENABLE_LZCAT&&!ENABLE_LZMA&&!ENABLE_UNXZ&&ENABLE_XZCAT||!ENABLE_UNCOMPRESS&&!ENABLE_FEATURE_BZIP2_DECOMPRESS&&!ENABLE_UNLZMA&&!ENABLE_LZCAT&&!ENABLE_LZMA&&ENABLE_UNXZ||!ENABLE_UNCOMPRESS&&!ENABLE_FEATURE_BZIP2_DECOMPRESS&&!ENABLE_UNLZMA&&!ENABLE_LZCAT&&ENABLE_LZMA||!ENABLE_UNCOMPRESS&&!ENABLE_FEATURE_BZIP2_DECOMPRESS&&!ENABLE_UNLZMA&&ENABLE_LZCAT||!ENABLE_UNCOMPRESS&&!ENABLE_FEATURE_BZIP2_DECOMPRESS&&ENABLE_UNLZMA||!ENABLE_UNCOMPRESS&&ENABLE_FEATURE_BZIP2_DECOMPRESS||ENABLE_UNCOMPRESS,8,15,"196,197,198,199,200,201,202,203,204,205,206,207,208,209,210"
bbunzip.txt,!ENABLE_UNLZMA&&!ENABLE_LZCAT&&ENABLE_LZMA||!ENABLE_UNLZMA&&ENABLE_LZCAT||ENABLE_UNLZMA,3,13,"517,518,519,520,521,525,526,527,528,529,530,531,532"
bbunzip.txt,!ENABLE_UNXZ&&!ENABLE_XZCAT&&ENABLE_XZ||!ENABLE_UNXZ&&ENABLE_XZCAT||ENABLE_UNXZ,3,13,"587,588,589,590,591,595,596,597,598,599,600,601,602"
bbunzip.txt,!ENABLE_FEATURE_BZIP2_DECOMPRESS&&!ENABLE_BUNZIP2&&ENABLE_BZCAT||!ENABLE_FEATURE_BZIP2_DECOMPRESS&&ENABLE_BUNZIP2||ENABLE_FEATURE_BZIP2_DECOMPRESS,3,10,"442,443,444,445,446,447,448,449,450,451"
bbunzip.txt,ENABLE_FEATURE_GZIP_DECOMPRESS&&ENABLE_FEATURE_GUNZIP_LONG_OPTIONS,2,8,"353,354,355,356,357,358,359,379"
bbunzip.txt,ENABLE_FEATURE_GZIP_DECOMPRESS&&ENABLE_FEATURE_SEAMLESS_Z,2,1,337
bbunzip.txt,ENABLE_FEATURE_GZIP_DECOMPRESS&&!ENABLE_FEATURE_GUNZIP_LONG_OPTIONS,2,1,381
bc.txt,!ENABLE_BC&&ENABLE_FEATURE_DC_BIG&&ENABLE_DC&&!ENABLE_FEATURE_BC_INTERACTIVE&&ENABLE_FEATURE_CLEAN_UP||!ENABLE_BC&&ENABLE_FEATURE_DC_BIG&&ENABLE_DC&&ENABLE_FEATURE_BC_INTERACTIVE||ENABLE_BC&&ENABLE_DC&&!ENABLE_FEATURE_BC_INTERACTIVE&&ENABLE_FEATURE_CLEAN_UP||ENABLE_BC&&ENABLE_DC&&ENABLE_FEATURE_BC_INTERACTIVE,5,44,"2402,2404,2406,2444,3443,3459,3476,3507,3544,3583,5032,5073,5102,5140,5174,5180,5200,5214,5876,5884,5908,5909,5989,5992,6073,6311,6364,6368,6379,6387,6408,6411,6438,6491,6494,6506,6521,6540,6547,6560,6645,6649,6878,6887"
bc.txt,!ENABLE_BC&&ENABLE_FEATURE_DC_BIG&&!ENABLE_FEATURE_BC_INTERACTIVE&&ENABLE_FEATURE_CLEAN_UP||!ENABLE_BC&&ENABLE_FEATURE_DC_BIG&&ENABLE_FEATURE_BC_INTERACTIVE||ENABLE_BC&&!ENABLE_FEATURE_BC_INTERACTIVE&&ENABLE_FEATURE_CLEAN_UP||ENABLE_BC&&ENABLE_FEATURE_BC_INTERACTIVE,4,101,"987,1022,1028,1035,1040,1041,1051,1055,1061,1065,1069,1410,1414,1422,1620,1632,1667,1671,1686,1693,1699,1705,1711,1716,1738,1754,1758,1811,1827,1831,1845,1871,1885,1890,1926,1980,2018,2029,2032,2037,2097,2109,2113,2134,2148,2164,2171,2175,2182,2260,2277,2280,2285,2364,2390,2835,2842,2853,2990,3051,3066,5333,5376,5387,5408,5410,5412,5429,5436,5438,5459,5463,5466,5510,5630,5680,5716,5739,5756,5793,5811,5860,5898,5902,5966,6000,6033,6039,6048,6091,6125,6303,6340,6936,6942,6984,7045,7069,7082,7355,7362"
bc.txt,!ENABLE_BC&&ENABLE_FEATURE_DC_BIG&&ENABLE_FEATURE_EDITING&&ENABLE_FEATURE_BC_INTERACTIVE||ENABLE_BC&&ENABLE_FEATURE_EDITING&&ENABLE_FEATURE_BC_INTERACTIVE,4,22,"2608,2609,2610,2611,2612,2613,2614,2615,2616,2617,2618,2619,2620,2621,2622,2623,2624,2625,2626,2627,2628,2629"
bc.txt,!(!ENABLE_BC&&!ENABLE_FEATURE_DC_BIG)&&ENABLE_FEATURE_BC_INTERACTIVE||ENABLE_FEATURE_CLEAN_UP,4,6,"913,914,915,916,917,918"
bc.txt,!(!ENABLE_BC&&!ENABLE_FEATURE_DC_BIG)&&!(ENABLE_FEATURE_BC_INTERACTIVE||ENABLE_FEATURE_CLEAN_UP),4,6,"920,921,922,923,924,925"
bc.txt,!(!ENABLE_BC&&!ENABLE_FEATURE_DC_BIG)&&UINT_MAX==4294967295U,4,2,"891,892"
bc.txt,!(!ENABLE_BC&&!ENABLE_FEATURE_DC_BIG)&&UINT_MAX==18446744073709551615U,4,2,"894,895"
bc.txt,!(!ENABLE_BC&&!ENABLE_FEATURE_DC_BIG)&&!((UINT_MAX==4294967295U)||(UINT_MAX==18446744073709551615U)),4,1,897
bc.txt,!(!ENABLE_BC&&!ENABLE_FEATURE_DC_BIG)&&ULONG_MAX==0xffffffffUL,4,1,1427
bc.txt,!(!ENABLE_BC&&!ENABLE_FEATURE_DC_BIG)&&ULONG_MAX==0xffffffffffffffffULL,4,1,1429
bc.txt,!ENABLE_BC&&ENABLE_FEATURE_DC_BIG&&ENABLE_FEATURE_EDITING&&ENABLE_FEATURE_CLEAN_UP||ENABLE_BC&&ENABLE_FEATURE_EDITING&&ENABLE_FEATURE_CLEAN_UP,4,1,7520
bc.txt,!ENABLE_BC&&ENABLE_FEATURE_DC_BIG&&ENABLE_DC||ENABLE_BC&&ENABLE_DC,3,1050,"348,349,350,351,352,353,354,355,356,357,358,359,360,361,362,363,364,365,366,367,368,369,370,371,372,512,513,514,515,516,517,518,519,520,521,522,523,524,525,526,527,528,529,530,531,532,533,534,535,536,537,538,539,540,541,542,543,544,545,546,547,548,549,550,551,552,553,672,673,674,675,676,677,678,679,680,681,682,683,684,685,686,687,688,689,690,691,692,693,694,695,696,697,698,699,700,701,702,703,704,705,706,707,708,709,710,711,712,713,714,715,716,717,718,719,720,721,722,723,724,725,726,727,728,729,730,731,732,733,734,735,736,737,738,739,740,741,742,743,744,745,746,747,748,749,750,751,752,2395,2396,2397,2398,2399,2400,2401,2403,2405,2407,2408,2409,2410,2411,2412,2413,2414,2415,2416,2417,2418,2419,2420,2421,2422,2423,2424,2425,2426,2427,2428,2429,2430,2431,2432,2433,2434,2435,2436,2437,2438,2439,2440,2441,2442,2443,2445,2446,2521,2522,2523,2524,2525,2526,2527,2528,2529,2530,2531,2532,2533,2534,2535,2536,2537,2538,2539,2540,2541,2542,2543,2544,2545,3429,3430,3431,3432,3433,3434,3435,3436,3437,3438,3439,3440,3441,3442,3444,3445,3446,3447,3448,3449,3450,3451,3452,3453,3454,3455,3456,3457,3458,3460,3461,3462,3463,3464,3465,3466,3467,3468,3469,3470,3471,3472,3473,3474,3475,3477,3478,3479,3480,3481,3482,3483,3484,3485,3486,3487,3488,3489,3490,3491,3492,3493,3494,3495,3496,3497,3498,3499,3500,3501,3502,3503,3504,3505,3506,3508,3509,3510,3511,3512,3513,3514,3515,3516,3517,3518,3519,3520,3521,3522,3523,3524,3525,3526,3527,3528,3529,3530,3531,3532,3533,3534,3535,3536,3537,3538,3539,3540,3541,3542,3543,3545,3546,3547,3548,3549,3550,3551,3552,3553,3554,3555,3556,3557,3558,3559,3560,3561,3562,3563,3564,3565,3566,3567,3568,3569,3570,3571,3572,3573,3574,3575,3576,3577,3578,3579,3580,3581,3582,3584,3585,5020,5021,5022,5023,5024,5025,5026,5027,5028,5029,5030,5031,5033,5034,5035,5036,5037,5038,5039,5040,5041,5042,5043,5044,5045,5046,5047,5048,5049,5050,5051,5052,5053,5054,5055,5056,5057,5058,5059,5060,5061,5062,5063,5064,5065,5066,5067,5068,5069,5070,5071,5072,5074,5075,5076,5077,5078,5079,5080,5081,5082,5083,5084,5085,5086,5087,5088,5089,5090,5091,5092,5093,5094,5095,5096,5097,5098,5099,5100,5101,5103,5104,5105,5106,5107,5108,5109,5110,5111,5112,5113,5114,5115,5116,5117,5118,5119,5120,5121,5122,5123,5124,5125,5126,5127,5128,5129,5130,5131,5132,5133,5134,5135,5136,5137,5138,5139,5141,5142,5143,5144,5145,5146,5147,5148,5149,5150,5151,5152,5153,5154,5155,5156,5157,5158,5159,5160,5161,5162,5163,5164,5165,5166,5167,5168,5169,5170,5171,5172,5173,5175,5176,5177,5178,5179,5181,5182,5183,5184,5185,5186,5187,5188,5189,5190,5191,5192,5193,5194,5195,5196,5197,5198,5199,5201,5202,5203,5204,5205,5206,5207,5208,5209,5210,5211,5212,5213,5215,5216,5217,5517,5518,5519,5520,5521,5522,5560,5561,5562,5563,5564,5565,5865,5866,5867,5868,5869,5870,5871,5872,5873,5874,5875,5877,5878,5879,5880,5881,5882,5883,5885,5886,5906,5907,5910,5985,5986,5987,5988,5990,5991,5993,6058,6067,6068,6069,6070,6071,6072,6074,6075,6076,6077,6078,6079,6080,6081,6082,6083,6084,6085,6086,6310,6324,6325,6326,6327,6328,6329,6330,6345,6346,6347,6348,6349,6350,6351,6352,6353,6354,6355,6356,6357,6358,6359,6360,6361,6362,6363,6365,6366,6367,6369,6370,6371,6372,6373,6374,6375,6376,6377,6378,6380,6381,6382,6383,6384,6385,6386,6388,6389,6390,6391,6392,6393,6394,6395,6396,6397,6398,6399,6400,6401,6402,6403,6404,6405,6406,6407,6409,6410,6412,6413,6414,6415,6416,6417,6418,6419,6420,6421,6422,6423,6424,6425,6426,6427,6428,6429,6430,6431,6432,6433,6434,6435,6436,6437,6439,6440,6441,6442,6443,6444,6445,6446,6447,6448,6449,6450,6451,6452,6453,6454,6455,6456,6457,6458,6459,6460,6461,6462,6463,6464,6465,6466,6467,6468,6469,6470,6471,6472,6473,6474,6475,6476,6477,6478,6479,6480,6481,6482,6483,6484,6485,6486,6487,6488,6489,6490,6492,6493,6495,6496,6497,6498,6499,6500,6501,6502,6503,6504,6505,6507,6508,6509,6510,6511,6512,6513,6514,6515,6516,6517,6518,6519,6520,6522,6523,6524,6525,6526,6527,6528,6529,6530,6531,6532,6533,6534,6535,6536,6537,6538,6539,6541,6542,6543,6544,6545,6546,6548,6549,6550,6551,6552,6553,6554,6555,6556,6557,6558,6559,6561,6562,6563,6564,6565,6566,6567,6568,6569,6570,6571,6572,6573,6574,6575,6576,6577,6578,6579,6580,6581,6582,6583,6584,6585,6586,6587,6588,6589,6590,6591,6592,6593,6594,6595,6596,6597,6598,6599,6600,6601,6602,6603,6604,6605,6606,6607,6608,6609,6610,6611,6612,6613,6614,6615,6616,6617,6618,6619,6620,6621,6622,6623,6624,6625,6626,6627,6628,6629,6630,6631,6632,6633,6634,6635,6636,6637,6638,6639,6640,6641,6642,6643,6644,6646,6647,6648,6650,6651,6841,6842,6843,6844,6845,6846,6847,6848,6849,6850,6851,6852,6853,6854,6855,6856,6857,6858,6859,6860,6861,6862,6863,6864,6865,6866,6867,6868,6869,6870,6871,6872,6873,6874,6875,6876,6877,6879,6880,6881,6882,6883,6884,6885,6886,6888,6889,6890,6891,6892,6893,6894,6895,6896,6897,6898,6899,6900,6901,6902,6903,6904,6905,6906,6907,6908,6909,6910,6911,6912,6913,6914,6915,6916,6917,6918,6919,6920,6921,6922,6923,6924,6978,7548,7549,7550,7551,7552,7553,7554,7555,7556,7557,7558,7559,7560,7561,7562,7563,7564,7565,7566,7567,7568,7569,7570,7571,7572,7573,7574,7575,7576,7577,7578,7579,7580,7581,7582,7583,7584,7585,7586,7587,7588,7589,7590,7591"
bc.txt,ENABLE_BC&&!ENABLE_FEATURE_BC_INTERACTIVE&&ENABLE_FEATURE_CLEAN_UP||ENABLE_BC&&ENABLE_FEATURE_BC_INTERACTIVE,3,82,"998,1006,1009,1046,1074,1079,1084,1089,3075,3086,3118,3133,3146,3161,3198,3208,3423,3820,3832,3865,3875,3881,3906,3915,3952,4001,4004,4023,4049,4064,4076,4135,4169,4194,4227,4286,4328,4414,4425,4447,4456,4471,4491,4513,4564,4578,4582,4600,4630,4636,4640,4654,4658,4683,4690,4753,4765,4788,4848,4868,4870,4883,4896,4909,4919,4931,4942,4951,4961,4968,4972,4985,4994,5013,5762,6008,6158,6174,6177,6194,6219,6264"
bc.txt,!ENABLE_BC&&ENABLE_FEATURE_DC_BIG&&ENABLE_FEATURE_BC_INTERACTIVE||ENABLE_BC&&ENABLE_FEATURE_BC_INTERACTIVE,3,54,"1918,1919,1920,2084,2085,2086,2087,2088,2089,2090,2589,2590,2591,2592,2593,2594,2595,2596,2597,2598,2599,2600,2601,2602,2603,2604,2605,2606,2607,2630,2639,2640,2641,2642,7482,7483,7484,7485,7486,7487,7488,7489,7490,7491,7492,7493,7494,7495,7496,7497,7498,7499,7500,7501"
bc.txt,!ENABLE_BC&&ENABLE_FEATURE_DC_BIG&&ENABLE_FEATURE_CLEAN_UP||ENABLE_BC&&ENABLE_FEATURE_CLEAN_UP,3,27,"7367,7368,7369,7370,7371,7372,7373,7374,7375,7376,7377,7378,7379,7380,7381,7382,7383,7512,7513,7514,7515,7516,7517,7518,7519,7521,7522"
bc.txt,!(!ENABLE_BC&&!ENABLE_FEATURE_DC_BIG)&&DEBUG_LEXER,3,16,"212,213,214,215,216,217,218,219,220,221,222,223,224,225,226,227"
bc.txt,!ENABLE_BC&&ENABLE_FEATURE_DC_BIG&&!ENABLE_FEATURE_CLEAN_UP||ENABLE_BC&&!ENABLE_FEATURE_CLEAN_UP,3,10,"950,951,952,953,954,955,956,957,958,959"
bc.txt,!(!ENABLE_BC&&!ENABLE_FEATURE_DC_BIG)&&ENABLE_FEATURE_CLEAN_UP,3,7,"841,943,944,945,946,947,948"
bc.txt,!(!ENABLE_BC&&!ENABLE_FEATURE_DC_BIG)&&!ENABLE_DC,3,6,"5744,5745,5746,6053,6054,6055"
bc.txt,!(!ENABLE_BC&&!ENABLE_FEATURE_DC_BIG)&&!DEBUG_LEXER,3,3,"229,230,231"
bc.txt,!(!ENABLE_BC&&!ENABLE_FEATURE_DC_BIG)&&ENABLE_FEATURE_BC_INTERACTIVE,3,2,"834,835"
bc.txt,!(!ENABLE_BC&&!ENABLE_FEATURE_DC_BIG)&&!ENABLE_FEATURE_BC_INTERACTIVE,3,2,"837,838"
bc.txt,!(!ENABLE_BC&&!ENABLE_FEATURE_DC_BIG)&&DEBUG_COMPILE,3,1,235
bc.txt,!(!ENABLE_BC&&!ENABLE_FEATURE_DC_BIG)&&!DEBUG_COMPILE,3,1,237
bc.txt,!(!ENABLE_BC&&!ENABLE_FEATURE_DC_BIG)&&DEBUG_EXEC,3,1,241
bc.txt,!(!ENABLE_BC&&!ENABLE_FEATURE_DC_BIG)&&!DEBUG_EXEC,3,1,243
bc.txt,!ENABLE_BC&&ENABLE_FEATURE_DC_BIG&&ENABLE_FEATURE_EDITING||ENABLE_BC&&ENABLE_FEATURE_EDITING,3,1,820
bc.txt,!(!ENABLE_BC&&!ENABLE_FEATURE_DC_BIG)&&!ENABLE_FEATURE_CLEAN_UP,3,1,843
bc.txt,!(!ENABLE_BC&&!ENABLE_FEATURE_DC_BIG)&&ENABLE_DC,3,1,858
bc.txt,!(!ENABLE_BC&&!ENABLE_FEATURE_DC_BIG)&&INT_MAX==2147483647,3,1,883
bc.txt,!(!ENABLE_BC&&!ENABLE_FEATURE_DC_BIG)&&INT_MAX==9223372036854775807,3,1,885
bc.txt,!(!ENABLE_BC&&!ENABLE_FEATURE_DC_BIG)&&!((INT_MAX==2147483647)||(INT_MAX==9223372036854775807)),3,1,887
bc.txt,!ENABLE_BC&&ENABLE_FEATURE_DC_BIG||ENABLE_BC,2,3653,"210,211,228,232,233,234,236,238,239,240,242,244,245,246,247,248,249,250,251,252,253,254,255,256,257,258,259,260,261,262,263,264,265,266,267,268,269,270,271,272,273,274,275,276,277,278,279,280,281,282,287,288,289,290,291,292,293,294,295,296,297,298,299,300,301,302,303,304,305,306,307,314,315,316,317,318,319,320,321,322,323,324,325,326,327,328,329,330,331,332,333,334,335,336,343,344,345,346,347,373,374,375,376,377,378,379,380,381,382,383,384,385,386,387,388,389,390,391,392,393,394,395,396,397,398,399,400,401,402,403,404,405,406,407,408,409,410,411,412,413,414,415,416,417,418,419,420,421,422,423,424,425,426,427,428,429,430,431,432,433,434,435,436,437,438,439,440,441,442,443,444,445,446,447,448,449,450,451,452,453,454,455,456,457,458,459,509,510,511,554,555,556,557,669,670,671,753,754,755,756,757,758,759,760,761,762,763,764,765,766,767,768,769,770,771,772,773,774,775,776,777,778,779,780,781,782,783,784,785,786,787,788,789,790,791,792,793,794,795,796,797,798,799,800,801,802,803,804,805,806,807,808,809,810,811,812,813,814,815,816,817,818,819,821,822,823,824,825,826,827,828,829,830,831,832,833,836,839,840,842,844,845,846,847,848,853,854,855,856,857,859,860,861,862,863,864,865,866,867,868,869,870,871,872,873,874,875,876,877,878,879,880,881,882,884,886,888,889,890,893,896,898,899,900,901,902,903,904,905,906,907,908,909,910,911,912,919,926,927,928,929,930,931,932,933,934,935,936,937,938,939,940,941,942,949,960,961,962,963,964,965,966,967,968,969,970,971,972,973,974,975,976,977,978,979,980,981,982,983,984,985,986,988,989,990,991,1013,1014,1015,1016,1017,1018,1019,1020,1021,1023,1024,1025,1026,1027,1029,1030,1031,1032,1033,1034,1036,1037,1038,1039,1042,1043,1048,1049,1050,1052,1053,1054,1056,1057,1058,1059,1060,1062,1063,1064,1066,1067,1068,1070,1071,1092,1093,1094,1095,1096,1097,1098,1099,1100,1101,1102,1103,1104,1105,1106,1107,1108,1109,1110,1111,1112,1113,1114,1115,1116,1117,1118,1119,1120,1121,1122,1123,1124,1125,1126,1127,1128,1129,1130,1131,1132,1133,1134,1135,1136,1137,1138,1139,1140,1141,1142,1143,1144,1145,1146,1147,1148,1149,1150,1151,1152,1153,1154,1155,1156,1157,1158,1159,1160,1161,1162,1163,1164,1165,1166,1167,1168,1169,1170,1171,1172,1173,1174,1175,1176,1177,1178,1179,1180,1181,1182,1183,1184,1185,1186,1187,1188,1189,1190,1191,1192,1193,1194,1195,1196,1197,1198,1199,1200,1201,1202,1203,1204,1205,1206,1207,1208,1209,1210,1211,1212,1213,1214,1215,1216,1217,1218,1219,1220,1221,1222,1223,1224,1225,1226,1227,1228,1229,1230,1231,1232,1233,1234,1235,1236,1237,1238,1239,1240,1241,1242,1243,1244,1245,1246,1247,1254,1255,1256,1257,1258,1263,1264,1265,1266,1267,1268,1269,1274,1275,1276,1277,1278,1279,1280,1281,1282,1283,1284,1285,1286,1287,1288,1289,1290,1291,1292,1293,1294,1295,1296,1297,1298,1299,1300,1301,1302,1303,1304,1305,1306,1307,1308,1309,1310,1311,1312,1313,1314,1315,1316,1317,1318,1319,1320,1321,1322,1323,1324,1325,1326,1327,1328,1329,1330,1331,1332,1333,1334,1335,1336,1337,1338,1339,1340,1341,1342,1343,1344,1345,1346,1347,1348,1349,1350,1351,1352,1353,1354,1355,1356,1357,1358,1359,1360,1361,1362,1363,1364,1365,1366,1367,1368,1369,1370,1371,1372,1373,1374,1375,1376,1377,1378,1379,1380,1381,1382,1383,1384,1385,1386,1387,1388,1389,1390,1391,1392,1393,1394,1395,1396,1397,1398,1399,1400,1401,1402,1403,1404,1405,1406,1407,1408,1409,1411,1412,1413,1415,1416,1417,1418,1419,1420,1421,1423,1424,1425,1426,1428,1430,1431,1432,1433,1434,1435,1436,1437,1438,1439,1440,1441,1442,1443,1444,1445,1446,1447,1448,1449,1450,1451,1452,1453,1454,1455,1456,1457,1458,1459,1460,1461,1462,1463,1464,1465,1466,1467,1468,1469,1470,1471,1472,1473,1474,1475,1476,1477,1478,1479,1480,1481,1482,1483,1484,1485,1486,1487,1488,1489,1490,1491,1492,1493,1494,1495,1496,1497,1498,1499,1500,1501,1502,1503,1504,1505,1506,1507,1508,1509,1510,1511,1512,1513,1514,1515,1516,1517,1518,1519,1520,1521,1522,1523,1524,1525,1526,1527,1528,1529,1530,1531,1532,1533,1534,1535,1536,1537,1538,1539,1540,1541,1542,1543,1544,1545,1546,1547,1548,1549,1550,1551,1552,1553,1554,1555,1556,1557,1558,1559,1560,1561,1562,1563,1564,1565,1566,1567,1568,1569,1570,1571,1572,1573,1574,1575,1576,1577,1578,1579,1580,1581,1582,1583,1584,1585,1586,1587,1588,1589,1590,1591,1592,1593,1594,1595,1596,1597,1598,1599,1600,1601,1602,1603,1604,1605,1606,1607,1608,1609,1610,1611,1612,1613,1614,1615,1616,1617,1618,1619,1621,1622,1623,1624,1625,1626,1627,1628,1629,1630,1631,1633,1634,1635,1636,1637,1638,1639,1640,1641,1642,1643,1644,1645,1646,1647,1648,1649,1650,1651,1652,1653,1654,1655,1656,1657,1658,1659,1660,1661,1662,1663,1664,1665,1666,1668,1669,1670,1672,1673,1674,1675,1676,1677,1678,1679,1680,1681,1682,1683,1684,1685,1687,1688,1689,1690,1691,1692,1694,1695,1696,1697,1698,1700,1701,1702,1703,1704,1706,1707,1708,1709,1710,1712,1713,1714,1715,1717,1718,1719,1720,1721,1722,1723,1724,1725,1726,1727,1728,1729,1730,1731,1732,1733,1734,1735,1736,1737,1739,1740,1741,1742,1743,1744,1745,1746,1747,1748,1749,1750,1751,1752,1753,1755,1756,1757,1759,1760,1761,1762,1763,1764,1765,1766,1767,1768,1769,1770,1771,1772,1773,1774,1775,1776,1777,1778,1779,1780,1781,1782,1783,1784,1785,1786,1787,1788,1789,1790,1791,1792,1793,1794,1795,1796,1797,1798,1799,1800,1801,1802,1803,1804,1805,1806,1807,1808,1809,1810,1812,1813,1814,1815,1816,1817,1818,1819,1820,1821,1822,1823,1824,1825,1826,1828,1829,1830,1832,1833,1834,1835,1836,1837,1838,1839,1840,1841,1842,1843,1844,1846,1847,1848,1849,1850,1851,1852,1853,1854,1855,1856,1857,1858,1859,1860,1861,1862,1863,1864,1865,1866,1867,1868,1869,1870,1872,1873,1874,1875,1876,1877,1878,1879,1880,1881,1882,1883,1884,1886,1887,1888,1889,1891,1892,1893,1894,1895,1896,1897,1898,1899,1900,1901,1902,1903,1904,1905,1906,1907,1908,1909,1910,1911,1912,1913,1914,1915,1916,1917,1921,1922,1923,1924,1925,1927,1928,1929,1930,1931,1932,1933,1934,1935,1936,1937,1938,1939,1940,1941,1942,1943,1944,1945,1946,1947,1948,1949,1950,1951,1952,1953,1954,1955,1956,1957,1958,1959,1960,1961,1962,1963,1964,1965,1966,1967,1968,1969,1970,1971,1972,1973,1974,1975,1976,1977,1978,1979,1981,1982,1983,1984,1985,1986,1987,1988,1989,1990,1991,1992,1993,1994,1995,1996,1997,1998,1999,2000,2001,2002,2003,2004,2005,2006,2007,2008,2009,2010,2011,2012,2013,2014,2015,2016,2017,2019,2020,2021,2022,2023,2024,2025,2026,2027,2028,2030,2031,2033,2034,2035,2036,2038,2039,2040,2041,2042,2043,2044,2045,2046,2047,2048,2049,2050,2051,2052,2053,2054,2055,2056,2057,2058,2059,2060,2061,2062,2063,2064,2065,2066,2067,2068,2069,2070,2071,2072,2073,2074,2075,2076,2077,2078,2079,2080,2081,2082,2083,2091,2092,2093,2094,2095,2096,2098,2099,2100,2101,2102,2103,2104,2105,2106,2107,2108,2110,2111,2112,2114,2115,2116,2117,2118,2119,2120,2121,2122,2123,2124,2125,2126,2127,2128,2129,2130,2131,2132,2133,2135,2136,2137,2138,2139,2140,2141,2142,2143,2144,2145,2146,2147,2149,2150,2151,2152,2153,2154,2155,2156,2157,2158,2159,2160,2161,2162,2163,2165,2166,2167,2168,2169,2170,2172,2173,2174,2176,2177,2178,2179,2180,2181,2183,2184,2185,2186,2187,2188,2189,2190,2191,2192,2193,2194,2195,2196,2197,2198,2199,2200,2201,2202,2203,2204,2205,2206,2207,2208,2209,2210,2211,2212,2213,2214,2215,2216,2217,2218,2219,2220,2221,2222,2223,2224,2225,2226,2227,2228,2229,2230,2231,2232,2233,2234,2235,2236,2237,2238,2239,2240,2241,2242,2243,2244,2245,2246,2247,2248,2249,2250,2251,2252,2253,2254,2255,2256,2257,2258,2259,2261,2262,2263,2264,2265,2266,2267,2268,2269,2270,2271,2272,2273,2274,2275,2276,2278,2279,2281,2282,2283,2284,2286,2287,2288,2289,2290,2291,2292,2293,2294,2295,2296,2297,2298,2299,2300,2301,2302,2303,2304,2305,2306,2307,2308,2309,2310,2311,2312,2313,2314,2315,2316,2317,2318,2319,2320,2321,2322,2323,2324,2325,2326,2327,2328,2329,2330,2331,2332,2333,2334,2335,2336,2337,2338,2339,2340,2341,2342,2343,2344,2345,2346,2347,2348,2349,2350,2351,2352,2353,2354,2355,2356,2357,2358,2359,2360,2361,2362,2363,2365,2366,2367,2368,2369,2370,2371,2372,2373,2374,2375,2376,2377,2378,2379,2380,2381,2382,2383,2384,2385,2386,2387,2388,2389,2391,2392,2393,2394,2447,2448,2449,2450,2451,2452,2453,2454,2455,2456,2457,2458,2459,2460,2461,2462,2463,2464,2465,2466,2467,2468,2469,2470,2471,2472,2473,2474,2475,2476,2477,2478,2479,2480,2481,2482,2483,2484,2485,2486,2487,2488,2489,2490,2491,2492,2493,2494,2495,2496,2497,2498,2499,2500,2501,2502,2503,2504,2505,2506,2507,2508,2509,2510,2511,2512,2513,2514,2515,2516,2517,2518,2519,2520,2546,2547,2548,2549,2550,2551,2552,2553,2554,2555,2556,2557,2558,2559,2560,2561,2562,2563,2564,2565,2566,2567,2568,2569,2570,2571,2572,2573,2574,2575,2576,2577,2578,2579,2580,2581,2582,2583,2584,2585,2586,2587,2588,2631,2632,2633,2634,2635,2636,2637,2638,2643,2644,2645,2646,2647,2648,2649,2650,2651,2652,2653,2654,2655,2656,2657,2658,2659,2660,2661,2662,2663,2664,2665,2666,2667,2668,2669,2670,2671,2672,2673,2674,2675,2676,2677,2678,2679,2680,2681,2682,2683,2684,2685,2686,2687,2688,2689,2690,2691,2692,2693,2694,2695,2696,2697,2698,2699,2700,2701,2702,2703,2704,2705,2706,2707,2708,2709,2710,2711,2712,2713,2714,2715,2716,2717,2718,2719,2720,2721,2722,2723,2724,2725,2726,2727,2728,2729,2730,2731,2732,2733,2734,2735,2736,2737,2738,2739,2740,2741,2742,2743,2744,2745,2746,2747,2748,2749,2750,2751,2752,2753,2754,2755,2756,2757,2758,2759,2760,2761,2762,2763,2764,2765,2766,2767,2768,2769,2770,2771,2772,2773,2774,2775,2776,2777,2778,2779,2780,2781,2782,2783,2784,2785,2786,2787,2788,2789,2790,2791,2792,2793,2794,2795,2796,2797,2798,2799,2800,2801,2802,2803,2804,2805,2806,2807,2808,2809,2810,2811,2812,2813,2814,2815,2816,2817,2818,2819,2820,2821,2822,2823,2824,2825,2826,2827,2828,2829,2830,2831,2832,2833,2834,2836,2837,2838,2839,2840,2841,2843,2844,2845,2846,2847,2848,2849,2850,2851,2852,2854,2855,2856,2857,2858,2859,2860,2861,2862,2863,2864,2865,2866,2867,2868,2869,2870,2871,2872,2873,2874,2875,2876,2877,2878,2879,2880,2881,2882,2883,2884,2885,2886,2887,2888,2889,2890,2891,2892,2893,2894,2895,2896,2897,2898,2899,2900,2901,2902,2903,2904,2905,2906,2907,2908,2909,2910,2911,2912,2913,2914,2915,2916,2917,2918,2919,2920,2921,2922,2923,2924,2925,2926,2927,2928,2929,2930,2931,2932,2933,2934,2935,2936,2937,2938,2939,2940,2941,2942,2943,2944,2945,2946,2947,2948,2949,2950,2951,2952,2953,2954,2955,2956,2957,2958,2959,2960,2961,2962,2963,2964,2965,2966,2967,2968,2969,2970,2971,2972,2973,2974,2975,2976,2977,2978,2979,2980,2981,2982,2983,2984,2985,2986,2987,2988,2989,2991,2992,2993,2994,2995,2996,2997,2998,2999,3000,3001,3002,3003,3004,3005,3006,3007,3008,3009,3010,3011,3012,3018,3019,3020,3021,3022,3023,3024,3025,3026,3027,3028,3029,3030,3031,3032,3033,3034,3035,3036,3037,3038,3039,3040,3041,3042,3043,3044,3045,3046,3047,3048,3049,3050,3052,3053,3054,3055,3056,3057,3058,3059,3060,3061,3062,3063,3064,3065,3067,3068,3069,3070,3426,3427,3428,3586,3587,3588,3589,3590,3591,3592,3593,3594,3595,3596,3597,3598,3599,3600,3601,3602,3603,3604,3605,3610,3611,3612,3613,3614,3615,3616,3617,3618,3619,3620,3621,3622,3623,3624,3625,3626,3627,3628,3629,3630,3631,3632,3633,3634,3635,3636,3637,3638,3639,3640,3641,3642,3643,3644,3645,3646,3647,3648,3649,3650,3651,3652,3653,3654,3655,3656,3657,3658,3680,3681,3682,3683,3684,3685,3686,3688,3690,3692,3693,3694,3695,3696,3697,3698,3699,3700,3701,3702,3703,3704,3705,3706,3707,3708,3709,3710,3711,3712,3713,3714,3715,3716,3717,3718,3719,3720,3721,3722,3723,3724,3725,3726,3727,3728,3729,3730,3731,3732,3733,3734,3735,3736,3737,3738,3739,3740,3741,3742,3743,3744,3745,3746,3747,3748,3749,3750,3751,3752,3753,3754,3755,3756,3757,3758,3759,3760,3761,3762,3763,3764,3765,3766,3767,3768,3769,3770,3771,3772,3773,3774,3775,5017,5018,5019,5218,5219,5220,5221,5222,5223,5224,5225,5226,5227,5228,5229,5230,5231,5232,5233,5234,5235,5236,5237,5238,5239,5240,5241,5242,5243,5244,5245,5246,5247,5248,5249,5250,5251,5252,5253,5254,5255,5256,5257,5258,5259,5260,5261,5262,5263,5264,5265,5266,5267,5268,5269,5270,5271,5272,5273,5274,5275,5276,5277,5278,5279,5280,5281,5282,5283,5284,5285,5286,5287,5288,5289,5290,5291,5292,5293,5294,5295,5296,5297,5298,5299,5300,5301,5302,5303,5304,5305,5306,5307,5308,5309,5310,5311,5312,5313,5314,5315,5316,5317,5318,5319,5320,5321,5322,5323,5324,5325,5326,5327,5328,5329,5330,5331,5332,5334,5335,5336,5337,5338,5339,5340,5341,5342,5343,5344,5345,5346,5347,5348,5349,5350,5351,5352,5353,5354,5355,5356,5357,5358,5359,5360,5361,5368,5369,5370,5371,5372,5373,5374,5375,5377,5378,5379,5380,5381,5382,5383,5384,5385,5386,5388,5389,5390,5391,5392,5393,5394,5395,5396,5397,5398,5399,5400,5401,5402,5403,5404,5405,5406,5407,5409,5411,5413,5414,5415,5416,5417,5418,5419,5420,5421,5422,5423,5424,5425,5426,5427,5428,5430,5431,5432,5433,5434,5435,5437,5439,5440,5441,5442,5443,5444,5445,5446,5447,5448,5449,5450,5451,5452,5453,5454,5455,5456,5457,5458,5460,5461,5462,5464,5465,5467,5468,5469,5470,5471,5472,5473,5474,5475,5476,5477,5478,5479,5480,5481,5482,5483,5484,5485,5486,5487,5488,5489,5490,5491,5492,5493,5494,5495,5496,5497,5498,5499,5500,5501,5502,5503,5504,5505,5506,5507,5508,5509,5511,5512,5513,5514,5515,5516,5523,5524,5525,5526,5527,5528,5529,5530,5531,5532,5533,5534,5535,5536,5537,5538,5539,5540,5541,5542,5543,5544,5545,5546,5547,5548,5549,5550,5551,5552,5553,5554,5555,5556,5557,5558,5559,5566,5567,5568,5569,5570,5571,5572,5573,5574,5575,5576,5577,5578,5579,5580,5581,5582,5583,5584,5585,5586,5587,5588,5589,5590,5591,5592,5593,5594,5595,5596,5597,5598,5599,5600,5601,5602,5603,5604,5605,5606,5607,5608,5609,5610,5611,5612,5613,5614,5615,5616,5617,5618,5619,5620,5621,5622,5623,5624,5625,5626,5627,5628,5629,5631,5632,5633,5634,5635,5636,5637,5638,5639,5640,5641,5642,5643,5644,5645,5646,5647,5648,5649,5650,5651,5652,5653,5654,5655,5656,5657,5658,5659,5660,5661,5662,5663,5664,5665,5666,5667,5668,5669,5670,5671,5672,5673,5674,5675,5676,5677,5678,5679,5681,5682,5683,5684,5685,5686,5687,5688,5689,5690,5691,5692,5693,5694,5695,5696,5697,5698,5699,5700,5701,5702,5703,5704,5705,5706,5707,5708,5709,5710,5711,5712,5713,5714,5715,5717,5718,5719,5720,5721,5722,5723,5724,5725,5726,5727,5728,5729,5730,5731,5732,5733,5734,5735,5736,5737,5738,5740,5741,5742,5743,5747,5748,5749,5750,5751,5752,5753,5754,5755,5757,5758,5759,5763,5764,5765,5766,5767,5768,5769,5771,5772,5773,5774,5775,5776,5777,5778,5779,5780,5781,5782,5783,5784,5785,5786,5787,5788,5789,5790,5791,5792,5794,5795,5796,5797,5798,5799,5800,5801,5802,5803,5804,5805,5806,5807,5808,5809,5810,5812,5813,5814,5815,5816,5817,5818,5819,5820,5821,5822,5823,5824,5825,5826,5827,5828,5829,5830,5831,5832,5833,5834,5835,5836,5837,5838,5839,5840,5841,5842,5843,5844,5845,5846,5847,5848,5849,5850,5851,5852,5853,5854,5855,5856,5857,5858,5859,5861,5862,5863,5864,5887,5888,5889,5890,5891,5892,5893,5894,5895,5896,5897,5899,5900,5901,5903,5904,5905,5911,5912,5913,5914,5915,5916,5917,5918,5919,5920,5921,5922,5923,5924,5925,5926,5927,5928,5929,5930,5931,5932,5933,5934,5935,5936,5937,5938,5939,5940,5941,5942,5943,5944,5945,5946,5947,5948,5949,5950,5951,5952,5953,5954,5955,5956,5957,5958,5959,5960,5961,5962,5963,5964,5965,5967,5968,5969,5970,5971,5972,5973,5974,5975,5976,5977,5978,5979,5980,5981,5982,5983,5984,5994,5995,5996,5997,5998,5999,6001,6002,6003,6011,6013,6014,6015,6016,6017,6018,6019,6020,6021,6022,6023,6024,6025,6026,6027,6028,6029,6030,6031,6032,6034,6035,6036,6037,6038,6040,6041,6042,6043,6044,6045,6046,6047,6049,6050,6051,6052,6056,6057,6059,6060,6061,6062,6063,6064,6065,6066,6087,6088,6089,6090,6092,6093,6094,6095,6096,6097,6098,6099,6100,6101,6102,6103,6104,6105,6106,6107,6108,6109,6110,6111,6112,6113,6114,6115,6116,6117,6118,6119,6120,6121,6122,6123,6124,6126,6127,6128,6129,6267,6268,6269,6270,6271,6272,6273,6274,6275,6276,6277,6278,6279,6280,6281,6282,6283,6284,6285,6286,6287,6288,6289,6290,6291,6292,6293,6294,6295,6296,6297,6298,6299,6300,6301,6302,6304,6305,6306,6307,6308,6309,6312,6313,6314,6315,6316,6317,6318,6322,6323,6331,6332,6333,6334,6335,6336,6337,6338,6339,6341,6342,6343,6344,6652,6653,6654,6655,6656,6657,6658,6659,6660,6661,6662,6663,6664,6665,6666,6667,6668,6669,6670,6671,6672,6673,6674,6675,6676,6677,6678,6679,6680,6681,6682,6683,6684,6685,6686,6687,6688,6689,6690,6691,6692,6693,6736,6737,6738,6739,6740,6741,6742,6743,6744,6745,6746,6747,6748,6749,6750,6751,6752,6753,6754,6755,6756,6757,6758,6759,6765,6766,6767,6768,6769,6770,6771,6772,6773,6774,6775,6776,6777,6778,6779,6780,6781,6782,6783,6784,6785,6786,6787,6788,6789,6790,6791,6792,6793,6794,6795,6796,6797,6798,6799,6800,6801,6802,6803,6804,6805,6806,6807,6808,6809,6810,6811,6812,6813,6814,6815,6816,6817,6818,6819,6820,6821,6822,6823,6824,6825,6826,6827,6828,6835,6836,6837,6838,6839,6840,6925,6926,6927,6928,6929,6930,6931,6932,6933,6934,6935,6937,6938,6939,6940,6941,6943,6944,6945,6946,6947,6948,6949,6950,6951,6952,6953,6954,6955,6956,6957,6958,6959,6960,6975,6976,6977,6979,6980,6981,6982,6983,6985,6986,6987,6988,6989,6990,6991,6992,6993,6994,6995,6996,6997,6998,6999,7000,7001,7002,7003,7004,7005,7006,7007,7008,7009,7010,7011,7012,7013,7014,7015,7016,7017,7018,7019,7020,7021,7022,7023,7024,7025,7026,7027,7028,7029,7030,7031,7032,7033,7034,7035,7036,7037,7038,7039,7040,7041,7042,7043,7044,7046,7047,7048,7049,7050,7051,7052,7053,7054,7055,7056,7057,7058,7059,7060,7061,7062,7063,7064,7065,7066,7067,7068,7070,7071,7072,7073,7074,7075,7076,7077,7078,7079,7080,7081,7083,7084,7085,7086,7328,7329,7330,7331,7332,7333,7334,7335,7336,7344,7345,7346,7347,7348,7349,7350,7351,7352,7353,7354,7356,7357,7358,7359,7360,7361,7363,7364,7365,7366,7384,7385,7386,7387,7388,7389,7390,7391,7392,7393,7394,7395,7396,7397,7398,7399,7400,7401,7402,7403,7404,7405,7406,7407,7408,7409,7410,7411,7412,7413,7414,7415,7416,7417,7418,7419,7420,7421,7422,7423,7424,7425,7426,7427,7428,7429,7430,7431,7432,7433,7434,7435,7436,7437,7438,7439,7440,7441,7442,7443,7444,7445,7446,7447,7448,7449,7450,7451,7452,7453,7454,7455,7456,7457,7458,7459,7460,7461,7462,7463,7464,7465,7466,7467,7468,7469,7470,7471,7472,7473,7474,7475,7476,7477,7478,7479,7480,7481,7502,7503,7504,7505,7506,7507,7508,7509,7510,7511,7523,7524,7525,7526,7527,7528,7545,7546,7547,7592,7593"
bc.txt,ENABLE_BC&&ENABLE_FEATURE_BC_LONG_OPTIONS,2,8,"7102,7103,7104,7105,7106,7107,7108,7109"
bc.txt,ENABLE_BC&&!(ULONG_MAX>4294967295),2,7,"641,642,643,644,645,646,647"
bc.txt,!(!ENABLE_BC&&!ENABLE_FEATURE_DC_BIG)&&0,2,5,"3013,3014,3015,3016,3017"
bc.txt,!(!ENABLE_BC&&!ENABLE_FEATURE_DC_BIG)&&ENABLE_BC,2,4,"849,850,851,852"
bc.txt,!(!ENABLE_BC&&!ENABLE_FEATURE_DC_BIG)&&!1,2,4,"3606,3607,3608,3609"
bc.txt,ENABLE_BC&&(ULONG_MAX>4294967295),2,2,"638,639"
bc.txt,!ENABLE_BC&&ENABLE_FEATURE_DC_BIG,2,2,"3691,6012"
bc.txt,!ENABLE_BC&&!ENABLE_FEATURE_DC_BIG,2,1,208
bc.txt,ENABLE_BC&&ENABLE_DC,2,1,3687
bc.txt,ENABLE_BC&&!ENABLE_DC,2,1,3689
bc.txt,ENABLE_BC&&!ENABLE_FEATURE_BC_LONG_OPTIONS,2,1,7111
bitops.txt,!(__SSE__)&&(LONG_MAX<=9223372036854775807),2,3,"53,54,57"
bitops.txt,!(__SSE__)&&(LONG_MAX<=9223372036854775807)&&(LONG_MAX==2147483647),2,2,"55,56"
bootchartd.txt,(__linux__)&&!(MS_SILENT),2,1,56
bootchartd.txt,(__linux__)&&!(MNT_DETACH),2,1,59
bootchartd.txt,!ENABLE_TAR&&!ENABLE_WERROR,2,1,64
bootchartd.txt,!ENABLE_FEATURE_SEAMLESS_GZ&&!ENABLE_WERROR,2,1,66
brctl.txt,!ENABLE_FEATURE_BRCTL_FANCY&&ENABLE_FEATURE_BRCTL_SHOW||ENABLE_FEATURE_BRCTL_FANCY,2,12,"111,112,113,114,115,116,117,118,119,120,121,122"
brctl.txt,ENABLE_FEATURE_BRCTL_FANCY&&(IFNAMSIZ==16),2,4,"191,233,327,402"
brctl.txt,ENABLE_FEATURE_BRCTL_FANCY&&!(IFNAMSIZ==16),2,4,"193,235,329,404"
brctl.txt,ENABLE_FEATURE_BRCTL_SHOW&&(IFNAMSIZ==16),2,1,141
brctl.txt,ENABLE_FEATURE_BRCTL_SHOW&&!(IFNAMSIZ==16),2,1,143
cat.txt,ENABLE_FEATURE_CATV&&ENABLE_FEATURE_CATN,2,7,"115,116,117,118,150,151,152"
cat.txt,!ENABLE_FEATURE_CATV&&ENABLE_FEATURE_CATN||ENABLE_FEATURE_CATV,2,3,"172,173,174"
chat.txt,ENABLE_FEATURE_CHAT_VAR_ABORT_LEN&&ENABLE_FEATURE_CHAT_CLR_ABORT,2,4,"274,278,285,286"
chown.txt,ENABLE_FEATURE_CHOWN_LONG_OPTIONS&&ENABLE_DESKTOP,2,4,"89,90,91,92"
chpst.txt,!(RLIMIT_VMEM)&&!(RLIMIT_AS),2,3,"381,382,383"
chpst.txt,!(RLIMIT_NOFILE)&&!(RLIMIT_OFILE),2,3,"394,395,396"
chpst.txt,!(RLIMIT_VMEM)&&(RLIMIT_AS),2,1,379
chpst.txt,!(RLIMIT_NOFILE)&&(RLIMIT_OFILE),2,1,392
chrt.txt,(__linux__)&&(__NEED_fsblkcnt_t)&&(__NEED_fsfilcnt_t),3,9,"47,48,155,156,157,158,159,180,204"
chrt.txt,!(__linux__)||(__linux__)&&!(__NEED_fsblkcnt_t)||(__linux__)&&(__NEED_fsblkcnt_t)&&!(__NEED_fsfilcnt_t),3,3,"161,182,206"
chrt.txt,!((__linux__)&&(__NEED_fsblkcnt_t)&&(__NEED_fsfilcnt_t)),3,1,50
common.txt,ENABLE_FEATURE_UDHCP_RFC3397&&!ENABLE_UDHCPC&&ENABLE_UDHCPD||ENABLE_FEATURE_UDHCP_RFC3397&&ENABLE_UDHCPC,3,6,"61,62,130,131,132,133"
common.txt,!ENABLE_UDHCPC&&ENABLE_UDHCPD&&ENABLE_FEATURE_UDHCP_8021Q||ENABLE_UDHCPC&&ENABLE_FEATURE_UDHCP_8021Q,3,4,"66,67,137,138"
common.txt,!ENABLE_UDHCPC&&ENABLE_UDHCPD||ENABLE_UDHCPC,2,142,"18,19,20,21,22,23,24,25,26,27,28,29,30,31,32,33,34,35,36,37,38,39,40,41,42,43,44,45,46,47,48,49,50,51,52,53,54,55,56,57,58,59,60,63,64,65,68,69,70,71,72,73,74,75,76,77,78,79,80,81,82,83,84,85,86,87,88,89,90,91,92,93,94,95,96,97,98,99,100,101,102,103,104,105,106,107,108,109,110,111,112,113,114,115,116,117,118,119,120,121,122,123,124,125,126,127,128,129,134,135,136,139,140,141,142,143,144,145,146,389,390,391,392,393,394,395,396,397,398,399,400,401,402,403,404,405,406,407,408,409,410,411"
common_bufsiz.txt,ENABLE_FEATURE_USE_BSS_TAIL&&(setup_common_bufsiz)&&!(bb_common_bufsiz1),3,2,"79,80"
common_bufsiz.txt,ENABLE_FEATURE_USE_BSS_TAIL&&!(setup_common_bufsiz),2,19,"58,59,60,61,62,63,64,65,66,67,68,69,70,71,72,73,74,75,76"
concat_path_file.txt,0&&!((_DIRENT_HAVE_D_NAMLEN)||(_DIRENT_HAVE_D_RECLEN)),2,1,79
cp.txt,ENABLE_FEATURE_CP_LONG_OPTIONS&&ENABLE_FEATURE_CP_REFLINK,2,12,"131,160,164,168,169,170,171,172,173,174,175,176"
cpio.txt,ENABLE_FEATURE_CPIO_O&&ENABLE_LONG_OPTS&&ENABLE_FEATURE_CPIO_P,3,1,426
cpio.txt,ENABLE_FEATURE_CPIO_O&&ENABLE_FEATURE_CPIO_RENUMBER_INODES,2,8,"235,292,293,314,315,316,326,327"
cpio.txt,ENABLE_FEATURE_CPIO_O&&!BB_MMU,2,7,"497,498,499,500,501,502,503"
cpio.txt,ENABLE_FEATURE_CPIO_O&&ENABLE_LONG_OPTS,2,4,"423,424,425,427"
cpio.txt,ENABLE_FEATURE_CPIO_O&&ENABLE_FEATURE_CPIO_IGNORE_DEVNO,2,2,"349,350"
cpio.txt,ENABLE_FEATURE_CPIO_IGNORE_DEVNO&&ENABLE_LONG_OPTS,2,1,436
cpio.txt,ENABLE_FEATURE_CPIO_RENUMBER_INODES&&ENABLE_LONG_OPTS,2,1,439
cpio.txt,ENABLE_FEATURE_CPIO_O&&BB_MMU,2,1,505
cttyhack.txt,!(__linux__)&&!(TIOCGSERIAL)&&!ENABLE_WERROR,3,1,69
data_extract_all.txt,ENABLE_FEATURE_TAR_LONG_OPTIONS&&ENABLE_FEATURE_PATH_TRAVERSAL_PROTECTION,2,1,71
data_extract_all.txt,!ENABLE_FEATURE_TAR_LONG_OPTIONS&&ENABLE_FEATURE_PATH_TRAVERSAL_PROTECTION,2,1,73
dd.txt,ENABLE_FEATURE_DD_IBS_OBS&&(O_DIRECT),2,17,"204,205,206,207,208,209,210,211,212,213,214,231,232,247,248,506,526"
dd.txt,ENABLE_FEATURE_DD_THIRD_STATUS_LINE&&ENABLE_FEATURE_DD_STATUS,2,5,"174,175,176,177,178"
dd.txt,ENABLE_FEATURE_DD_IBS_OBS&&!(O_DIRECT),2,2,"508,528"
decompress_unxz.txt,!(get_unaligned_le32)||!(get_unaligned_be32)||!(put_unaligned_le32)||!(put_unaligned_be32),4,4,"35,36,37,38"
devfsd.txt,!ENABLE_DEVFSD_VERBOSE&&ENABLE_DEBUG||ENABLE_DEVFSD_VERBOSE,2,19,"551,599,701,734,748,793,812,912,1005,1167,1183,1202,1652,1672,1697,1753,1781,1804,1844"
devfsd.txt,ENABLE_DEVFSD_VERBOSE||ENABLE_DEBUG,2,8,"344,345,346,347,348,349,350,351"
devfsd.txt,!(ENABLE_DEVFSD_VERBOSE||ENABLE_DEBUG),2,8,"353,354,355,356,357,358,359,360"
devfsd.txt,DEVFSD_PROTOCOL_REVISION_KERNEL!=DEVFSD_PROTOCOL_REVISION_DAEMON,2,1,210
df.txt,ENABLE_FEATURE_HUMAN_READABLE&&ENABLE_FEATURE_DF_FANCY,2,1,151
df.txt,ENABLE_FEATURE_HUMAN_READABLE&&!ENABLE_FEATURE_DF_FANCY,2,1,153
dhcpd.txt,ENABLE_FEATURE_UDHCPD_BOOTP&&(CONFIG_UDHCP_DEBUG)&&(CONFIG_UDHCP_DEBUG>=1),2,1,1140
du.txt,ENABLE_FEATURE_HUMAN_READABLE&&ENABLE_DESKTOP,2,9,"114,115,116,117,118,119,120,121,122"
du.txt,!ENABLE_FEATURE_HUMAN_READABLE&&!ENABLE_FEATURE_DU_DEFAULT_BLOCKSIZE_1K,2,3,"275,276,277"
dump.txt,!(__i386__)&&(__x86_64__)||(__i386__),2,15,"498,499,500,501,502,503,504,505,506,507,508,509,510,511,512"
dump.txt,!(((__i386__)||(__x86_64__))||1),2,7,"519,520,521,522,523,524,525"
dump.txt,!(__i386__)&&!(__x86_64__),2,4,"514,515,516,517"
duration.txt,ENABLE_FLOAT_DURATION&&ENABLE_LOCALE_SUPPORT,2,5,"44,45,46,47,48"
echo.txt,ENABLE_FEATURE_FANCY_ECHO&&(VERSION_WITH_WRITEV),2,33,"264,265,266,267,268,269,270,271,272,273,274,275,276,277,278,279,280,281,282,283,284,285,286,287,288,289,290,291,292,293,294,295,296"
echo.txt,!ENABLE_FEATURE_FANCY_ECHO&&(VERSION_WITH_WRITEV),2,7,"256,257,258,259,260,261,262"
ether-wake.txt,(DEBUG)&&!(__UCLIBC__)||(DEBUG)&&(__UCLIBC__)&&(UCLIBC_VERSION>=KERNEL_VERSION),4,1,135
ether-wake.txt,!(__UCLIBC__)||(__UCLIBC__)&&(UCLIBC_VERSION>=KERNEL_VERSION),3,1,134
ether-wake.txt,(DEBUG)&&(__linux__),2,7,"244,245,246,247,248,249,250"
expand.txt,ENABLE_UNICODE_SUPPORT&&ENABLE_UNEXPAND,2,6,"170,171,172,173,174,175"
expand.txt,ENABLE_EXPAND&&ENABLE_UNICODE_SUPPORT,2,1,114
expand.txt,ENABLE_EXPAND&&!ENABLE_UNICODE_SUPPORT,2,1,116
expand.txt,!ENABLE_UNICODE_SUPPORT&&ENABLE_UNEXPAND,2,1,177
factor.txt,!(ULLONG_MAX==((UINT_MAX*UINT_MAX)+(2*UINT_MAX)))&&(ULLONG_MAX==((ULONG_MAX*ULONG_MAX)+(2*ULONG_MAX))),3,4,"38,39,40,41"
factor.txt,!((ULLONG_MAX==(UINT_MAX*UINT_MAX+2*UINT_MAX))||(ULLONG_MAX==(ULONG_MAX*ULONG_MAX+2*ULONG_MAX))),3,1,43
factor.txt,(ULLONG_MAX==((UINT_MAX*UINT_MAX)+(2*UINT_MAX))),2,4,"33,34,35,36"
fdisk.txt,ENABLE_FEATURE_FDISK_WRITABLE&&((((0|ENABLE_FEATURE_AIX_LABEL)|ENABLE_FEATURE_SGI_LABEL)|ENABLE_FEATURE_OSF_LABEL)|ENABLE_FEATURE_GPT_LABEL),5,7,"1552,1553,1554,1555,1556,1557,1558"
fdisk.txt,ENABLE_FEATURE_FDISK_WRITABLE&&!((((0|ENABLE_FEATURE_AIX_LABEL)|ENABLE_FEATURE_SGI_LABEL)|ENABLE_FEATURE_OSF_LABEL)|ENABLE_FEATURE_GPT_LABEL),5,1,1560
fdisk.txt,!ENABLE_FEATURE_FDISK_WRITABLE&&!ENABLE_FEATURE_SGI_LABEL&&ENABLE_FEATURE_SUN_LABEL||!ENABLE_FEATURE_FDISK_WRITABLE&&ENABLE_FEATURE_SGI_LABEL||ENABLE_FEATURE_FDISK_WRITABLE,3,9,"201,202,203,204,205,206,207,208,209"
fdisk.txt,!((UINT_MAX==0xffffffff)||(ULONG_MAX==0xffffffff)),3,1,180
fdisk.txt,!ENABLE_FEATURE_SGI_LABEL&&ENABLE_FEATURE_SUN_LABEL||ENABLE_FEATURE_SGI_LABEL,2,14,"822,823,824,825,826,827,828,829,830,831,832,833,834,835"
fdisk.txt,ENABLE_FEATURE_FDISK_WRITABLE&&ENABLE_FEATURE_SGI_LABEL,2,11,"1957,1958,1959,1960,1961,1962,1963,1964,1965,1966,1967"
fdisk.txt,ENABLE_FEATURE_FDISK_WRITABLE&&ENABLE_FEATURE_FDISK_ADVANCED,2,9,"962,1004,3259,3260,3261,3262,3263,3264,3265"
fdisk.txt,ENABLE_FEATURE_FDISK_WRITABLE&&ENABLE_FEATURE_SUN_LABEL,2,6,"1950,1951,1952,1953,1954,3243"
fdisk.txt,!ENABLE_FEATURE_SGI_LABEL&&ENABLE_FEATURE_OSF_LABEL||ENABLE_FEATURE_SGI_LABEL,2,5,"650,651,652,653,654"
fdisk.txt,!ENABLE_FEATURE_FDISK_WRITABLE&&!ENABLE_FEATURE_SUN_LABEL,2,3,"317,1455,1456"
fdisk.txt,ENABLE_FEATURE_SGI_LABEL&&ENABLE_FEATURE_FDISK_ADVANCED,2,3,"1031,1038,2865"
fdisk.txt,ENABLE_FEATURE_FDISK_WRITABLE&&ENABLE_FEATURE_OSF_LABEL,2,3,"1329,3184,3185"
fdisk.txt,UINT_MAX==0xffffffff,2,2,"174,175"
fdisk.txt,ULONG_MAX==0xffffffff,2,2,"177,178"
fdisk.txt,!ENABLE_FEATURE_FDISK_WRITABLE&&ENABLE_FEATURE_SUN_LABEL||ENABLE_FEATURE_FDISK_WRITABLE,2,2,"315,1453"
fdisk.txt,ENABLE_FEATURE_OSF_LABEL&&!(__alpha__),2,2,"458,459"
fdisk.txt,ENABLE_FEATURE_FDISK_WRITABLE&&(__sparc__),2,1,1564
fdisk.txt,ENABLE_FEATURE_FDISK_WRITABLE&&!(__sparc__),2,1,1566
fdisk_gpt.txt,ENABLE_FEATURE_GPT_LABEL&&ENABLE_UNICODE_SUPPORT,2,12,"73,74,75,76,77,78,79,80,81,82,83,84"
fdisk_gpt.txt,ENABLE_FEATURE_GPT_LABEL&&!ENABLE_UNICODE_SUPPORT,2,10,"86,87,88,89,90,91,92,93,94,95"
fdisk_osf.txt,ENABLE_FEATURE_OSF_LABEL&&!(__alpha__)&&!(__powerpc__)&&!(__hppa__)&&!(__s390__)&&(__s390x__)||ENABLE_FEATURE_OSF_LABEL&&!(__alpha__)&&!(__powerpc__)&&!(__hppa__)&&(__s390__)||ENABLE_FEATURE_OSF_LABEL&&!(__alpha__)&&!(__powerpc__)&&(__hppa__)||ENABLE_FEATURE_OSF_LABEL&&!(__alpha__)&&(__powerpc__)||ENABLE_FEATURE_OSF_LABEL&&(__alpha__),6,2,"617,618"
fdisk_osf.txt,ENABLE_FEATURE_OSF_LABEL&&!(__alpha__)&&!(__powerpc__)&&!(__hppa__)&&!(__s390__)&&!(__s390x__),6,1,620
fdisk_osf.txt,ENABLE_FEATURE_OSF_LABEL&&(__alpha__)||(__powerpc__)||(__ia64__)||(__hppa__),5,5,"47,48,49,50,51"
fdisk_osf.txt,ENABLE_FEATURE_OSF_LABEL&&!((__alpha__)||(__powerpc__)||(__ia64__)||(__hppa__)),5,2,"53,54"
fdisk_osf.txt,ENABLE_FEATURE_OSF_LABEL&&!(__alpha__)&&!(__powerpc__)&&!(__hppa__),4,4,"464,465,762,964"
fdisk_osf.txt,ENABLE_FEATURE_OSF_LABEL&&!(__alpha__)&&!(__powerpc__)&&(__hppa__)||ENABLE_FEATURE_OSF_LABEL&&!(__alpha__)&&(__powerpc__)||ENABLE_FEATURE_OSF_LABEL&&(__alpha__),4,4,"467,468,966,967"
fdisk_osf.txt,ENABLE_FEATURE_OSF_LABEL&&(__alpha__)&&!(__powerpc__)&&!(__hppa__),4,2,"759,760"
fdisk_osf.txt,ENABLE_FEATURE_OSF_LABEL&&!(__alpha__)&&(__ia64__)||ENABLE_FEATURE_OSF_LABEL&&(__alpha__),3,4,"655,656,657,658"
fdisk_osf.txt,ENABLE_FEATURE_OSF_LABEL&&!(__powerpc__)&&(__hppa__)||ENABLE_FEATURE_OSF_LABEL&&(__powerpc__),3,1,757
fdisk_osf.txt,ENABLE_FEATURE_OSF_LABEL&&!(__alpha__),2,110,"190,205,261,262,326,331,332,333,334,335,336,337,338,339,340,341,342,343,344,351,352,353,354,355,356,357,358,359,360,361,362,363,364,365,366,367,368,369,370,371,372,373,374,375,376,377,378,379,428,429,430,504,593,594,595,608,609,771,772,866,891,892,893,894,895,896,897,898,899,900,901,930,984,985,986,994,995,996,997,998,999,1000,1001,1002,1003,1004,1005,1006,1007,1008,1009,1010,1011,1012,1013,1014,1015,1016,1017,1018,1019,1020,1021,1022,1023,1024,1025,1026,1027,1028"
fdisk_osf.txt,ENABLE_FEATURE_OSF_LABEL&&(__alpha__),2,35,"188,203,257,381,382,383,384,385,502,590,591,606,769,868,903,904,905,906,907,932,980,981,982,1032,1033,1034,1035,1036,1037,1038,1039,1040,1041,1042,1043"
fdisk_osf.txt,ENABLE_FEATURE_OSF_LABEL&&!(BSD_DISKMAGIC),2,1,37
fdisk_osf.txt,ENABLE_FEATURE_OSF_LABEL&&!(BSD_MAXPARTITIONS),2,1,41
fdisk_osf.txt,ENABLE_FEATURE_OSF_LABEL&&!(MAXPATHLEN),2,1,711
fdisk_sgi.txt,ENABLE_FEATURE_SGI_LABEL&&ENABLE_FEATURE_FDISK_ADVANCED,2,105,"763,764,765,766,767,768,769,770,771,772,773,774,775,776,777,778,779,780,781,782,783,784,785,786,787,788,789,790,791,792,793,794,795,796,797,798,799,800,801,802,803,804,805,806,807,808,809,810,811,812,813,814,815,816,817,818,819,820,821,822,823,824,825,826,827,828,829,830,831,832,833,834,835,836,837,838,839,840,841,842,843,844,845,846,847,848,849,850,851,852,853,854,855,856,857,858,859,860,861,862,863,864,865,866,867"
fdisk_sun.txt,ENABLE_FEATURE_SUN_LABEL&&ENABLE_FEATURE_FDISK_ADVANCED,2,46,"680,681,682,683,684,685,686,687,688,689,690,691,692,693,694,695,696,697,698,699,700,701,702,703,704,705,706,707,708,709,710,711,712,713,714,715,716,717,718,719,720,721,722,723,724,725"
fdisk_sun.txt,ENABLE_FEATURE_SUN_LABEL&&!(IDE0_MAJOR),2,1,31
fdisk_sun.txt,ENABLE_FEATURE_SUN_LABEL&&!(IDE1_MAJOR),2,1,34
find.txt,0||ENABLE_FEATURE_FIND_AMIN||ENABLE_FEATURE_FIND_ATIME||ENABLE_FEATURE_FIND_CMIN||ENABLE_FEATURE_FIND_CTIME||ENABLE_FEATURE_FIND_MMIN||ENABLE_FEATURE_FIND_MTIME,6,22,"691,692,693,694,695,696,697,698,699,700,701,702,712,713,714,715,716,717,718,719,720,721"
find.txt,0||ENABLE_FEATURE_FIND_AMIN||ENABLE_FEATURE_FIND_ATIME||ENABLE_FEATURE_FIND_CMIN||ENABLE_FEATURE_FIND_CTIME||ENABLE_FEATURE_FIND_MMIN||ENABLE_FEATURE_FIND_MTIME&&ENABLE_FEATURE_FIND_ATIME||ENABLE_FEATURE_FIND_CTIME,6,5,"703,706,707,710,711"
find.txt,0||ENABLE_FEATURE_FIND_AMIN||ENABLE_FEATURE_FIND_ATIME||ENABLE_FEATURE_FIND_CMIN||ENABLE_FEATURE_FIND_CTIME||ENABLE_FEATURE_FIND_MMIN||ENABLE_FEATURE_FIND_MTIME&&ENABLE_FEATURE_FIND_ATIME||ENABLE_FEATURE_FIND_CTIME&&ENABLE_FEATURE_FIND_ATIME,6,2,"704,705"
find.txt,0||ENABLE_FEATURE_FIND_AMIN||ENABLE_FEATURE_FIND_ATIME||ENABLE_FEATURE_FIND_CMIN||ENABLE_FEATURE_FIND_CTIME||ENABLE_FEATURE_FIND_MMIN||ENABLE_FEATURE_FIND_MTIME&&ENABLE_FEATURE_FIND_ATIME||ENABLE_FEATURE_FIND_CTIME&&ENABLE_FEATURE_FIND_CTIME,6,2,"708,709"
find.txt,ENABLE_FEATURE_FIND_PERM||ENABLE_FEATURE_FIND_MTIME||ENABLE_FEATURE_FIND_MMIN||ENABLE_FEATURE_FIND_SIZE||ENABLE_FEATURE_FIND_LINKS,5,8,"1094,1095,1096,1097,1098,1099,1100,1101"
find.txt,ENABLE_FEATURE_FIND_MTIME&&ENABLE_FEATURE_FIND_ATIME||ENABLE_FEATURE_FIND_CTIME,3,1,729
find.txt,ENABLE_FEATURE_FIND_MMIN&&ENABLE_FEATURE_FIND_ATIME||ENABLE_FEATURE_FIND_CTIME,3,1,740
find.txt,ENABLE_FEATURE_FIND_EXEC&&ENABLE_FEATURE_FIND_EXEC_PLUS&&ENABLE_FEATURE_FIND_NOT,3,1,872
find.txt,ENABLE_FEATURE_FIND_MTIME&&ENABLE_FEATURE_FIND_AMIN||ENABLE_FEATURE_FIND_CMIN,3,1,1524
find.txt,ENABLE_FEATURE_FIND_MMIN&&ENABLE_FEATURE_FIND_AMIN||ENABLE_FEATURE_FIND_CMIN,3,1,1543
find.txt,ENABLE_FEATURE_FIND_EXEC&&ENABLE_FEATURE_FIND_EXEC_PLUS,2,63,"770,785,786,787,788,789,790,791,792,793,794,795,796,797,798,799,800,801,811,812,813,814,815,844,845,846,847,848,849,850,851,852,853,854,855,860,861,862,863,864,865,866,867,868,869,870,871,873,874,875,876,877,878,879,880,881,1407,1408,1424,1425,1426,1427,1428"
find.txt,ENABLE_FEATURE_FIND_EXEC&&ENABLE_FEATURE_FIND_EXEC_OK,2,10,"819,820,821,822,823,824,825,826,827,834"
find.txt,ENABLE_FEATURE_FIND_PATH&&!FNM_CASEFOLD,2,3,"645,646,647"
find.txt,ENABLE_FEATURE_FIND_PATH&&FNM_CASEFOLD,2,1,643
find.txt,ENABLE_FEATURE_FIND_EXEC&&!ENABLE_FEATURE_FIND_EXEC_PLUS,2,1,772
find.txt,ENABLE_FEATURE_FIND_EXEC&&ENABLE_USE_PORTABLE_CODE,2,1,775
find.txt,ENABLE_FEATURE_FIND_EXEC&&!ENABLE_USE_PORTABLE_CODE,2,1,777
find.txt,ENABLE_FEATURE_FIND_MTIME&&ENABLE_FEATURE_FIND_ATIME,2,1,1514
find.txt,ENABLE_FEATURE_FIND_MTIME&&ENABLE_FEATURE_FIND_CTIME,2,1,1517
find.txt,ENABLE_FEATURE_FIND_MMIN&&ENABLE_FEATURE_FIND_AMIN,2,1,1533
find.txt,ENABLE_FEATURE_FIND_MMIN&&ENABLE_FEATURE_FIND_CMIN,2,1,1536
find.txt,ENABLE_FEATURE_FIND_SIZE&&ENABLE_LFS,2,1,1611
find.txt,ENABLE_FEATURE_FIND_SIZE&&!ENABLE_LFS,2,1,1613
ftpgetput.txt,!ENABLE_FTPGET&&!ENABLE_FTPPUT||ENABLE_FTPGET&&ENABLE_FTPPUT,2,6,"300,301,302,303,304,305"
ftpgetput.txt,ENABLE_FTPPUT&&!ENABLE_FTPGET,2,1,296
ftpgetput.txt,ENABLE_FTPGET&&!ENABLE_FTPPUT,2,1,298
get_header_ar.txt,!ENABLE_DPKG&&ENABLE_DPKG_DEB||ENABLE_DPKG,2,6,"129,130,131,132,133,134"
get_header_tar.txt,!ENABLE_FEATURE_TAR_GNU_EXTENSIONS&&ENABLE_FEATURE_TAR_SELINUX||ENABLE_FEATURE_TAR_GNU_EXTENSIONS,2,49,"75,76,77,78,79,80,81,82,83,84,85,86,87,88,89,90,91,92,93,94,95,96,97,98,99,100,101,102,103,104,105,106,107,108,109,110,111,112,113,114,115,130,131,132,143,144,145,146,180"
get_header_tar.txt,!ENABLE_DESKTOP&&ENABLE_FEATURE_TAR_AUTODETECT||ENABLE_DESKTOP,2,26,"188,189,190,191,192,193,194,195,196,197,198,199,200,201,202,203,204,205,206,207,208,209,210,211,212,213"
get_header_tar.txt,!ENABLE_FEATURE_TAR_GNU_EXTENSIONS&&!ENABLE_FEATURE_TAR_SELINUX,2,3,"72,73,391"
get_header_tar.txt,!ENABLE_DESKTOP&&!ENABLE_FEATURE_TAR_AUTODETECT,2,2,"215,216"
getpty.txt,ENABLE_FEATURE_DEVPTS&&!(HAVE_PTSNAME_R),2,8,"55,56,57,58,59,60,61,62"
getpty.txt,ENABLE_FEATURE_DEVPTS&&(HAVE_PTSNAME_R),2,5,"64,65,66,67,68"
grep.txt,!ENABLE_EXTRA_COMPAT&&ENABLE_FEATURE_GREP_CONTEXT,2,2,"511,565"
gzip.txt,!(LIT_BUFSIZE)&&!(SMALL_MEM)&&(MEDIUM_MEM),3,1,912
gzip.txt,!(LIT_BUFSIZE)&&!(SMALL_MEM)&&!(MEDIUM_MEM),3,1,914
gzip.txt,BB_UNALIGNED_MEMACCESS_OK&&BB_LITTLE_ENDIAN,2,10,"455,456,457,458,459,460,461,462,463,464"
gzip.txt,!BB_UNALIGNED_MEMACCESS_OK||BB_UNALIGNED_MEMACCESS_OK&&!BB_LITTLE_ENDIAN,2,9,"466,467,468,469,470,471,472,473,474"
gzip.txt,ENABLE_FEATURE_GZIP_LONG_OPTIONS&&ENABLE_FEATURE_GZIP_DECOMPRESS,2,3,"2169,2170,2171"
gzip.txt,!(INBUFSIZ)&&(SMALL_MEM),2,1,133
gzip.txt,!(INBUFSIZ)&&!(SMALL_MEM),2,1,135
gzip.txt,!(OUTBUFSIZ)&&(SMALL_MEM),2,1,141
gzip.txt,!(OUTBUFSIZ)&&!(SMALL_MEM),2,1,143
gzip.txt,!(DIST_BUFSIZE)&&(SMALL_MEM),2,1,149
gzip.txt,!(DIST_BUFSIZE)&&!(SMALL_MEM),2,1,151
gzip.txt,HASH_BITS<8||MAX_MATCH!=258,2,1,726
gzip.txt,!(LIT_BUFSIZE)&&(SMALL_MEM),2,1,909
hardshutdown.txt,(USE_LIBC)&&(__GLIBC__)&&__GLIBC__>=2,2,2,"44,45"
hardshutdown.txt,!(USE_LIBC)&&!(_syscall3),2,2,"64,65"
hardshutdown.txt,!(USE_LIBC)&&(_syscall3),2,1,62
hash_md5_sha.txt,!ENABLE_SHA1_HWACCEL&&ENABLE_SHA256_HWACCEL&&(__GNUC__)&&!(__i386__)&&(__x86_64__)||!ENABLE_SHA1_HWACCEL&&ENABLE_SHA256_HWACCEL&&(__GNUC__)&&(__i386__)||ENABLE_SHA1_HWACCEL&&(__GNUC__)&&!(__i386__)&&(__x86_64__)||ENABLE_SHA1_HWACCEL&&(__GNUC__)&&(__i386__),5,32,"18,19,20,21,22,23,24,25,26,27,28,29,30,31,32,33,34,35,36,37,38,39,40,41,42,43,44,45,46,48,49,51"
hash_md5_sha.txt,!(__GNUC__)&&(CONFIG_SHA1_SMALL==0)||(__GNUC__)&&!(__i386__)&&!(__x86_64__)&&(CONFIG_SHA1_SMALL==0),4,78,"744,745,746,747,748,749,750,751,752,753,754,755,756,757,758,759,760,761,762,763,764,765,766,767,768,769,770,771,772,773,774,775,776,777,779,781,782,783,784,785,786,787,788,789,790,791,792,793,794,795,796,797,798,799,800,801,802,803,804,805,806,807,808,809,810,811,812,813,814,815,816,817,818,819,820,821,822,823"
hash_md5_sha.txt,ENABLE_SHA1_HWACCEL&&(__GNUC__)&&!(__i386__)&&(__x86_64__)||ENABLE_SHA1_HWACCEL&&(__GNUC__)&&(__i386__),4,8,"1195,1196,1197,1198,1199,1200,1201,1336"
hash_md5_sha.txt,ENABLE_SHA256_HWACCEL&&(__GNUC__)&&!(__i386__)&&(__x86_64__)||ENABLE_SHA256_HWACCEL&&(__GNUC__)&&(__i386__),4,7,"1256,1257,1258,1259,1260,1261,1262"
hash_md5_sha.txt,(__GNUC__)&&!(__i386__)&&(__x86_64__)&&(CONFIG_SHA1_SMALL==0),4,5,"738,739,740,741,742"
hash_md5_sha.txt,!ENABLE_SHA1_HWACCEL&&ENABLE_SHA256_HWACCEL&&(__GNUC__)&&(__i386__)||ENABLE_SHA1_HWACCEL&&(__GNUC__)&&(__i386__),4,1,47
hash_md5_sha.txt,!ENABLE_SHA1_HWACCEL&&ENABLE_SHA256_HWACCEL&&(__GNUC__)&&(__x86_64__)||ENABLE_SHA1_HWACCEL&&(__GNUC__)&&(__x86_64__),4,1,50
hash_md5_sha.txt,CONFIG_SHA1_SMALL==0&&!(((__GNUC__)&&(__i386__))||((__GNUC__)&&(__x86_64__)))&&(__GNUC__)&&(__i386__),4,1,778
hash_md5_sha.txt,CONFIG_SHA1_SMALL==0&&!(((__GNUC__)&&(__i386__))||((__GNUC__)&&(__x86_64__)))&&!((__GNUC__)&&(__i386__)),4,1,780
hash_md5_sha.txt,(__GNUC__)&&(__i386__)&&(CONFIG_SHA1_SMALL==0),3,200,"537,538,539,540,541,542,543,544,545,546,547,548,549,550,551,552,553,554,555,556,557,558,559,560,561,562,563,564,565,566,567,568,569,570,571,572,573,574,575,576,577,578,579,580,581,582,583,584,585,586,587,588,589,590,591,592,593,594,595,596,597,598,599,600,601,602,603,604,605,606,607,608,609,610,611,612,613,614,615,616,617,618,619,620,621,622,623,624,625,626,627,628,629,630,631,632,633,634,635,636,637,638,639,640,641,642,643,644,645,646,647,648,649,650,651,652,653,654,655,656,657,658,659,660,661,662,663,664,665,666,667,668,669,670,671,672,673,674,675,676,677,678,679,680,681,682,683,684,685,686,687,688,689,690,691,692,693,694,695,696,697,698,699,700,701,702,703,704,705,706,707,708,709,710,711,712,713,714,715,716,717,718,719,720,721,722,723,724,725,726,727,728,729,730,731,732,733,734,735,736"
hash_md5_sha.txt,!ENABLE_SHA512SUM&&!ENABLE_SHA384SUM&&ENABLE_USE_BB_CRYPT_SHA||!ENABLE_SHA512SUM&&ENABLE_SHA384SUM||ENABLE_SHA512SUM,3,197,"996,997,1003,1004,1005,1006,1007,1008,1009,1010,1011,1012,1013,1014,1015,1016,1017,1018,1019,1020,1021,1022,1023,1024,1025,1026,1027,1028,1029,1030,1031,1032,1033,1034,1036,1037,1038,1039,1040,1041,1042,1043,1121,1122,1123,1124,1125,1126,1127,1128,1129,1130,1131,1132,1133,1134,1135,1136,1137,1138,1139,1140,1141,1142,1143,1144,1145,1146,1147,1148,1149,1150,1151,1152,1153,1154,1155,1156,1157,1158,1159,1160,1161,1162,1163,1164,1165,1166,1167,1168,1169,1170,1171,1172,1173,1174,1175,1176,1177,1178,1179,1180,1181,1219,1220,1221,1222,1223,1224,1225,1226,1227,1228,1229,1230,1278,1279,1280,1281,1282,1283,1284,1285,1286,1287,1288,1289,1290,1291,1292,1293,1294,1295,1296,1297,1298,1299,1300,1301,1302,1303,1304,1305,1306,1307,1308,1309,1310,1311,1312,1313,1314,1315,1316,1317,1318,1319,1320,1321,1354,1355,1356,1357,1358,1359,1360,1361,1362,1363,1364,1365,1366,1367,1368,1369,1370,1371,1372,1373,1374,1375,1376,1377,1378,1379,1380,1381,1382,1383,1384,1385,1386,1387,1388,1389,1390,1391"
hash_md5_sha.txt,!ENABLE_SHA512SUM&&!ENABLE_SHA384SUM&&!ENABLE_USE_BB_CRYPT_SHA,3,2,"999,1000"
hash_md5_sha.txt,!(CONFIG_SHA3_SMALL<0)&&!(CONFIG_SHA3_SMALL>1)&&!(LONG_MAX>2147483647)&&!CONFIG_SHA3_SMALL||(CONFIG_SHA3_SMALL<0)&&!(LONG_MAX>2147483647),2,11,"1819,1820,1821,1822,1823,1824,1825,1826,1827,1828,1829"
hash_md5_sha.txt,!(CONFIG_SHA3_SMALL<0)&&!(CONFIG_SHA3_SMALL>1)&&!(LONG_MAX>2147483647)&&CONFIG_SHA3_SMALL||!(CONFIG_SHA3_SMALL<0)&&(CONFIG_SHA3_SMALL>1)&&!(LONG_MAX>2147483647),2,4,"1801,1815,1816,1817"
hdparm.txt,(HDIO_DRIVE_CMD)&&(DO_FLUSHCACHE)&&!(WIN_FLUSHCACHE),3,1,1801
hdparm.txt,ENABLE_FEATURE_HDPARM_GET_IDENTITY&&(__NEW_HD_DRIVE_ID),2,15,"1388,1415,1416,1417,1418,1419,1420,1421,1422,1423,1424,1425,1426,1427,1428"
hdparm.txt,ENABLE_FEATURE_HDPARM_GET_IDENTITY&&BB_BIG_ENDIAN,2,7,"544,545,790,791,792,793,794"
hdparm.txt,ENABLE_FEATURE_HDPARM_GET_IDENTITY&&!BB_BIG_ENDIAN,2,6,"547,548,549,550,557,563"
hdparm.txt,(HDIO_DRIVE_CMD)&&(DO_FLUSHCACHE),2,4,"1807,1808,1812,1813"
hdparm.txt,(HDIO_DRIVE_CMD)&&ENABLE_IOCTL_HEX2STR_ERROR,2,2,"1830,1841"
hdparm.txt,ENABLE_FEATURE_HDPARM_GET_IDENTITY&&!(__NEW_HD_DRIVE_ID),2,1,1390
hdparm.txt,(HDIO_DRIVE_CMD)&&!(WIN_STANDBYNOW1),2,1,1823
hdparm.txt,(HDIO_DRIVE_CMD)&&!(WIN_STANDBYNOW2),2,1,1826
hdparm.txt,(HDIO_DRIVE_CMD)&&!(WIN_SLEEPNOW1),2,1,1834
hdparm.txt,(HDIO_DRIVE_CMD)&&!(WIN_SLEEPNOW2),2,1,1837
hdparm.txt,(HDIO_DRIVE_CMD)&&!(WIN_CHECKPOWERMODE1),2,1,1943
hdparm.txt,(HDIO_DRIVE_CMD)&&!(WIN_CHECKPOWERMODE2),2,1,1946
hdparm.txt,(HDIO_GET_QDMA)&&(HDIO_SET_QDMA),2,1,2109
hdparm.txt,(HDIO_GET_QDMA)&&!(HDIO_SET_QDMA),2,1,2111
head.txt,!ENABLE_FEATURE_FANCY_HEAD&&ENABLE_INCLUDE_SUSv2||ENABLE_FEATURE_FANCY_HEAD,2,10,"187,188,189,190,191,192,193,194,195,215"
hush.txt,| ENABLE_HUSH_EXPORT||ENABLE_HUSH_READONLY||ENABLE_HUSH_SET||ENABLE_HUSH_TRAP||ENABLE_HUSH_ALIAS,5,36,"11814,11815,11816,11817,11818,11819,11820,11821,11822,11823,11824,11825,11826,11827,11828,11829,11830,11831,11832,11833,11834,11835,11836,11837,11838,11839,11840,11841,11842,11843,11844,11845,11846,11847,11848,11849"
hush.txt,| ENABLE_HUSH_INTERACTIVE&&ENABLE_FEATURE_EDITING&&ENABLE_HUSH_SAVEHISTORY&&MAX_HISTORY>0&&ENABLE_FEATURE_SH_HISTFILESIZE,5,12,"10800,10801,10802,10803,10804,10805,10806,10807,10808,10809,10810,10811"
hush.txt,ENABLE_HUSH_TICK||ENABLE_FEATURE_SH_MATH||ENABLE_HUSH_DOLLAR_OPS&&BASH_SUBSTR||BASH_PATTERN_SUBST,5,2,"5191,5208"
hush.txt,| ENABLE_HUSH_INTERACTIVE&&ENABLE_FEATURE_EDITING&&ENABLE_HUSH_SAVEHISTORY&&MAX_HISTORY>0,4,18,"10784,10785,10786,10787,10788,10789,10790,10791,10792,10793,10794,10795,10796,10797,10798,10799,10812,10813"
hush.txt,| ENABLE_HUSH_TEST||ENABLE_HUSH_ECHO||ENABLE_HUSH_PRINTF||ENABLE_HUSH_KILL,4,5,"11471,11472,11473,11474,11475"
hush.txt,!((__FreeBSD__)||(__OpenBSD__)||(__NetBSD__)||(__APPLE__)),4,3,"363,364,365"
hush.txt,BASH_TEST2||ENABLE_HUSH_LOCAL||ENABLE_HUSH_EXPORT||ENABLE_HUSH_READONLY,4,2,"677,678"
hush.txt,ENABLE_HUSH_TICK||ENABLE_FEATURE_SH_MATH||ENABLE_HUSH_DOLLAR_OPS&&ENABLE_HUSH_INTERACTIVE,4,1,5196
hush.txt,ENABLE_HUSH_TICK||ENABLE_FEATURE_SH_MATH||ENABLE_HUSH_DOLLAR_OPS,3,184,"5076,5077,5078,5079,5080,5081,5082,5083,5084,5085,5086,5087,5088,5089,5090,5091,5092,5093,5094,5095,5096,5097,5098,5099,5100,5101,5102,5103,5104,5105,5106,5107,5108,5109,5110,5111,5112,5113,5114,5115,5116,5117,5118,5119,5120,5121,5122,5123,5124,5125,5126,5127,5128,5129,5130,5131,5132,5133,5134,5135,5136,5137,5138,5139,5140,5141,5142,5143,5144,5145,5146,5147,5148,5149,5150,5151,5152,5153,5154,5155,5156,5157,5158,5159,5160,5161,5162,5163,5164,5165,5166,5167,5168,5169,5170,5171,5172,5173,5174,5175,5176,5177,5178,5179,5180,5181,5182,5183,5184,5185,5186,5187,5188,5189,5190,5192,5193,5194,5195,5197,5198,5199,5200,5201,5202,5203,5204,5205,5206,5207,5209,5210,5211,5212,5213,5214,5215,5216,5217,5218,5219,5220,5221,5222,5223,5224,5225,5226,5227,5228,5229,5230,5231,5232,5233,5234,5235,5236,5237,5238,5239,5240,5241,5242,5243,5244,5245,5246,5247,5248,5249,5250,5251,5252,5253,5259,5260,5261,5262,5263,5264,5265,5266,5267"
hush.txt,| ENABLE_HUSH_EXPORT||ENABLE_HUSH_LOCAL||ENABLE_HUSH_READONLY,3,70,"11853,11854,11855,11856,11857,11858,11859,11860,11861,11862,11863,11864,11865,11866,11867,11868,11869,11870,11871,11872,11873,11874,11875,11876,11877,11878,11879,11880,11881,11882,11883,11884,11885,11886,11887,11888,11889,11890,11899,11900,11901,11902,11903,11904,11905,11906,11907,11908,11909,11910,11911,11912,11913,11914,11915,11916,11917,11918,11919,11920,11921,11922,11923,11924,11925,11926,11927,11928,11929,11930"
hush.txt,ENABLE_HUSH_INTERACTIVE&&ENABLE_FEATURE_TAB_COMPLETION&&ENABLE_HUSH_FUNCTIONS,3,8,"8863,8864,8865,8866,8867,8868,8869,8870"
hush.txt,| ENABLE_HUSH_EXPORT||ENABLE_HUSH_LOCAL||ENABLE_HUSH_READONLY&&ENABLE_HUSH_LOCAL,3,8,"11891,11892,11893,11894,11895,11896,11897,11898"
hush.txt,ENABLE_HUSH_TICK||ENABLE_FEATURE_SH_MATH||ENABLE_HUSH_DOLLAR_OPS&&0,3,5,"5254,5255,5256,5257,5258"
hush.txt,ENABLE_HUSH_IF||ENABLE_HUSH_LOOPS||ENABLE_HUSH_CASE,3,3,"463,464,465"
hush.txt,!(ENABLE_HUSH_IF||ENABLE_HUSH_LOOPS||ENABLE_HUSH_CASE),3,3,"467,468,469"
hush.txt,!(debug_print_tree)&&ENABLE_HUSH_LOOPS||ENABLE_HUSH_CASE,3,1,3944
hush.txt,ENABLE_HUSH_FUNCTIONS&&ENABLE_HUSH_UNSET&&!BB_MMU,3,1,9006
hush.txt,| ENABLE_HUSH_INTERACTIVE&&ENABLE_FEATURE_EDITING&&ENABLE_FEATURE_TAB_COMPLETION,3,1,10778
hush.txt,| ENABLE_HUSH_INTERACTIVE&&ENABLE_FEATURE_EDITING&&EDITING_HAS_sh_get_var,3,1,10781
hush.txt,ENABLE_HUSH_INTERACTIVE&&ENABLE_FEATURE_EDITING,2,59,"2808,2809,2810,2811,2812,2813,2814,2815,2816,2817,2818,2819,2820,2821,2822,2823,2824,2825,2826,2827,2828,2829,2830,2831,2832,2833,2834,2835,2836,2837,2838,2839,2840,2841,2842,2843,2844,2845,2846,2847,2848,2849,2850,2851,2852,2853,2854,2855,2856,2857,2858,2859,2860,2861,2862,2863,2864,2865,2866"
hush.txt,| ENABLE_HUSH_KILL&&ENABLE_HUSH_JOB,2,58,"12549,12550,12551,12552,12553,12554,12555,12556,12557,12558,12559,12560,12561,12562,12563,12564,12565,12566,12567,12568,12569,12570,12571,12572,12573,12574,12575,12576,12577,12578,12579,12580,12581,12582,12583,12584,12585,12586,12587,12588,12589,12590,12591,12592,12593,12594,12595,12596,12597,12598,12599,12600,12601,12602,12603,12604,12605,12606"
hush.txt,ENABLE_HUSH_INTERACTIVE&&!ENABLE_FEATURE_EDITING,2,51,"1789,1790,1791,1792,1793,1794,1795,1796,1797,1798,1799,1800,1801,1802,1803,1804,2868,2869,2870,2871,2872,2873,2874,2875,2876,2877,2878,2879,2880,2881,2882,2883,2884,2885,2886,2887,2888,2889,2890,2891,2892,2893,2894,2895,2896,2897,2898,2899,2900,2901,2902"
hush.txt,BASH_SUBSTR&&ENABLE_FEATURE_SH_MATH,2,51,"7410,7411,7412,7413,7414,7415,7416,7417,7418,7419,7420,7421,7422,7423,7424,7425,7426,7427,7428,7429,7430,7431,7432,7433,7434,7435,7436,7437,7438,7439,7440,7441,7442,7443,7444,7445,7446,7447,7448,7449,7450,7451,7452,7453,7454,7455,7456,7457,7458,7459,7460"
hush.txt,ENABLE_FEATURE_SH_STANDALONE&&BB_MMU,2,43,"1854,1855,1856,1857,1858,1859,1860,1861,1862,1863,1864,1865,1866,1867,1868,1869,1870,1871,1872,1873,1874,8638,8639,8640,8641,8642,8643,9377,9378,9379,9380,9381,9382,9383,9384,9385,9386,9387,9388,9389,9390,9391,9392"
hush.txt,ENABLE_HUSH_TICK&&ENABLE_HUSH_TRAP,2,43,"8232,8233,8234,8235,8236,8237,8238,8239,8240,8241,8242,8243,8244,8245,8246,8247,8248,8249,8250,8251,8252,8253,8254,8255,8256,8257,8258,8259,8260,8261,8262,8263,8264,8265,8266,8267,8268,8269,8270,8271,8272,8273,8274"
hush.txt,| ENABLE_HUSH_INTERACTIVE&&ENABLE_HUSH_JOB,2,40,"11384,11385,11386,11387,11388,11389,11390,11391,11392,11393,11394,11395,11396,11397,11398,11399,11400,11401,11402,11403,11404,11405,11406,11407,11408,11409,11410,11411,11416,11417,11418,11419,11420,11421,11422,11423,11424,11425,11426,11427"
hush.txt,ENABLE_HUSH_UNSET||ENABLE_HUSH_GETOPTS,2,30,"2644,2645,2646,2647,2648,2649,2650,2651,2652,2653,2654,2655,2656,2657,2658,2659,2660,2661,2662,2663,2664,2665,2666,2667,2668,2669,2670,2671,2672,2673"
hush.txt,ENABLE_HUSH_FUNCTIONS&&BB_MMU,2,30,"9015,9016,9024,9025,9026,9027,9028,9029,9030,9031,9032,9033,9034,9035,9036,9037,9038,9039,9040,9041,9042,9043,9044,9045,9046,9047,9048,9049,9050,9051"
hush.txt,DEBUG_EXPAND||DEBUG_GLOB,2,25,"3385,3386,3387,3388,3389,3390,3391,3392,3393,3394,3395,3396,3397,3398,3399,3400,3401,3402,3403,3404,3405,3406,3407,3408,3409"
hush.txt,| ENABLE_HUSH_WAIT&&ENABLE_HUSH_JOB,2,25,"12653,12654,12655,12656,12657,12658,12659,12660,12661,12746,12747,12748,12749,12750,12751,12752,12753,12754,12755,12756,12757,12758,12759,12760,12761"
hush.txt,HAS_KEYWORDS&&ENABLE_HUSH_CASE,2,23,"4239,4240,4268,4269,4287,4288,4289,4306,4307,4308,4309,4310,4311,4312,4313,4314,4315,4316,4321,4322,4323,4324,4485"
hush.txt,HAS_KEYWORDS&&!BB_MMU,2,23,"4369,4370,4371,4372,4373,4374,4375,4376,4377,4378,4379,4380,4381,4382,4383,4384,4385,4386,4387,4388,4389,4390,4391"
hush.txt,ENABLE_HUSH_FUNCTIONS&&!BB_MMU,2,22,"822,5056,5057,5058,8968,8976,9053,9054,9055,9056,9057,9058,9059,9060,9061,9083,9084,9085,9086,9087,9965,9966"
hush.txt,HAS_KEYWORDS&&(CMD_SINGLEWORD_NOGLOB),2,22,"4520,4521,4522,4523,4524,4525,4526,4527,4528,4529,4530,4531,4532,4533,4534,4535,4536,4537,4538,4539,4540,4541"
hush.txt,ENABLE_HUSH_FUNCTIONS&&ENABLE_HUSH_UNSET,2,21,"8990,8991,8992,8993,8994,8995,8996,8997,8998,8999,9000,9001,9002,9003,9004,9005,9007,9008,9009,9010,9011"
hush.txt,ENABLE_HUSH_TICK&&!BB_MMU,2,20,"6338,6339,8207,8208,8209,8210,8211,8212,8213,8286,8287,8288,8289,8290,8291,8292,8293,8294,8295,8309"
hush.txt,ENABLE_FEATURE_SH_MATH||ENABLE_HUSH_TICK&&ENABLE_FEATURE_SH_MATH,2,17,"5575,5576,5577,5578,5579,5580,5581,5582,5583,5584,5585,5586,5587,5588,5589,5590,5591"
hush.txt,BB_MMU&&ENABLE_HUSH_TRAP,2,17,"7954,7955,7956,7957,7958,7959,7960,7961,7962,7963,7964,7965,7966,7967,7968,7969,7970"
hush.txt,ENABLE_HUSH_TYPE||ENABLE_HUSH_COMMAND,2,15,"8809,8810,8811,8812,8813,8814,8815,8816,8817,8818,8819,8820,8821,8822,8823"
hush.txt,HAS_KEYWORDS&&ENABLE_HUSH_LOOPS,2,14,"4231,4232,4233,4234,4235,4236,4260,4261,4262,4263,4264,4265,4481,4482"
hush.txt,HAS_KEYWORDS&&ENABLE_HUSH_LINENO_VAR,2,14,"4493,4494,4495,4496,4497,4498,4499,4500,4501,4502,4503,4504,4505,4506"
hush.txt,| !BB_MMU&&ENABLE_HUSH_FUNCTIONS,2,14,"11114,11199,11200,11201,11202,11203,11217,11218,11219,11220,11221,11222,11223,11224"
hush.txt,ENABLE_HUSH_INTERACTIVE&&ENABLE_FEATURE_TAB_COMPLETION,2,13,"8853,8854,8855,8856,8857,8858,8859,8860,8861,8862,8871,8872,8873"
hush.txt,HAS_KEYWORDS&&(CMD_TEST2_SINGLEWORD_NOGLOB),2,12,"4462,4463,4464,4465,4466,4467,4468,4469,4514,4515,4516,4517"
hush.txt,HAS_KEYWORDS&&ENABLE_HUSH_IF,2,11,"4224,4225,4226,4227,4228,4252,4253,4254,4255,4256,4257"
hush.txt,ENABLE_FEATURE_SH_MATH||ENABLE_HUSH_TICK,2,11,"5569,5570,5571,5572,5573,5574,5592,5593,5605,5606,5607"
hush.txt,ENABLE_FEATURE_SH_MATH||ENABLE_HUSH_TICK&&ENABLE_HUSH_TICK,2,11,"5594,5595,5596,5597,5598,5599,5600,5601,5602,5603,5604"
hush.txt,| ENABLE_HUSH_LOOPS||ENABLE_HUSH_FUNCTIONS,2,11,"12809,12810,12811,12812,12813,12814,12815,12816,12817,12818,12819"
hush.txt,| ENABLE_HUSH_INTERACTIVE&&ENABLE_FEATURE_EDITING,2,10,"10774,10775,10776,10777,10779,10780,10782,10783,10814,10815"
hush.txt,| ENABLE_HUSH_WAIT&&ENABLE_HUSH_BASH_COMPAT,2,10,"12671,12672,12673,12674,12715,12716,12717,12718,12719,12720"
hush.txt,ENABLE_HUSH_INTERACTIVE&&!ENABLE_FEATURE_EDITING_FANCY_PROMPT,2,9,"2792,2793,2794,2795,2796,2797,2798,2799,2800"
hush.txt,ENABLE_FEATURE_EDITING_SAVE_ON_EXIT&&ENABLE_FEATURE_SH_HISTFILESIZE,2,8,"2226,2227,2228,2229,2230,2231,2232,2233"
hush.txt,!BB_MMU&&ENABLE_HUSH_FUNCTIONS,2,8,"7987,8039,8040,8064,8065,8066,8067,8068"
hush.txt,ENABLE_HUSH_TICK&&BB_MMU,2,8,"8277,8278,8279,8280,8281,8282,8283,8284"
hush.txt,| !BB_MMU&&ENABLE_HUSH_TRAP,2,7,"11180,11181,11182,11183,11184,11185,11186"
hush.txt,| ENABLE_HUSH_INTERACTIVE&&!ENABLE_FEATURE_SH_EXTRA_QUIET,2,7,"11439,11440,11441,11442,11443,11444,11445"
hush.txt,HAS_KEYWORDS&&ENABLE_HUSH_FUNCTION_KEYWORD,2,6,"4294,4295,4296,4297,4298,4299"
hush.txt,ENABLE_HUSH_TRAP&&ENABLE_HUSH_FUNCTIONS,2,5,"1049,2318,2319,2320,2321"
hush.txt,!(debug_print_tree)&&ENABLE_HUSH_IF,2,5,"3930,3931,3932,3933,3934"
hush.txt,!(debug_print_tree)&&ENABLE_HUSH_LOOPS,2,5,"3937,3938,3939,3940,3941"
hush.txt,!(debug_print_tree)&&ENABLE_HUSH_CASE,2,5,"3947,3948,3949,3950,3951"
hush.txt,| ENABLE_HUSH_INTERACTIVE&&ENABLE_FEATURE_EDITING_FANCY_PROMPT,2,5,"11430,11431,11432,11433,11434"
hush.txt,| ENABLE_HUSH_TEST||BASH_TEST2,2,5,"11478,11479,11480,11481,11482"
hush.txt,| MAX_HISTORY&&ENABLE_FEATURE_EDITING,2,5,"11514,11515,11516,11517,11518"
hush.txt,| ENABLE_HUSH_EXPORT&&ENABLE_HUSH_EXPORT_N,2,5,"11939,11940,11941,11942,11943"
hush.txt,ENABLE_HUSH_TEST||BASH_TEST2,2,4,"1073,1074,1075,1151"
hush.txt,(CMD_SINGLEWORD_NOGLOB)||(CMD_TEST2_SINGLEWORD_NOGLOB),2,4,"7813,7814,7815,7816"
hush.txt,ENABLE_HUSH_TICK&&ENABLE_HUSH_FAST,2,4,"8302,8303,8304,8305"
hush.txt,| !BB_MMU&&ENABLE_HUSH_LINENO_VAR,2,4,"11111,11212,11213,11214"
hush.txt,| ENABLE_HUSH_FUNCTIONS&&ENABLE_HUSH_TRAP,2,4,"12871,12872,12873,12874"
hush.txt,!BB_MMU||ENABLE_HUSH_READONLY,2,3,"2600,2601,2602"
hush.txt,ENABLE_HUSH_INTERACTIVE&&ENABLE_FEATURE_EDITING_FANCY_PROMPT,2,3,"2788,2789,2790"
hush.txt,!BB_MMU&&ENABLE_HUSH_LINENO_VAR,2,3,"8036,8060,8061"
hush.txt,ENABLE_FEATURE_SH_STANDALONE||BB_MMU,2,3,"9305,9306,9407"
hush.txt,| ENABLE_HUSH_TRAP&&ENABLE_HUSH_FUNCTIONS,2,3,"10632,10691,10993"
hush.txt,| ENABLE_HUSH_READ&&BASH_READ_D,2,3,"11732,11733,11734"
hush.txt,| ENABLE_HUSH_READ&&!BASH_READ_D,2,3,"11736,11737,11738"
hush.txt,| ENABLE_HUSH_UNSET&&ENABLE_HUSH_FUNCTIONS,2,3,"12040,12041,12042"
hush.txt,ENABLE_HUSH_FUNCTIONS&&ENABLE_HUSH_FUNCTION_KEYWORD,2,2,"682,4946"
hush.txt,MAX_HISTORY&&ENABLE_FEATURE_EDITING,2,2,"1130,1233"
hush.txt,!(debug_print_tree)&&ENABLE_HUSH_FUNCTIONS,2,2,"3962,3963"
hush.txt,BASH_DOLLAR_SQUOTE&&BB_MMU,2,2,"5273,5274"
hush.txt,!(BASH_SUBSTR&&ENABLE_FEATURE_SH_MATH),2,2,"7462,7463"
hush.txt,ENABLE_HUSH_FUNCTIONS&&ENABLE_HUSH_TRAP,2,2,"9098,9099"
hush.txt,ENABLE_HUSH_COMMAND&&ENABLE_HUSH_FUNCTIONS,2,2,"9349,9350"
hush.txt,| !BB_MMU&&ENABLE_HUSH_LOOPS,2,2,"11190,11191"
hush.txt,| ENABLE_HUSH_TYPE&&ENABLE_HUSH_FUNCTIONS,2,2,"11667,11668"
hush.txt,| ENABLE_HUSH_TYPE&&ENABLE_HUSH_ALIAS,2,2,"11671,11672"
hush.txt,| ENABLE_HUSH_EXPORT&&!ENABLE_HUSH_EXPORT_N,2,2,"11945,11946"
hush.txt,| ENABLE_HUSH_MEMLEAK&&(M_TRIM_THRESHOLD),2,2,"12922,12923"
hush.txt,ENABLE_FEATURE_SH_EMBEDDED_SCRIPTS&&!ENABLE_SHELL_ASH,2,1,393
hush.txt,!(ENABLE_FEATURE_SH_EMBEDDED_SCRIPTS&&!ENABLE_SHELL_ASH),2,1,395
hush.txt,ENABLE_HUSH_LOOPS||ENABLE_HUSH_CASE,2,1,547
hush.txt,ENABLE_HUSH_FUNCTIONS&&ENABLE_HUSH_LOCAL,2,1,1013
hush.txt,!(ENABLE_HUSH_TEST||BASH_TEST2),2,1,1077
hush.txt,!(ENABLE_HUSH_INTERACTIVE&&!ENABLE_FEATURE_EDITING),2,1,1806
hush.txt,!(DEBUG_EXPAND||DEBUG_GLOB),2,1,3411
hush.txt,!(debug_print_tree)&&ENABLE_HUSH_LINENO_VAR,2,1,3988
hush.txt,!(debug_print_tree)&&!BB_MMU,2,1,3995
hush.txt,!(debug_print_tree)&&BB_MMU,2,1,3997
hush.txt,HAS_KEYWORDS&&ENABLE_HUSH_FUNCTIONS,2,1,4475
hush.txt,HAS_KEYWORDS&&!(CMD_SINGLEWORD_NOGLOB),2,1,4543
hush.txt,BB_MMU&&ENABLE_HUSH_JOB,2,1,7947
hush.txt,ENABLE_HUSH_JOB&&ENABLE_HUSH_BASH_COMPAT,2,1,9693
hush.txt,| ENABLE_HUSH_IF||ENABLE_HUSH_CASE,2,1,10375
hush.txt,| !(ENABLE_HUSH_IF||ENABLE_HUSH_CASE),2,1,10377
hush.txt,| !(ENABLE_HUSH_INTERACTIVE&&ENABLE_FEATURE_EDITING),2,1,10817
hush.txt,| ENABLE_HUSH_WAIT&&!ENABLE_HUSH_JOB,2,1,12620
hwclock.txt,(__linux__)&&(__NEED_fsblkcnt_t)&&(__NEED_fsfilcnt_t),3,9,"46,47,136,137,138,139,140,142,143"
hwclock.txt,!((__linux__)&&(__NEED_fsblkcnt_t)&&(__NEED_fsfilcnt_t)),3,1,49
hwclock.txt,LIBC_IS_MUSL&&!(SYS_settimeofday)&&(SYS_settimeofday_time32),3,1,141
hwclock.txt,!(__linux__)||(__linux__)&&!(__NEED_fsblkcnt_t)||(__linux__)&&(__NEED_fsblkcnt_t)&&!(__NEED_fsfilcnt_t),3,1,145
i2c_tools.txt,!ENABLE_I2CGET&&!ENABLE_I2CSET&&!ENABLE_I2CDUMP&&ENABLE_I2CDETECT||!ENABLE_I2CGET&&!ENABLE_I2CSET&&ENABLE_I2CDUMP||!ENABLE_I2CGET&&ENABLE_I2CSET||ENABLE_I2CGET,4,24,"111,112,113,114,115,116,117,118,119,120,121,122,123,124,125,126,127,128,129,130,131,132,133,134"
i2c_tools.txt,!ENABLE_I2CGET&&!ENABLE_I2CSET&&!ENABLE_I2CDUMP&&ENABLE_I2CTRANSFER||!ENABLE_I2CGET&&!ENABLE_I2CSET&&ENABLE_I2CDUMP||!ENABLE_I2CGET&&ENABLE_I2CSET||ENABLE_I2CGET,4,6,"294,295,296,297,298,299"
i2c_tools.txt,!ENABLE_I2CGET&&!ENABLE_I2CSET&&ENABLE_I2CDUMP||!ENABLE_I2CGET&&ENABLE_I2CSET||ENABLE_I2CGET,3,52,"138,139,140,141,142,143,144,145,146,147,148,149,150,151,152,153,154,155,156,157,158,159,160,161,162,163,164,165,166,167,168,279,280,281,282,283,284,285,286,287,288,289,290,343,344,345,346,347,348,349,350,351"
i2c_tools.txt,!ENABLE_I2CGET&&ENABLE_I2CDUMP||ENABLE_I2CGET,2,30,"359,360,361,362,363,364,365,366,367,368,369,370,371,372,373,374,375,376,377,378,379,380,381,382,392,393,394,395,396,397"
i2c_tools.txt,!ENABLE_I2CGET&&ENABLE_I2CSET||ENABLE_I2CGET,2,5,"303,304,305,306,307"
i2c_tools.txt,ENABLE_I2CTRANSFER&&ENABLE_FEATURE_CLEAN_UP,2,3,"1536,1537,1538"
id.txt,"!ENABLE_USE_BB_PWD_GRP&&(__UCLIBC__)&&UCLIBC_VERSION<KERNEL_VERSION(0,9,30)",4,1,67
ifenslave.txt,(SIOCGIFADDR|SIOCSIFADDR|SIOCGIFDSTADDR|SIOCSIFDSTADDR|SIOCGIFBRDADDR|SIOCSIFBRDADDR|SIOCGIFNETMASK|SIOCSIFNETMASK)<=0xffff,9,4,"257,258,259,260"
ifenslave.txt,!((SIOCGIFADDR|SIOCSIFADDR|SIOCGIFDSTADDR|SIOCSIFDSTADDR|SIOCGIFBRDADDR|SIOCSIFBRDADDR|SIOCGIFNETMASK|SIOCSIFNETMASK)<=0xffff),9,1,262
ifupdown.txt,ENABLE_FEATURE_IFUPDOWN_IPV4&&ENABLE_FEATURE_IFUPDOWN_IP&&!ENABLE_FEATURE_IFUPDOWN_EXTERNAL_DHCP&&ENABLE_UDHCPC,4,3,"669,670,671"
ifupdown.txt,ENABLE_FEATURE_IFUPDOWN_IPV4&&!ENABLE_FEATURE_IFUPDOWN_IP&&!ENABLE_FEATURE_IFUPDOWN_EXTERNAL_DHCP&&ENABLE_UDHCPC,4,3,"673,674,675"
ifupdown.txt,!ENABLE_FEATURE_IFUPDOWN_IPV4&&ENABLE_FEATURE_IFUPDOWN_IPV6&&ENABLE_FEATURE_IFUPDOWN_IP||ENABLE_FEATURE_IFUPDOWN_IPV4&&ENABLE_FEATURE_IFUPDOWN_IP,3,45,"296,297,298,299,300,301,302,303,304,305,306,307,308,309,310,311,312,313,314,315,316,317,318,319,381,382,383,384,385,386,391,392,393,394,395,396,397,398,399,400,401,402,403,404,405"
ifupdown.txt,ENABLE_FEATURE_IFUPDOWN_IPV4&&!ENABLE_FEATURE_IFUPDOWN_EXTERNAL_DHCP&&ENABLE_UDHCPC,3,25,"666,667,668,672,676,677,678,679,680,713,714,715,716,717,718,719,720,721,722,723,724,725,726,727,728"
ifupdown.txt,ENABLE_FEATURE_IFUPDOWN_IPV4&&!ENABLE_FEATURE_IFUPDOWN_EXTERNAL_DHCP&&!ENABLE_UDHCPC,3,10,"682,683,684,685,686,730,731,732,733,734"
ifupdown.txt,ENABLE_FEATURE_IFUPDOWN_IPV4&&ENABLE_FEATURE_IFUPDOWN_IP&&ENABLE_FEATURE_IFUPDOWN_EXTERNAL_DHCP,3,3,"650,651,652"
ifupdown.txt,ENABLE_FEATURE_IFUPDOWN_IPV4&&!ENABLE_FEATURE_IFUPDOWN_IP&&ENABLE_FEATURE_IFUPDOWN_EXTERNAL_DHCP,3,3,"654,655,656"
ifupdown.txt,!ENABLE_FEATURE_IFUPDOWN_IPV4&&ENABLE_FEATURE_IFUPDOWN_IPV6||ENABLE_FEATURE_IFUPDOWN_IPV4,2,164,"243,244,245,246,247,248,249,250,251,252,253,254,255,256,257,258,259,260,261,262,263,264,265,266,267,268,269,270,271,272,273,274,275,276,277,278,279,280,281,282,283,284,285,286,287,288,289,290,291,292,293,294,295,320,321,322,323,324,325,326,327,328,329,330,331,332,333,334,335,336,337,338,339,340,341,342,343,344,345,346,347,348,349,350,351,352,353,354,355,356,357,358,359,360,361,362,363,364,365,366,367,368,369,370,371,372,373,374,375,376,377,378,379,380,387,388,389,390,406,407,408,409,410,411,412,413,414,415,416,417,418,419,420,421,422,423,424,425,426,427,428,429,430,431,432,433,434,435,436,437,438,439,440,441,442,443,444,445,446,447,448,449,450,451"
ifupdown.txt,ENABLE_FEATURE_IFUPDOWN_IPV4&&ENABLE_FEATURE_IFUPDOWN_EXTERNAL_DHCP,2,60,"618,619,620,621,622,623,624,625,626,627,628,629,630,631,632,633,634,635,636,637,638,639,640,641,642,646,647,648,649,653,657,658,659,660,661,662,663,664,690,691,692,693,694,695,696,697,698,699,700,701,702,703,704,705,706,707,708,709,710,711"
ifupdown.txt,ENABLE_FEATURE_IFUPDOWN_IPV6&&ENABLE_FEATURE_IFUPDOWN_IP,2,27,"460,461,462,463,472,487,488,489,490,504,511,512,513,514,515,516,517,518,519,520,521,522,523,524,525,526,531"
ifupdown.txt,ENABLE_FEATURE_IFUPDOWN_IPV4&&ENABLE_FEATURE_IFUPDOWN_IP,2,18,"552,553,554,555,564,565,566,567,577,578,579,580,581,602,603,604,605,606"
ifupdown.txt,ENABLE_FEATURE_IFUPDOWN_IPV4&&!ENABLE_FEATURE_IFUPDOWN_IP,2,16,"557,569,583,584,585,586,587,588,589,590,591,608,609,610,611,612"
ifupdown.txt,ENABLE_FEATURE_IFUPDOWN_IPV6&&!ENABLE_FEATURE_IFUPDOWN_IP,2,6,"465,474,492,493,494,506"
inet_common.txt,ENABLE_FEATURE_IPV6&&!(IN6_IS_ADDR_UNSPECIFIED),2,3,"170,171,172"
inetd.txt,!BB_MMU&&!ENABLE_FEATURE_INETD_SUPPORT_BUILTIN_DISCARD&&!ENABLE_FEATURE_INETD_SUPPORT_BUILTIN_ECHO&&!ENABLE_FEATURE_INETD_SUPPORT_BUILTIN_TIME&&!ENABLE_FEATURE_INETD_SUPPORT_BUILTIN_DAYTIME&&(INETD_BUILTINS_ENABLED)||!BB_MMU&&!ENABLE_FEATURE_INETD_SUPPORT_BUILTIN_DISCARD&&!ENABLE_FEATURE_INETD_SUPPORT_BUILTIN_ECHO&&!ENABLE_FEATURE_INETD_SUPPORT_BUILTIN_TIME&&ENABLE_FEATURE_INETD_SUPPORT_BUILTIN_DAYTIME||!BB_MMU&&!ENABLE_FEATURE_INETD_SUPPORT_BUILTIN_DISCARD&&!ENABLE_FEATURE_INETD_SUPPORT_BUILTIN_ECHO&&ENABLE_FEATURE_INETD_SUPPORT_BUILTIN_TIME||!BB_MMU&&!ENABLE_FEATURE_INETD_SUPPORT_BUILTIN_DISCARD&&ENABLE_FEATURE_INETD_SUPPORT_BUILTIN_ECHO||!BB_MMU&&ENABLE_FEATURE_INETD_SUPPORT_BUILTIN_DISCARD||BB_MMU&&!ENABLE_FEATURE_INETD_SUPPORT_BUILTIN_DISCARD&&!ENABLE_FEATURE_INETD_SUPPORT_BUILTIN_ECHO&&!ENABLE_FEATURE_INETD_SUPPORT_BUILTIN_TIME&&!ENABLE_FEATURE_INETD_SUPPORT_BUILTIN_DAYTIME&&!ENABLE_FEATURE_INETD_SUPPORT_BUILTIN_CHARGEN&&(INETD_BUILTINS_ENABLED)||BB_MMU&&!ENABLE_FEATURE_INETD_SUPPORT_BUILTIN_DISCARD&&!ENABLE_FEATURE_INETD_SUPPORT_BUILTIN_ECHO&&!ENABLE_FEATURE_INETD_SUPPORT_BUILTIN_TIME&&!ENABLE_FEATURE_INETD_SUPPORT_BUILTIN_DAYTIME&&ENABLE_FEATURE_INETD_SUPPORT_BUILTIN_CHARGEN||BB_MMU&&!ENABLE_FEATURE_INETD_SUPPORT_BUILTIN_DISCARD&&!ENABLE_FEATURE_INETD_SUPPORT_BUILTIN_ECHO&&!ENABLE_FEATURE_INETD_SUPPORT_BUILTIN_TIME&&ENABLE_FEATURE_INETD_SUPPORT_BUILTIN_DAYTIME||BB_MMU&&!ENABLE_FEATURE_INETD_SUPPORT_BUILTIN_DISCARD&&!ENABLE_FEATURE_INETD_SUPPORT_BUILTIN_ECHO&&ENABLE_FEATURE_INETD_SUPPORT_BUILTIN_TIME||BB_MMU&&!ENABLE_FEATURE_INETD_SUPPORT_BUILTIN_DISCARD&&ENABLE_FEATURE_INETD_SUPPORT_BUILTIN_ECHO||BB_MMU&&ENABLE_FEATURE_INETD_SUPPORT_BUILTIN_DISCARD,7,77,"320,330,331,334,335,336,339,340,341,344,345,346,349,350,351,354,355,356,357,358,359,360,361,362,363,364,365,367,368,370,371,373,374,376,377,379,380,876,877,878,879,880,881,882,883,884,885,886,887,888,889,890,891,892,1369,1370,1371,1372,1401,1402,1403,1440,1441,1442,1443,1444,1445,1446,1447,1448,1449,1450,1451,1452,1453,1454,1455"
inetd.txt,ENABLE_FEATURE_INETD_SUPPORT_BUILTIN_DISCARD||ENABLE_FEATURE_INETD_SUPPORT_BUILTIN_ECHO||ENABLE_FEATURE_INETD_SUPPORT_BUILTIN_CHARGEN||ENABLE_FEATURE_INETD_SUPPORT_BUILTIN_TIME||ENABLE_FEATURE_INETD_SUPPORT_BUILTIN_DAYTIME,5,5,"283,284,285,286,287"
inetd.txt,ENABLE_FEATURE_INETD_RPC&&(__UCLIBC__)&&!(__UCLIBC_HAS_RPC__),3,6,"248,249,250,251,252,253"
inetd.txt,!BB_MMU&&!ENABLE_FEATURE_INETD_SUPPORT_BUILTIN_DISCARD&&ENABLE_FEATURE_INETD_SUPPORT_BUILTIN_ECHO||!BB_MMU&&ENABLE_FEATURE_INETD_SUPPORT_BUILTIN_DISCARD,3,1,1541
inetd.txt,BB_MMU&&ENABLE_FEATURE_INETD_SUPPORT_BUILTIN_CHARGEN,2,75,"352,353,372,399,400,401,1620,1621,1622,1623,1624,1625,1626,1627,1628,1629,1630,1631,1632,1633,1634,1635,1636,1637,1638,1639,1640,1641,1642,1643,1644,1645,1646,1647,1648,1649,1650,1651,1652,1653,1654,1655,1656,1657,1658,1659,1660,1661,1662,1663,1664,1665,1666,1667,1668,1669,1670,1671,1672,1673,1674,1675,1676,1677,1678,1679,1680,1681,1682,1683,1684,1685,1686,1687,1688"
inetd.txt,!BB_MMU&&ENABLE_FEATURE_INETD_SUPPORT_BUILTIN_DISCARD,2,10,"1598,1599,1600,1601,1602,1603,1604,1605,1606,1607"
inetd.txt,!BB_MMU&&ENABLE_FEATURE_INETD_SUPPORT_BUILTIN_ECHO,2,9,"1561,1562,1563,1564,1565,1566,1567,1568,1569"
inetd.txt,BB_MMU&&ENABLE_FEATURE_INETD_SUPPORT_BUILTIN_ECHO,2,6,"1554,1555,1556,1557,1558,1559"
inetd.txt,ENABLE_FEATURE_INETD_SUPPORT_BUILTIN_ECHO||ENABLE_FEATURE_INETD_SUPPORT_BUILTIN_DISCARD,2,3,"1539,1540,1542"
inetd.txt,BB_MMU&&ENABLE_FEATURE_INETD_SUPPORT_BUILTIN_DISCARD,2,2,"1595,1596"
init.txt,!(__linux__)&&(RB_ENABLE_CAD)||(__linux__)&&!(RB_HALT_SYSTEM)||(__linux__)&&(RB_HALT_SYSTEM)&&(RB_ENABLE_CAD),3,4,"860,861,862,863"
init.txt,!(__linux__)&&(RB_DISABLE_CAD)||(__linux__)&&!(RB_HALT_SYSTEM)||(__linux__)&&(RB_HALT_SYSTEM)&&(RB_DISABLE_CAD),3,3,"1086,1087,1088"
init.txt,ENABLE_FEATURE_USE_INITTAB&&ENABLE_FEATURE_KILL_REMOVED,2,15,"933,934,935,936,937,938,939,940,941,942,943,944,945,946,947"
init.txt,!(__FreeBSD__)&&(__FreeBSD_kernel__)||(__FreeBSD__),2,3,"301,302,303"
init.txt,!ENABLE_FEATURE_INIT_SYSLOG&&(VT_OPENQRY),2,1,331
init_handle.txt,!ENABLE_CPIO&&!ENABLE_RPM2CPIO&&ENABLE_RPM||!ENABLE_CPIO&&ENABLE_RPM2CPIO||ENABLE_CPIO,3,2,"20,21"
install.txt,ENABLE_FEATURE_INSTALL_LONG_OPTIONS&&ENABLE_SELINUX,2,3,"59,60,61"
interface.txt,ENABLE_FEATURE_IPV6&&(UNUSED),2,13,"175,176,177,178,179,180,181,182,183,184,185,186,187"
interface.txt,ENABLE_FEATURE_IPV6&&!(_LINUX_IN6_H),2,8,"58,59,60,61,62,63,64,65"
interface.txt,(INT_MAX==LONG_MAX),2,5,"449,450,451,452,453"
interface.txt,!(INT_MAX==LONG_MAX),2,5,"455,456,457,458,459"
interface.txt,ENABLE_FEATURE_HWIB&&(HWIB_DEBUG),2,1,1117
iostat.txt,CPUTIME_MAX>0xffffffff,2,18,"207,208,209,210,211,212,213,214,215,216,217,218,219,220,221,222,223,224"
ip.txt,!ENABLE_IPADDR&&!ENABLE_IPLINK&&!ENABLE_IPROUTE&&!ENABLE_IPRULE&&!ENABLE_IPTUNNEL&&ENABLE_IPNEIGH||!ENABLE_IPADDR&&!ENABLE_IPLINK&&!ENABLE_IPROUTE&&!ENABLE_IPRULE&&ENABLE_IPTUNNEL||!ENABLE_IPADDR&&!ENABLE_IPLINK&&!ENABLE_IPROUTE&&ENABLE_IPRULE||!ENABLE_IPADDR&&!ENABLE_IPLINK&&ENABLE_IPROUTE||!ENABLE_IPADDR&&ENABLE_IPLINK||ENABLE_IPADDR,6,10,"380,381,382,383,384,385,386,387,388,389"
ipcalc.txt,ENABLE_FEATURE_IPCALC_LONG_OPTIONS&&ENABLE_FEATURE_IPCALC_FANCY,2,3,"87,88,89"
ipcrm.txt,!(__GNU_LIBRARY__)||(__GNU_LIBRARY__)&&(_SEM_SEMUN_UNDEFINED),2,7,"34,35,36,37,38,39,40"
ipcrm.txt,(__GNU_LIBRARY__)&&!(_SEM_SEMUN_UNDEFINED),2,1,32
ipcs.txt,!(__GNU_LIBRARY__)||(__GNU_LIBRARY__)&&(_SEM_SEMUN_UNDEFINED),2,7,"77,78,79,80,81,82,83"
ipcs.txt,(__GNU_LIBRARY__)&&!(_SEM_SEMUN_UNDEFINED),2,1,75
iplink.txt,ENABLE_FEATURE_IP_LINK_CAN&&!(CAN_CTRLMODE_ONE_SHOT),2,1,56
iplink.txt,ENABLE_FEATURE_IP_LINK_CAN&&!(CAN_CTRLMODE_BERR_REPORTING),2,1,59
iplink.txt,ENABLE_FEATURE_IP_LINK_CAN&&!(CAN_CTRLMODE_FD),2,1,62
iplink.txt,ENABLE_FEATURE_IP_LINK_CAN&&!(CAN_CTRLMODE_PRESUME_ACK),2,1,65
iplink.txt,ENABLE_FEATURE_IP_LINK_CAN&&!(CAN_CTRLMODE_FD_NON_ISO),2,1,68
iplink.txt,ENABLE_FEATURE_IP_LINK_CAN&&!(IFLA_CAN_TERMINATION),2,1,71
iplink.txt,ENABLE_FEATURE_IP_LINK_CAN&&(CAN_CTRLMODE_CC_LEN8_DLC),2,1,448
iplink.txt,ENABLE_FEATURE_IP_LINK_CAN&&!(CAN_CTRLMODE_CC_LEN8_DLC),2,1,450
iproute.txt,ENABLE_FEATURE_IP_RULE&&HAVE_RTA_TABLE,2,4,"463,464,465,466"
isqrt.txt,(LLONG_MAX>LONG_MAX)&&!(i386),3,19,"64,65,66,67,68,69,70,71,72,73,74,75,76,77,78,79,80,81,82"
isqrt.txt,(LLONG_MAX>LONG_MAX)&&(i386),3,17,"46,47,48,49,50,51,52,53,54,55,56,57,58,59,60,61,62"
isqrt.txt,(ISQRT_TEST)&&LLONG_MAX==LONG_MAX,3,1,88
kill.txt,!ENABLE_ASH_JOB_CONTROL&&!ENABLE_HUSH_KILL&&!(((ENABLE_KILL+ENABLE_KILLALL)+ENABLE_KILLALL5)==1)||!ENABLE_ASH_JOB_CONTROL&&ENABLE_HUSH_KILL&&!(((1+ENABLE_KILLALL)+ENABLE_KILLALL5)==1)||ENABLE_ASH_JOB_CONTROL&&!(((1+ENABLE_KILLALL)+ENABLE_KILLALL5)==1),5,7,"120,121,122,123,124,125,126"
kill.txt,!ENABLE_ASH_JOB_CONTROL&&!ENABLE_HUSH_KILL&&!ENABLE_KILLALL&&ENABLE_KILL||!ENABLE_ASH_JOB_CONTROL&&!ENABLE_HUSH_KILL&&ENABLE_KILLALL||!ENABLE_ASH_JOB_CONTROL&&ENABLE_HUSH_KILL||ENABLE_ASH_JOB_CONTROL,4,36,"113,177,269,270,271,272,273,274,275,276,277,278,279,280,281,282,283,284,285,286,287,288,289,290,291,292,293,294,295,296,297,298,299,300,301,302"
kill.txt,!ENABLE_ASH_JOB_CONTROL&&!ENABLE_HUSH_KILL&&ENABLE_KILL||!ENABLE_ASH_JOB_CONTROL&&ENABLE_HUSH_KILL||ENABLE_ASH_JOB_CONTROL,3,8,"306,307,308,330,339,340,341,342"
kill.txt,!ENABLE_ASH_JOB_CONTROL&&!ENABLE_HUSH_KILL&&ENABLE_KILL,3,8,"331,332,333,334,335,336,337,338"
kill.txt,!ENABLE_ASH_JOB_CONTROL&&ENABLE_HUSH_KILL||ENABLE_ASH_JOB_CONTROL,2,21,"309,310,311,312,313,314,315,316,317,318,319,320,321,322,323,324,325,326,327,328,329"
klogd.txt,!ENABLE_FEATURE_KLOGD_KLOGCTL&&!(_PATH_KLOG)&&(__GNU__)||(__FreeBSD__),4,1,104
klogd.txt,!ENABLE_FEATURE_KLOGD_KLOGCTL&&!(_PATH_KLOG)&&!((__GNU__)||(__FreeBSD__)),4,1,106
last.txt,EMPTY!=0||RUN_LVL!=1||BOOT_TIME!=2||NEW_TIME!=3||OLD_TIME!=4,5,2,"65,66"
last.txt,(__UT_LINESIZE)&&((__UT_LINESIZE!=32)||(__UT_NAMESIZE!=32)||(__UT_HOSTSIZE!=256)),3,3,"59,60,61"
last.txt,(UT_LINESIZE)&&((UT_LINESIZE!=32)||(UT_NAMESIZE!=32)||(UT_HOSTSIZE!=256)),3,2,"56,57"
last_fancy.txt,!(__UT_LINESIZE)&&(UT_LINESIZE),2,1,26
less.txt,ENABLE_FEATURE_LESS_REGEXP&&!ENABLE_FEATURE_LESS_WINCH&&ENABLE_FEATURE_LESS_DASHCMD&&ENABLE_FEATURE_LESS_LINENUMS||ENABLE_FEATURE_LESS_REGEXP&&ENABLE_FEATURE_LESS_WINCH,4,1,425
less.txt,!ENABLE_FEATURE_LESS_WINCH&&ENABLE_FEATURE_LESS_DASHCMD&&ENABLE_FEATURE_LESS_LINENUMS||ENABLE_FEATURE_LESS_WINCH,3,84,"343,344,345,346,347,348,349,350,351,352,353,354,355,356,357,358,359,360,361,362,363,364,365,366,367,368,369,370,371,372,373,374,375,376,377,378,379,380,381,382,383,384,385,386,387,388,389,390,391,392,393,394,395,396,397,398,399,400,401,402,403,404,405,406,407,408,409,410,411,412,413,414,415,416,417,418,419,420,421,422,423,424,426,427"
less.txt,ENABLE_FEATURE_LESS_DASHCMD&&(BLOAT),2,36,"1544,1545,1546,1547,1548,1549,1550,1551,1552,1553,1554,1555,1556,1557,1558,1559,1560,1561,1562,1563,1564,1565,1566,1567,1568,1569,1570,1571,1572,1573,1574,1575,1576,1802,1803,1804"
less.txt,ENABLE_FEATURE_LESS_WINCH&&ENABLE_FEATURE_LESS_ASK_TERMINAL,2,6,"1971,1972,1973,1974,1975,1976"
less.txt,ENABLE_FEATURE_LESS_DASHCMD&&ENABLE_FEATURE_LESS_LINENUMS,2,5,"1534,1535,1536,1537,1538"
less.txt,ENABLE_FEATURE_LESS_DASHCMD&&ENABLE_FEATURE_LESS_TRUNCATE,2,4,"1528,1529,1530,1531"
lineedit.txt,!(TEST)&&ENABLE_FEATURE_EDITING&&!ENABLE_SHELL_ASH&&ENABLE_SHELL_HUSH&&ENABLE_FEATURE_TAB_COMPLETION&&ENABLE_FEATURE_SH_STANDALONE&&(NUM_APPLETS!=1)||!(TEST)&&ENABLE_FEATURE_EDITING&&ENABLE_SHELL_ASH&&ENABLE_FEATURE_TAB_COMPLETION&&ENABLE_FEATURE_SH_STANDALONE&&(NUM_APPLETS!=1),7,7,"871,872,873,874,875,876,877"
lineedit.txt,!(TEST)&&ENABLE_FEATURE_EDITING&&!ENABLE_SHELL_ASH&&ENABLE_SHELL_HUSH&&ENABLE_FEATURE_USERNAME_COMPLETION&&ENABLE_FEATURE_TAB_COMPLETION||!(TEST)&&ENABLE_FEATURE_EDITING&&ENABLE_SHELL_ASH&&ENABLE_FEATURE_USERNAME_COMPLETION&&ENABLE_FEATURE_TAB_COMPLETION,6,59,"732,733,734,735,736,737,738,739,740,741,742,743,744,745,746,747,748,749,750,751,752,753,754,755,756,757,758,759,760,761,762,763,764,765,766,767,768,769,770,771,772,773,774,775,776,777,778,779,780,781,782,783,862,863,1264,1265,1266,1267,1268"
lineedit.txt,!(TEST)&&ENABLE_FEATURE_EDITING&&!ENABLE_SHELL_ASH&&ENABLE_SHELL_HUSH&&!ENABLE_FEATURE_USERNAME_COMPLETION&&ENABLE_FEATURE_EDITING_FANCY_PROMPT||!(TEST)&&ENABLE_FEATURE_EDITING&&!ENABLE_SHELL_ASH&&ENABLE_SHELL_HUSH&&ENABLE_FEATURE_USERNAME_COMPLETION||!(TEST)&&ENABLE_FEATURE_EDITING&&ENABLE_SHELL_ASH&&!ENABLE_FEATURE_USERNAME_COMPLETION&&ENABLE_FEATURE_EDITING_FANCY_PROMPT||!(TEST)&&ENABLE_FEATURE_EDITING&&ENABLE_SHELL_ASH&&ENABLE_FEATURE_USERNAME_COMPLETION,6,37,"159,160,161,226,227,235,236,237,238,239,240,241,242,243,244,245,246,247,248,249,250,251,252,253,254,255,256,257,258,260,261,262,263,264,265,266,267"
lineedit.txt,!(TEST)&&ENABLE_FEATURE_EDITING&&!ENABLE_SHELL_ASH&&ENABLE_SHELL_HUSH&&ENABLE_UNICODE_SUPPORT&&ENABLE_FEATURE_TAB_COMPLETION||!(TEST)&&ENABLE_FEATURE_EDITING&&ENABLE_SHELL_ASH&&ENABLE_UNICODE_SUPPORT&&ENABLE_FEATURE_TAB_COMPLETION,6,32,"1218,1219,1250,1251,1252,1253,1254,1255,1256,1358,1359,1360,1361,1362,1363,1364,1365,1366,1367,1368,1369,1370,1371,1372,1373,1374,1375,1376,1377,1378,1379,1380"
lineedit.txt,!(TEST)&&ENABLE_FEATURE_EDITING&&!ENABLE_SHELL_ASH&&ENABLE_SHELL_HUSH&&!ENABLE_UNICODE_SUPPORT&&ENABLE_FEATURE_TAB_COMPLETION||!(TEST)&&ENABLE_FEATURE_EDITING&&ENABLE_SHELL_ASH&&!ENABLE_UNICODE_SUPPORT&&ENABLE_FEATURE_TAB_COMPLETION,6,21,"402,403,404,405,1248,1341,1342,1343,1344,1345,1346,1347,1348,1349,1350,1351,1352,1353,1354,1355,1356"
lineedit.txt,!(TEST)&&ENABLE_FEATURE_EDITING&&!ENABLE_SHELL_ASH&&ENABLE_SHELL_HUSH&&ENABLE_FEATURE_EDITING_FANCY_PROMPT&&ENABLE_UNICODE_SUPPORT||!(TEST)&&ENABLE_FEATURE_EDITING&&ENABLE_SHELL_ASH&&ENABLE_FEATURE_EDITING_FANCY_PROMPT&&ENABLE_UNICODE_SUPPORT,6,10,"2126,2127,2128,2129,2130,2131,2132,2133,2134,2135"
lineedit.txt,!(TEST)&&ENABLE_FEATURE_EDITING&&!ENABLE_SHELL_ASH&&ENABLE_SHELL_HUSH&&ENABLE_FEATURE_TAB_COMPLETION&&EDITING_HAS_path_lookup||!(TEST)&&ENABLE_FEATURE_EDITING&&ENABLE_SHELL_ASH&&ENABLE_FEATURE_TAB_COMPLETION&&EDITING_HAS_path_lookup,6,3,"800,801,802"
lineedit.txt,!(TEST)&&ENABLE_FEATURE_EDITING&&!ENABLE_SHELL_ASH&&ENABLE_SHELL_HUSH&&ENABLE_FEATURE_EDITING_FANCY_PROMPT&&EDITING_HAS_sh_get_var||!(TEST)&&ENABLE_FEATURE_EDITING&&ENABLE_SHELL_ASH&&ENABLE_FEATURE_EDITING_FANCY_PROMPT&&EDITING_HAS_sh_get_var,6,3,"2057,2058,2059"
lineedit.txt,!(TEST)&&ENABLE_FEATURE_EDITING&&!ENABLE_SHELL_ASH&&ENABLE_SHELL_HUSH&&ENABLE_FEATURE_EDITING_FANCY_PROMPT&&!EDITING_HAS_sh_get_var||!(TEST)&&ENABLE_FEATURE_EDITING&&ENABLE_SHELL_ASH&&ENABLE_FEATURE_EDITING_FANCY_PROMPT&&!EDITING_HAS_sh_get_var,6,1,2061
lineedit.txt,!(TEST)&&ENABLE_FEATURE_EDITING&&!ENABLE_SHELL_ASH&&ENABLE_SHELL_HUSH&&ENABLE_FEATURE_EDITING_FANCY_PROMPT&&!ENABLE_UNICODE_SUPPORT||!(TEST)&&ENABLE_FEATURE_EDITING&&ENABLE_SHELL_ASH&&ENABLE_FEATURE_EDITING_FANCY_PROMPT&&!ENABLE_UNICODE_SUPPORT,6,1,2137
lineedit.txt,!(TEST)&&ENABLE_FEATURE_EDITING&&!ENABLE_SHELL_ASH&&ENABLE_SHELL_HUSH&&ENABLE_FEATURE_TAB_COMPLETION||!(TEST)&&ENABLE_FEATURE_EDITING&&ENABLE_SHELL_ASH&&ENABLE_FEATURE_TAB_COMPLETION,5,583,"165,166,695,696,697,698,699,700,701,702,703,704,705,706,707,708,709,710,711,712,713,714,715,716,717,718,719,720,721,722,723,724,725,726,727,728,729,730,731,784,785,786,787,788,789,790,791,792,793,794,795,796,797,798,799,803,804,805,806,807,808,809,810,811,812,813,814,815,816,817,818,819,820,821,822,823,824,825,826,827,828,829,830,831,832,833,834,835,836,837,838,839,840,841,842,843,844,845,846,847,848,849,850,851,852,853,854,855,856,857,858,859,860,861,864,865,866,867,868,869,870,878,879,880,881,882,883,884,885,886,887,888,889,890,891,892,893,894,895,896,897,898,899,900,901,902,903,904,905,906,907,908,909,910,911,912,913,914,915,916,917,918,919,920,921,922,923,924,925,926,927,928,929,930,931,932,933,934,935,936,937,938,939,940,941,942,943,944,945,946,947,948,949,950,951,952,953,954,955,956,957,958,959,960,961,962,963,964,965,966,967,968,969,970,971,972,973,974,975,976,977,978,979,980,981,982,983,984,985,986,987,988,989,990,991,992,993,994,995,996,997,998,999,1000,1001,1002,1003,1004,1005,1006,1007,1008,1009,1010,1011,1012,1013,1014,1015,1016,1017,1018,1019,1020,1021,1022,1023,1024,1025,1026,1027,1028,1029,1030,1031,1032,1033,1034,1035,1036,1037,1038,1039,1040,1041,1042,1043,1044,1045,1046,1047,1048,1049,1050,1051,1052,1053,1054,1055,1056,1057,1058,1059,1060,1061,1062,1063,1064,1065,1066,1067,1068,1069,1070,1071,1072,1073,1074,1075,1076,1077,1078,1079,1080,1081,1082,1083,1084,1085,1086,1087,1088,1089,1090,1091,1092,1093,1094,1095,1096,1097,1098,1099,1100,1101,1102,1103,1104,1105,1106,1107,1108,1109,1110,1111,1112,1113,1114,1115,1116,1117,1118,1119,1120,1121,1122,1123,1124,1125,1126,1127,1128,1129,1130,1131,1132,1133,1134,1135,1136,1137,1138,1139,1140,1141,1142,1143,1144,1145,1146,1147,1148,1149,1150,1151,1152,1153,1154,1155,1156,1157,1158,1159,1160,1161,1162,1163,1164,1165,1166,1167,1168,1169,1170,1171,1172,1173,1174,1175,1176,1177,1178,1179,1180,1181,1182,1183,1184,1185,1186,1187,1188,1189,1190,1191,1192,1193,1194,1195,1196,1197,1198,1199,1200,1201,1202,1203,1204,1205,1206,1207,1208,1209,1210,1211,1212,1213,1214,1215,1216,1217,1220,1221,1222,1223,1224,1225,1226,1227,1228,1229,1230,1231,1232,1233,1234,1235,1236,1237,1238,1239,1240,1241,1242,1243,1244,1245,1246,1247,1249,1257,1258,1259,1260,1261,1262,1263,1269,1270,1271,1272,1273,1274,1275,1276,1277,1278,1279,1280,1281,1282,1283,1284,1285,1286,1287,1288,1289,1290,1291,1292,1293,1294,1295,1296,1297,1298,1299,1300,1301,1302,1303,1304,1305,1306,1307,1308,1309,1310,1311,1312,1313,1314,1315,1316,1317,1318,1319,1320,1321,1322,1323,1324,1325,1326,1327,1328,1329,1330,1331,1332,1333,1334,1335,1336,1337,1338,1339,1340,1357,1381,1382,1383,1384,1385,1386,2480,2649,2650,2651,2982,2983,3023"
lineedit.txt,!(TEST)&&ENABLE_FEATURE_EDITING&&!ENABLE_SHELL_ASH&&ENABLE_SHELL_HUSH&&ENABLE_FEATURE_EDITING_FANCY_PROMPT||!(TEST)&&ENABLE_FEATURE_EDITING&&ENABLE_SHELL_ASH&&ENABLE_FEATURE_EDITING_FANCY_PROMPT,5,188,"221,222,223,271,272,273,274,275,276,277,1961,1962,1963,1964,1965,1966,1967,1968,1969,1970,1971,1972,1973,1974,1975,1976,1977,1978,1979,1980,1981,1982,1983,1984,1985,1986,1987,1988,1989,1990,1991,1992,1993,1994,1995,1996,1997,1998,1999,2000,2001,2002,2003,2004,2005,2006,2007,2008,2009,2010,2011,2012,2013,2014,2015,2016,2017,2018,2019,2020,2021,2022,2023,2024,2025,2026,2027,2028,2029,2030,2031,2032,2033,2034,2035,2036,2037,2038,2039,2040,2041,2042,2043,2044,2045,2046,2047,2048,2049,2050,2051,2052,2053,2054,2055,2056,2060,2062,2063,2064,2065,2066,2067,2068,2069,2070,2071,2072,2073,2074,2075,2076,2077,2078,2079,2080,2081,2082,2083,2084,2085,2086,2087,2088,2089,2090,2091,2092,2093,2094,2095,2096,2097,2098,2099,2100,2101,2102,2103,2104,2105,2106,2107,2108,2109,2110,2111,2112,2113,2114,2115,2116,2117,2118,2119,2120,2121,2122,2123,2124,2125,2136,2138,2139,2140,2141,2142,2143,2144,2145,2146,2147,2148,2149,2150,2151,2152,2153"
lineedit.txt,!(TEST)&&ENABLE_FEATURE_EDITING&&(MAX_HISTORY>0)&&ENABLE_FEATURE_EDITING_SAVEHISTORY&&ENABLE_FEATURE_EDITING_SAVE_ON_EXIT,5,53,"1562,1563,1564,1565,1566,1567,1568,1569,1570,1571,1572,1573,1574,1575,1576,1577,1578,1579,1580,1581,1582,1583,1584,1585,1586,1587,1588,1589,1590,1591,1592,1593,1594,1595,1596,1597,1598,1599,1600,1601,1602,1603,1604,1605,1606,1607,1608,1609,1610,1611,1612,1613,1614"
lineedit.txt,!(TEST)&&ENABLE_FEATURE_EDITING&&(MAX_HISTORY>0)&&ENABLE_FEATURE_EDITING_SAVEHISTORY&&!ENABLE_FEATURE_EDITING_SAVE_ON_EXIT,5,52,"1616,1617,1618,1619,1620,1621,1622,1623,1624,1625,1626,1627,1628,1629,1630,1631,1632,1633,1634,1635,1636,1637,1638,1639,1640,1641,1642,1643,1644,1645,1646,1647,1648,1649,1650,1651,1652,1653,1654,1655,1656,1657,1658,1659,1660,1661,1662,1663,1664,1665,1666,1704"
lineedit.txt,!(TEST)&&ENABLE_FEATURE_EDITING&&!ENABLE_SHELL_ASH&&!ENABLE_SHELL_HUSH||!(TEST)&&ENABLE_FEATURE_EDITING&&!ENABLE_SHELL_ASH&&ENABLE_SHELL_HUSH&&!ENABLE_FEATURE_EDITING_FANCY_PROMPT||!(TEST)&&ENABLE_FEATURE_EDITING&&ENABLE_SHELL_ASH&&!ENABLE_FEATURE_EDITING_FANCY_PROMPT,5,10,"1950,1951,1952,1953,1954,1955,1956,1957,1958,1959"
lineedit.txt,!(TEST)&&ENABLE_FEATURE_EDITING&&ENABLE_UNICODE_SUPPORT&&!ENABLE_UNICODE_COMBINING_WCHARS&&!ENABLE_UNICODE_WIDE_WCHARS,5,4,"367,368,369,534"
lineedit.txt,!(TEST)&&ENABLE_FEATURE_EDITING&&ENABLE_UNICODE_SUPPORT&&!ENABLE_UNICODE_COMBINING_WCHARS&&ENABLE_UNICODE_WIDE_WCHARS||!(TEST)&&ENABLE_FEATURE_EDITING&&ENABLE_UNICODE_SUPPORT&&ENABLE_UNICODE_COMBINING_WCHARS,5,2,"365,391"
lineedit.txt,!(TEST)&&ENABLE_FEATURE_EDITING&&(MAX_HISTORY>0)&&ENABLE_FEATURE_EDITING_SAVEHISTORY,4,91,"1471,1472,1473,1474,1475,1476,1477,1478,1479,1485,1486,1487,1488,1489,1490,1491,1492,1493,1494,1495,1496,1497,1498,1499,1500,1501,1502,1503,1504,1505,1506,1507,1508,1509,1510,1511,1512,1513,1514,1515,1516,1517,1518,1519,1520,1521,1522,1523,1524,1525,1526,1527,1528,1529,1530,1531,1532,1533,1534,1535,1536,1537,1538,1539,1540,1541,1542,1543,1544,1545,1546,1547,1548,1549,1550,1551,1552,1553,1554,1555,1556,1557,1558,1559,1560,1561,1615,1667,2534,2535,2536"
lineedit.txt,!(TEST)&&ENABLE_FEATURE_EDITING&&ENABLE_UNICODE_SUPPORT&&ENABLE_UNICODE_PRESERVE_BROKEN,4,32,"309,310,311,312,313,314,315,316,317,318,319,320,321,322,323,324,325,326,327,328,329,330,331,332,333,334,335,336,337,338,339,2286"
lineedit.txt,!(TEST)&&ENABLE_FEATURE_EDITING&&ENABLE_UNICODE_SUPPORT&&ENABLE_FEATURE_REVERSE_SEARCH,4,10,"2392,2393,2394,2395,2396,2397,2398,2399,2400,2401"
lineedit.txt,!(TEST)&&ENABLE_FEATURE_EDITING&&ENABLE_UNICODE_SUPPORT&&!ENABLE_UNICODE_PRESERVE_BROKEN,4,6,"303,304,305,306,307,2284"
lineedit.txt,!(TEST)&&ENABLE_FEATURE_EDITING&&ENABLE_UNICODE_SUPPORT&&(MAX_HISTORY>0),4,5,"1424,1425,1426,1427,1428"
lineedit.txt,!(TEST)&&ENABLE_FEATURE_EDITING&&ENABLE_UNICODE_SUPPORT&&ENABLE_FEATURE_EDITING_VI,4,4,"89,90,91,92"
lineedit.txt,!(TEST)&&ENABLE_FEATURE_EDITING&&!ENABLE_UNICODE_SUPPORT&&ENABLE_FEATURE_EDITING_VI,4,4,"111,112,113,114"
lineedit.txt,!(TEST)&&ENABLE_FEATURE_EDITING&&(MAX_HISTORY>0)&&ENABLE_FEATURE_EDITING_SAVE_ON_EXIT,4,2,"1694,1695"
lineedit.txt,!(TEST)&&ENABLE_FEATURE_EDITING&&!ENABLE_UNICODE_SUPPORT&&(MAX_HISTORY>0),4,1,1430
lineedit.txt,!(TEST)&&ENABLE_FEATURE_EDITING&&ENABLE_FEATURE_EDITING_VI,3,287,"176,177,178,179,629,638,639,640,641,642,643,644,645,660,661,662,663,664,665,666,667,668,669,670,671,672,673,674,675,683,1714,1715,1716,1717,1718,1719,1720,1721,1722,1723,1724,1725,1726,1727,1728,1729,1730,1731,1732,1733,1734,1735,1736,1737,1738,1739,1740,1741,1742,1743,1744,1745,1746,1747,1748,1749,1750,1751,1752,1753,1754,1755,1756,1757,1758,1759,1760,1761,1762,1763,1764,1765,1766,1767,1768,1769,1770,1771,1772,1773,1774,1775,1776,1777,1778,1779,1780,1781,1782,1783,1784,1785,1786,1787,1788,1789,1790,1791,1792,1793,1794,1795,1796,1797,1798,1799,1800,1801,1802,1803,1804,1805,1806,1807,1808,1809,1810,1811,1812,1813,1814,1815,1816,1817,1818,1819,1820,1821,1822,2484,2597,2598,2599,2600,2601,2602,2640,2644,2707,2715,2725,2726,2727,2728,2729,2730,2731,2732,2733,2734,2735,2736,2737,2738,2739,2740,2741,2742,2743,2744,2745,2746,2747,2748,2749,2750,2751,2752,2753,2754,2755,2756,2757,2758,2759,2760,2761,2762,2763,2764,2765,2766,2767,2768,2769,2770,2771,2772,2773,2774,2775,2776,2777,2778,2779,2780,2781,2782,2783,2784,2785,2786,2787,2788,2789,2790,2791,2792,2793,2794,2795,2796,2797,2798,2799,2800,2801,2802,2803,2804,2805,2806,2807,2808,2809,2810,2811,2812,2813,2814,2815,2816,2817,2818,2819,2820,2821,2822,2823,2824,2825,2826,2827,2828,2829,2830,2831,2832,2833,2834,2835,2836,2837,2838,2839,2840,2841,2842,2843,2844,2845,2846,2847,2848,2849,2850,2851,2852,2853,2854,2855,2856,2857,2858,2859,2860,2924"
lineedit.txt,!(TEST)&&ENABLE_FEATURE_EDITING&&(MAX_HISTORY>0),3,138,"1396,1403,1404,1405,1406,1407,1408,1409,1410,1411,1412,1413,1414,1415,1416,1417,1418,1419,1420,1421,1422,1423,1429,1431,1432,1433,1434,1435,1436,1437,1438,1439,1440,1441,1442,1443,1444,1445,1446,1447,1448,1449,1450,1451,1452,1453,1454,1455,1456,1457,1458,1459,1460,1461,1462,1463,1464,1465,1466,1467,1468,1469,1470,1480,1482,1483,1484,1668,1671,1672,1673,1674,1675,1676,1677,1678,1679,1680,1681,1682,1683,1684,1685,1686,1687,1688,1689,1690,1691,1692,1693,1696,1697,1698,1699,1700,1701,1702,1703,1705,1706,1707,2532,2533,2537,2538,2539,2667,2668,2669,2670,2671,2672,2673,2674,2675,2676,2677,2678,2679,2680,2864,2865,2866,2867,2868,2869,2870,2871,2872,2873,2874,2875,2876,2877,2878,2879,3014"
lineedit.txt,!(TEST)&&ENABLE_FEATURE_EDITING&&ENABLE_UNICODE_SUPPORT,3,128,"82,83,84,85,86,87,88,93,94,95,96,97,98,99,100,101,102,103,104,105,281,282,283,284,285,286,287,288,289,290,291,292,293,294,295,296,297,298,299,300,301,302,308,340,341,342,343,344,345,346,347,348,349,350,351,352,353,354,355,356,357,358,359,360,361,362,363,364,366,370,371,372,373,374,375,376,377,378,379,380,381,382,383,384,385,386,387,388,389,390,392,393,394,2187,2188,2231,2232,2265,2266,2267,2268,2269,2270,2271,2272,2273,2274,2275,2276,2277,2278,2279,2280,2281,2282,2283,2285,2287,2288,2289,2290,2291,2292,2544,3007,3008,3009,3010"
lineedit.txt,!(TEST)&&ENABLE_FEATURE_EDITING&&ENABLE_FEATURE_REVERSE_SEARCH,3,121,"2327,2328,2329,2330,2331,2332,2333,2334,2335,2336,2337,2338,2339,2340,2341,2342,2343,2344,2345,2346,2347,2348,2349,2350,2351,2352,2353,2354,2355,2356,2357,2358,2359,2360,2361,2362,2363,2364,2365,2366,2367,2368,2369,2370,2371,2372,2373,2374,2375,2376,2377,2378,2379,2380,2381,2382,2383,2384,2385,2386,2387,2388,2389,2390,2391,2402,2403,2404,2405,2406,2407,2408,2409,2410,2411,2412,2413,2414,2415,2416,2417,2418,2419,2420,2421,2422,2423,2424,2425,2426,2427,2428,2429,2430,2431,2432,2433,2434,2435,2436,2437,2438,2439,2440,2441,2442,2443,2444,2445,2446,2447,2448,2449,2450,2451,2452,2453,2594,2719,2720,2721"
lineedit.txt,!(TEST)&&ENABLE_FEATURE_EDITING&&ENABLE_FEATURE_EDITING_ASK_TERMINAL,3,79,"182,1883,1884,1885,1886,1887,1888,1889,1890,1891,1892,1893,1894,1895,1896,1897,1898,1899,1900,1901,1902,1903,1904,1905,1906,1907,1908,1909,1910,1911,1912,1913,1914,1915,1916,1917,1918,1919,1920,1921,1922,2238,2239,2240,2241,2242,2243,2244,2245,2246,2247,2248,2249,2250,2251,2252,2253,2254,2255,2256,2257,2258,2259,2260,2261,2563,2988,2989,2990,2991,2992,2993,2994,2995,2996,2997,2998,2999,3000"
lineedit.txt,!(TEST)&&ENABLE_FEATURE_EDITING&&ENABLE_FEATURE_EDITING_WINCH,3,51,"170,171,172,186,187,2157,2158,2159,2160,2161,2162,2163,2164,2165,2166,2167,2168,2169,2170,2171,2172,2173,2174,2175,2176,2177,2178,2179,2180,2457,2458,2459,2460,2461,2462,2463,2464,2465,2566,2567,2568,2569,2583,2584,2585,2586,2587,2588,2589,3029,3030"
lineedit.txt,!(TEST)&&ENABLE_FEATURE_EDITING&&!ENABLE_UNICODE_SUPPORT,3,14,"396,397,398,399,400,401,406,407,408,409,441,473,2546,2547"
lineedit.txt,!(TEST)&&ENABLE_FEATURE_EDITING&&ENABLE_UNICODE_BIDI_SUPPORT,3,8,"2301,2302,2303,2304,2305,2306,2307,2308"
lineedit.txt,!(TEST)&&ENABLE_FEATURE_EDITING&&!ENABLE_FEATURE_EDITING_VI,3,2,"626,627"
lineedit.txt,!(TEST)&&ENABLE_FEATURE_EDITING,2,894,"58,59,60,68,69,70,71,72,73,75,77,78,79,80,81,106,117,118,121,123,124,125,126,127,128,129,130,131,132,133,134,135,136,137,138,139,140,141,142,143,144,145,146,147,148,149,150,151,152,153,154,155,156,157,158,162,163,164,167,168,169,173,174,175,180,181,183,184,185,188,189,190,191,192,193,194,195,196,197,198,199,200,201,202,203,204,205,206,207,208,209,210,211,212,213,214,215,216,217,218,219,220,224,225,228,229,230,231,232,233,234,268,269,270,278,279,280,395,410,411,412,413,414,415,416,417,418,419,420,421,422,423,424,425,426,427,428,429,430,431,432,433,434,435,436,437,438,439,440,442,443,444,445,446,447,448,449,450,451,452,453,454,455,467,468,469,470,471,472,474,475,476,477,478,479,480,481,482,483,484,485,486,487,488,489,490,491,492,493,494,495,496,497,498,499,500,501,502,503,504,505,506,507,508,509,510,511,512,513,514,515,516,517,518,519,520,521,522,523,524,525,526,527,528,529,530,531,532,533,535,536,537,538,539,540,541,542,543,544,545,546,547,548,549,550,551,552,553,554,555,556,557,558,559,560,561,562,563,564,565,566,567,568,569,570,571,572,573,574,575,576,577,578,579,580,581,582,583,584,585,586,587,588,589,590,591,592,593,594,595,596,597,598,599,600,601,602,603,604,605,606,607,608,609,610,611,612,613,614,615,616,617,618,619,620,621,622,623,624,625,628,630,631,632,633,634,635,636,637,646,647,648,649,650,651,652,653,654,655,656,657,658,659,676,677,678,679,680,681,682,684,685,686,687,688,689,690,691,692,693,694,1387,1388,1389,1390,1391,1392,1393,1394,1395,1397,1398,1399,1400,1401,1402,1708,1710,1711,1712,1713,1823,1824,1825,1826,1827,1828,1829,1830,1831,1832,1833,1834,1835,1836,1837,1838,1839,1840,1841,1842,1843,1844,1845,1846,1847,1848,1849,1850,1851,1852,1853,1854,1855,1856,1857,1858,1859,1860,1861,1862,1863,1864,1865,1866,1867,1868,1869,1870,1871,1872,1873,1874,1875,1876,1877,1878,1879,1880,1881,1882,1923,1925,1926,1927,1928,1929,1930,1931,1932,1933,1934,1935,1936,1937,1938,1939,1940,1941,1942,1943,1944,1945,1946,1947,1948,1949,1960,2154,2155,2156,2181,2182,2183,2184,2185,2186,2189,2190,2191,2192,2193,2194,2195,2196,2197,2198,2199,2200,2201,2202,2203,2204,2205,2206,2207,2208,2209,2210,2211,2212,2213,2214,2215,2216,2217,2218,2219,2220,2221,2222,2223,2224,2225,2226,2227,2228,2229,2230,2233,2234,2235,2236,2237,2262,2263,2264,2293,2294,2295,2296,2297,2298,2299,2300,2309,2311,2312,2313,2314,2315,2316,2317,2318,2319,2320,2321,2322,2323,2324,2325,2326,2454,2455,2456,2466,2467,2468,2469,2470,2471,2472,2473,2474,2475,2476,2477,2478,2479,2481,2482,2483,2485,2486,2487,2488,2489,2490,2491,2492,2493,2494,2495,2496,2497,2498,2499,2500,2501,2502,2503,2504,2505,2506,2507,2508,2509,2510,2511,2512,2513,2514,2515,2516,2517,2518,2519,2520,2521,2522,2523,2524,2525,2526,2527,2528,2529,2530,2531,2540,2541,2542,2543,2545,2548,2549,2550,2551,2552,2553,2557,2558,2559,2560,2561,2562,2564,2565,2570,2571,2572,2573,2574,2575,2576,2577,2578,2579,2580,2581,2582,2590,2591,2592,2593,2595,2596,2603,2604,2605,2606,2607,2608,2609,2610,2611,2612,2613,2614,2615,2616,2617,2618,2619,2620,2621,2622,2623,2624,2625,2626,2627,2628,2629,2630,2631,2632,2633,2634,2635,2636,2637,2638,2639,2641,2642,2643,2645,2646,2647,2648,2652,2653,2654,2655,2656,2657,2658,2659,2660,2661,2662,2663,2664,2665,2666,2681,2682,2683,2684,2685,2686,2687,2688,2689,2690,2691,2692,2693,2694,2695,2696,2697,2698,2699,2700,2701,2702,2703,2704,2705,2706,2708,2709,2710,2711,2712,2713,2714,2716,2717,2718,2722,2723,2724,2861,2862,2863,2880,2881,2882,2883,2884,2885,2886,2887,2888,2889,2890,2891,2892,2893,2894,2895,2896,2897,2898,2899,2900,2901,2902,2903,2904,2905,2906,2907,2908,2909,2910,2911,2912,2913,2914,2915,2916,2917,2918,2919,2920,2921,2922,2923,2925,2926,2927,2928,2929,2930,2931,2932,2933,2934,2935,2936,2937,2938,2939,2940,2941,2942,2943,2944,2945,2946,2947,2948,2949,2950,2951,2952,2953,2954,2955,2956,2957,2958,2959,2960,2961,2962,2963,2964,2965,2966,2967,2968,2969,2970,2971,2972,2973,2974,2975,2976,2977,2978,2979,2980,2981,2984,2985,2986,2987,3001,3002,3003,3004,3005,3006,3011,3012,3013,3015,3016,3017,3018,3019,3020,3021,3022,3024,3025,3026,3027,3028,3031,3032,3033,3034,3035,3036,3037,3038,3039"
lineedit.txt,!(TEST)&&!ENABLE_FEATURE_EDITING||(TEST),2,14,"3041,3042,3043,3044,3045,3046,3047,3048,3049,3050,3051,3052,3053,3054"
lineedit.txt,(TEST)&&ENABLE_FEATURE_EDITING_FANCY_PROMPT,2,3,"3073,3074,3075"
lineedit.txt,(TEST)&&!ENABLE_FEATURE_EDITING_FANCY_PROMPT,2,1,3077
ll_types.txt,ENABLE_FEATURE_IP_RARE_PROTOCOLS&&(ARPHRD_DDCMP),2,4,"74,75,163,164"
ll_types.txt,ENABLE_FEATURE_IP_RARE_PROTOCOLS&&(ARPHRD_ATM),2,2,"61,150"
ll_types.txt,ENABLE_FEATURE_IP_RARE_PROTOCOLS&&(ARPHRD_HWX25),2,2,"69,158"
loadfont.txt,ENABLE_SETFONT&&ENABLE_FEATURE_SETFONT_TEXTUAL_MAP,2,59,"412,413,414,415,416,417,418,419,420,421,422,423,424,476,477,478,479,480,481,482,483,484,485,486,487,488,489,490,491,492,493,494,495,496,497,498,499,500,501,502,503,504,505,506,507,508,509,510,511,512,513,514,515,516,517,518,519,520,521"
loadfont.txt,!(PIO_FONTX)||(PIO_FONTX)&&(__sparc__),2,2,"316,317"
login.txt,ENABLE_PAM&&ENABLE_LOGIN_SESSION_AS_CHILD,2,22,"233,234,235,236,237,238,239,240,241,242,243,244,245,246,247,248,249,250,251,252,487,549"
login.txt,!(ENABLE_LOGIN_SESSION_AS_CHILD&&ENABLE_PAM),2,1,254
loop.txt,!ENABLE_TRY_LOOP_CONFIGURE&&!ENABLE_LOOP_CONFIGURE&&ENABLE_NO_LOOP_CONFIGURE,3,1,177
loop.txt,!(LINUX_VERSION_CODE>=KERNEL_VERSION),2,24,"24,25,26,27,28,29,30,31,32,33,34,35,36,37,38,39,40,41,42,43,44,45,46,47"
loop.txt,!ENABLE_TRY_LOOP_CONFIGURE&&ENABLE_LOOP_CONFIGURE||ENABLE_TRY_LOOP_CONFIGURE,2,16,"114,115,116,117,118,119,120,131,132,142,156,157,158,159,160,164"
loop.txt,!ENABLE_TRY_LOOP_CONFIGURE&&ENABLE_NO_LOOP_CONFIGURE||ENABLE_TRY_LOOP_CONFIGURE,2,16,"167,168,169,170,171,172,173,174,175,176,178,179,180,181,182,183"
loop.txt,(LINUX_VERSION_CODE>=KERNEL_VERSION),2,9,"14,15,16,17,18,19,20,21,22"
loop.txt,!ENABLE_TRY_LOOP_CONFIGURE&&!ENABLE_LOOP_CONFIGURE,2,5,"134,144,147,148,153"
ls.txt,!ENABLE_FTPD&&!ENABLE_FEATURE_LS_SORTFILES&&ENABLE_FEATURE_LS_TIMESTAMPS||!ENABLE_FTPD&&ENABLE_FEATURE_LS_SORTFILES||ENABLE_FTPD,3,6,"336,821,822,823,824,825"
ls.txt,!ENABLE_FTPD&&ENABLE_FEATURE_LS_TIMESTAMPS||ENABLE_FTPD,2,29,"366,367,633,634,635,636,637,638,639,640,641,642,643,644,645,646,647,648,649,650,651,652,653,654,655,656,657,658,659"
ls.txt,!ENABLE_FEATURE_LS_COLOR&&ENABLE_FEATURE_LS_FILETYPES||ENABLE_FEATURE_LS_COLOR,2,13,"555,680,681,682,683,684,685,686,687,689,690,694,695"
ls.txt,ENABLE_FEATURE_LS_SORTFILES&&(HAVE_STRVERSCMP)&&(HAVE_STRVERSCMP==1),2,3,"958,959,960"
lsmod.txt,ENABLE_FEATURE_LSMOD_PRETTY_2_6_OUTPUT&&ENABLE_UNICODE_SUPPORT,2,14,"95,96,97,98,99,100,101,114,115,116,117,118,119,120"
lsmod.txt,ENABLE_FEATURE_LSMOD_PRETTY_2_6_OUTPUT&&!ENABLE_UNICODE_SUPPORT,2,2,"103,122"
lzo1x_c.txt,(LZO1Y)&&!(LZO1X),2,3,"174,175,190"
lzo1x_d.txt,!(COPY_DICT)&&(LZO1Z)&&!(LZO1X)&&!(LZO1Y),4,13,"200,201,202,203,204,205,206,207,208,209,210,211,212"
lzo1x_d.txt,(COPY_DICT)&&(LZO1Z)&&!(LZO1X)&&!(LZO1Y),4,8,"179,180,181,182,183,184,185,186"
lzo1x_d.txt,!(COPY_DICT)&&!(LZO1Z)&&(LZO_UNALIGNED_OK_2)&&(LZO_ABI_LITTLE_ENDIAN),4,3,"245,246,289"
lzo1x_d.txt,!(COPY_DICT)&&!(LZO1Z)&&!(LZO_UNALIGNED_OK_2)||!(COPY_DICT)&&!(LZO1Z)&&(LZO_UNALIGNED_OK_2)&&!(LZO_ABI_LITTLE_ENDIAN),4,3,"248,249,291"
lzo1x_d.txt,!(COPY_DICT)&&!(LZO_UNALIGNED_OK_4)&&(LZO_ALIGNED_OK_4)||!(COPY_DICT)&&(LZO_UNALIGNED_OK_4),3,13,"339,342,344,345,346,347,348,349,350,351,352,353,354"
lzo1x_d.txt,!(COPY_DICT)&&!(LZO1X)&&(LZO1Y),3,4,"195,196,197,198"
lzo1x_d.txt,(COPY_DICT)&&!(LZO1X)&&(LZO1Y),3,2,"176,177"
lzo1x_d.txt,!(COPY_DICT)&&!(LZO_UNALIGNED_OK_4)&&(LZO_ALIGNED_OK_4),3,2,"340,341"
lzo1x_d.txt,!(LZO_UNALIGNED_OK_4)&&(LZO_ALIGNED_OK_4)||(LZO_UNALIGNED_OK_4),2,23,"102,104,105,106,107,108,109,110,111,112,113,114,115,116,117,118,119,120,121,122,123,124,126"
lzo1x_d.txt,!(COPY_DICT)&&(LZO1Z),2,13,"152,153,154,239,240,241,242,243,287,298,314,315,316"
lzo1x_d.txt,(COPY_DICT)&&(LZO1Z),2,8,"143,144,232,233,274,283,305,306"
lzo1x_d.txt,!(COPY_DICT)&&!(LZO1Z),2,6,"156,157,158,318,319,320"
lzo1x_d.txt,(COPY_DICT)&&!(LZO1Z),2,4,"146,235,276,308"
lzo1x_d.txt,!(COPY_DICT)&&(LZO1X),2,4,"190,191,192,193"
lzo1x_d.txt,!(LZO_UNALIGNED_OK_4)&&(LZO_ALIGNED_OK_4),2,2,"103,125"
lzo1x_d.txt,(COPY_DICT)&&(LZO1X),2,2,"173,174"
lzo1x_d.txt,!(COPY_DICT)&&(LZO_UNALIGNED_OK_4),2,1,343
lzop.txt,!(LZO1X)&&(LZO1Y),2,4,"201,269,270,271"
mail.txt,!(__linux__)&&!(__FreeBSD__)&&!(PRCTL)&&(PROCCTL)||!(__linux__)&&(__FreeBSD__)&&!(PRCTL),4,4,"67,68,69,70"
mail.txt,!(__linux__)&&(PRCTL)||(__linux__),2,1,65
makedev.txt,(__FreeBSD__)||(__OpenBSD__)||(__NetBSD__)||(__APPLE__),4,2,"14,15"
makedev.txt,!((__FreeBSD__)||(__OpenBSD__)||(__NetBSD__)||(__APPLE__)),4,2,"17,18"
makedevs.txt,!ENABLE_FEATURE_MAKEDEVS_LEAF&&ENABLE_FEATURE_MAKEDEVS_TABLE,2,133,"176,177,178,179,180,181,182,183,184,185,186,187,188,189,190,191,192,193,194,195,196,197,198,199,200,201,202,203,204,205,206,207,208,209,210,211,212,213,214,215,216,217,218,219,220,221,222,223,224,225,226,227,228,229,230,231,232,233,234,235,236,237,238,239,240,241,242,243,244,245,246,247,248,249,250,251,252,253,254,255,256,257,258,259,260,261,262,263,264,265,266,267,268,269,270,271,272,273,274,275,276,277,278,279,280,281,282,283,284,285,286,287,288,289,290,291,292,293,294,295,296,297,298,299,300,301,302,303,304,305,306,307,308"
makedevs.txt,!(ENABLE_FEATURE_MAKEDEVS_LEAF||ENABLE_FEATURE_MAKEDEVS_TABLE),2,1,310
math.txt,!ENABLE_FEATURE_SH_MATH_BASE&&ENABLE_FEATURE_SH_MATH_64,2,1,646
math.txt,!ENABLE_FEATURE_SH_MATH_BASE&&!ENABLE_FEATURE_SH_MATH_64,2,1,648
mconf.txt,((LKC_H)|!(KBUILD_NO_NLS)),2,2,"1066,1067"
menubox.txt,(NCURSES_VERSION)&&(_NEED_WRAP)&&!(GCC_PRINTFLIKE),3,5,"80,81,82,83,84"
menubox.txt,!(NCURSES_VERSION)||(NCURSES_VERSION)&&!(_NEED_WRAP)||(NCURSES_VERSION)&&(_NEED_WRAP)&&(GCC_PRINTFLIKE),3,1,86
messages.txt,ENABLE_FEATURE_WTMP&&!(_PATH_WTMP)&&(WTMP_FILE),3,1,48
messages.txt,ENABLE_FEATURE_WTMP&&!((_PATH_WTMP)||(WTMP_FILE)),3,1,50
messages.txt,ENABLE_FEATURE_WTMP&&(_PATH_WTMP),2,1,46
missing_syscalls.txt,!(ANDROID)&&(__ANDROID__)&&(__ANDROID_API__<21)||(ANDROID)&&(__ANDROID_API__<21),3,4,"35,36,37,38"
missing_syscalls.txt,!(ANDROID)&&(__ANDROID__)||(ANDROID),2,25,"11,12,13,14,15,16,17,18,19,20,21,22,23,24,25,26,27,28,29,30,31,32,33,34,39"
mode_string.txt,!(S_IFSOCK!=49152)&&!(S_IFLNK!=40960)&&!(S_IFREG!=32768)&&!(S_IFBLK!=24576)&&!(S_IFDIR!=16384)&&!(S_IFCHR!=8192)&&(S_IFIFO!=4096)||!(S_IFSOCK!=49152)&&!(S_IFLNK!=40960)&&!(S_IFREG!=32768)&&!(S_IFBLK!=24576)&&!(S_IFDIR!=16384)&&(S_IFCHR!=8192)||!(S_IFSOCK!=49152)&&!(S_IFLNK!=40960)&&!(S_IFREG!=32768)&&!(S_IFBLK!=24576)&&(S_IFDIR!=16384)||!(S_IFSOCK!=49152)&&!(S_IFLNK!=40960)&&!(S_IFREG!=32768)&&(S_IFBLK!=24576)||!(S_IFSOCK!=49152)&&!(S_IFLNK!=40960)&&(S_IFREG!=32768)||!(S_IFSOCK!=49152)&&(S_IFLNK!=40960)||(S_IFSOCK!=49152),7,48,"22,23,24,25,26,27,30,31,32,33,34,35,36,37,38,39,40,41,42,43,44,45,46,47,48,49,50,51,52,53,54,55,56,57,58,59,60,61,62,63,64,65,66,67,68,69,70,71"
mode_string.txt,!(S_IFSOCK!=49152)&&!(S_IFLNK!=40960)&&!(S_IFREG!=32768)&&!(S_IFBLK!=24576)&&!(S_IFDIR!=16384)&&!(S_IFCHR!=8192)&&!(S_IFIFO!=4096),7,37,"73,74,75,76,77,78,79,80,81,82,83,84,85,86,87,88,89,90,91,92,93,94,95,96,97,98,99,100,101,102,103,104,105,106,107,108,109"
modprobe-small.txt,((((ENABLE_MODPROBE+ENABLE_DEPMOD)+ENABLE_INSMOD)+ENABLE_RMMOD)>0)&&ENABLE_FEATURE_MODPROBE_SMALL_CHECK_ALREADY_LOADED,5,48,"613,614,615,616,617,618,619,620,621,622,623,624,625,626,627,628,629,630,631,632,633,634,635,636,637,638,639,640,641,642,643,644,645,646,647,648,649,650,651,652,653,654,655,656,657,658,659,660"
modprobe-small.txt,(__NR_finit_module)&&((((ENABLE_MODPROBE+ENABLE_DEPMOD)+ENABLE_INSMOD)+ENABLE_RMMOD)>0),5,14,"266,267,268,269,270,271,272,273,274,275,276,277,278,279"
modprobe-small.txt,((((ENABLE_MODPROBE+ENABLE_DEPMOD)+ENABLE_INSMOD)+ENABLE_RMMOD)>0)&&ENABLE_FEATURE_CMDLINE_MODULE_OPTIONS&&!ENABLE_MODPROBE&&!ENABLE_INSMOD&&ENABLE_RMMOD||((((ENABLE_MODPROBE+ENABLE_DEPMOD)+ENABLE_INSMOD)+ENABLE_RMMOD)>0)&&ENABLE_FEATURE_CMDLINE_MODULE_OPTIONS&&!ENABLE_MODPROBE&&ENABLE_INSMOD||((((ENABLE_MODPROBE+ENABLE_DEPMOD)+ENABLE_INSMOD)+ENABLE_RMMOD)>0)&&ENABLE_FEATURE_CMDLINE_MODULE_OPTIONS&&ENABLE_MODPROBE,5,8,"1006,1007,1008,1009,1010,1011,1012,1013"
modprobe-small.txt,((((ENABLE_MODPROBE+ENABLE_DEPMOD)+ENABLE_INSMOD)+ENABLE_RMMOD)>0)&&ENABLE_FEATURE_CMDLINE_MODULE_OPTIONS,5,6,"731,732,733,734,735,736"
modprobe-small.txt,((((ENABLE_MODPROBE+ENABLE_DEPMOD)+ENABLE_INSMOD)+ENABLE_RMMOD)>0)&&!ENABLE_FEATURE_CMDLINE_MODULE_OPTIONS,5,2,"810,983"
modprobe-small.txt,((((ENABLE_MODPROBE+ENABLE_DEPMOD)+ENABLE_INSMOD)+ENABLE_RMMOD)>0)&&!ENABLE_FEATURE_CMDLINE_MODULE_OPTIONS&&!ENABLE_MODPROBE&&!ENABLE_INSMOD&&ENABLE_RMMOD||((((ENABLE_MODPROBE+ENABLE_DEPMOD)+ENABLE_INSMOD)+ENABLE_RMMOD)>0)&&!ENABLE_FEATURE_CMDLINE_MODULE_OPTIONS&&!ENABLE_MODPROBE&&ENABLE_INSMOD||((((ENABLE_MODPROBE+ENABLE_DEPMOD)+ENABLE_INSMOD)+ENABLE_RMMOD)>0)&&!ENABLE_FEATURE_CMDLINE_MODULE_OPTIONS&&ENABLE_MODPROBE,5,1,1015
modprobe-small.txt,((((ENABLE_MODPROBE+ENABLE_DEPMOD)+ENABLE_INSMOD)+ENABLE_RMMOD)>0),4,834,"80,81,82,83,84,85,86,87,88,89,90,91,92,93,94,95,96,97,98,99,100,101,102,103,104,105,106,107,108,109,110,111,112,113,114,115,116,117,118,119,120,121,122,123,124,125,126,127,128,129,130,131,132,133,134,135,136,137,138,139,140,141,142,143,144,145,146,147,148,149,150,151,152,153,154,155,156,157,158,159,160,161,162,163,164,165,166,167,168,169,170,171,172,173,174,175,176,177,178,179,180,181,182,183,184,185,186,187,188,189,190,191,192,193,194,195,196,197,198,199,200,201,202,203,204,205,206,207,208,209,210,211,212,213,214,215,216,217,218,219,220,221,222,223,224,225,226,227,228,229,230,231,232,233,234,235,236,237,238,239,240,241,242,243,244,245,246,247,248,249,250,251,252,253,254,255,256,257,258,259,260,261,262,263,264,265,280,281,282,283,284,285,286,287,288,289,293,294,295,296,297,298,299,300,301,302,303,304,305,306,307,308,309,310,311,312,313,314,315,316,317,318,319,320,321,322,323,324,325,326,327,328,329,330,331,332,333,334,335,336,337,338,339,340,341,342,343,344,345,346,347,348,349,350,351,352,353,354,355,356,357,358,359,360,361,362,363,364,365,366,367,368,369,370,371,372,373,374,375,376,377,378,379,380,381,382,383,384,385,386,387,388,389,390,391,392,393,394,395,396,397,398,399,400,401,402,403,404,405,406,407,408,409,410,411,412,413,414,415,416,417,418,419,420,421,422,423,424,425,426,427,428,429,430,431,432,433,434,435,436,437,438,439,440,441,442,443,444,445,446,447,448,449,450,451,452,453,454,455,456,457,458,459,460,461,462,463,464,465,466,467,468,469,470,471,472,473,474,475,476,477,478,479,480,481,482,483,484,485,486,487,488,489,490,491,492,493,494,495,496,497,498,499,500,501,502,503,504,505,506,507,508,509,510,511,512,513,514,515,516,517,518,519,520,521,522,523,524,525,526,527,528,529,530,531,532,533,534,535,536,537,538,539,540,541,542,543,544,545,546,547,548,549,550,551,552,553,554,555,556,557,558,559,560,561,562,563,564,565,566,567,568,569,570,571,572,573,574,575,576,577,578,579,580,581,582,583,584,585,586,587,588,589,590,591,592,593,594,595,596,597,598,599,600,601,602,603,604,605,606,607,608,609,610,611,612,661,663,664,665,666,667,668,669,670,671,672,673,674,675,676,677,678,679,680,681,682,683,684,685,688,689,690,691,692,693,694,695,696,697,698,699,700,701,702,703,704,705,706,707,708,709,710,711,712,713,714,715,716,717,718,719,720,721,722,723,724,725,726,727,728,729,730,737,738,739,740,741,742,743,744,745,746,747,748,749,750,751,752,753,754,755,756,757,758,759,760,761,762,763,764,765,766,767,768,769,770,771,772,773,774,775,776,777,778,779,780,781,782,783,784,785,786,787,788,789,790,791,792,793,794,795,796,797,798,799,800,801,802,803,804,805,806,807,808,809,811,812,813,814,815,816,817,818,819,820,821,822,823,824,825,826,827,828,829,830,831,832,833,834,835,836,837,838,839,840,841,842,843,844,845,846,847,848,849,850,851,852,853,854,855,856,857,858,859,860,861,862,863,864,865,866,867,868,869,870,871,872,873,874,875,876,877,878,879,880,881,882,883,884,885,886,887,888,889,890,891,892,893,894,895,896,897,898,899,900,901,902,903,904,905,906,907,908,909,910,911,912,913,914,915,916,917,918,919,920,921,922,923,924,925,926,927,928,929,930,931,932,933,934,936,937,938,939,940,941,942,943,944,945,946,947,948,949,950,951,952,953,954,955,956,957,958,959,960,961,962,963,964,965,966,967,968,969,970,971,972,973,974,975,976,977,978,979,980,981,982,984,985,986,987,1053,1054,1055"
modprobe-small.txt,((((ENABLE_MODPROBE+ENABLE_DEPMOD)+ENABLE_INSMOD)+ENABLE_RMMOD)>0)&&!ENABLE_MODPROBE&&!ENABLE_INSMOD&&ENABLE_RMMOD||((((ENABLE_MODPROBE+ENABLE_DEPMOD)+ENABLE_INSMOD)+ENABLE_RMMOD)>0)&&!ENABLE_MODPROBE&&ENABLE_INSMOD||((((ENABLE_MODPROBE+ENABLE_DEPMOD)+ENABLE_INSMOD)+ENABLE_RMMOD)>0)&&ENABLE_MODPROBE,4,57,"935,988,989,990,991,992,993,994,995,996,997,998,999,1000,1001,1002,1003,1004,1005,1014,1016,1017,1018,1019,1020,1021,1022,1023,1024,1025,1026,1027,1028,1029,1030,1031,1032,1033,1034,1035,1036,1037,1038,1039,1040,1041,1042,1043,1044,1045,1046,1047,1048,1049,1050,1051,1052"
modprobe-small.txt,MOD_APPLET_CNT>0&&!ENABLE_FEATURE_CMDLINE_MODULE_OPTIONS,2,2,"686,687"
modprobe-small.txt,(__NR_finit_module)&&!(MODULE_INIT_COMPRESSED_FILE),2,1,37
modprobe-small.txt,MOD_APPLET_CNT>0&&!ENABLE_FEATURE_MODPROBE_SMALL_CHECK_ALREADY_LOADED,2,1,662
modutils.txt,(__NR_finit_module)&&!(MODULE_INIT_COMPRESSED_FILE),2,1,16
mount.txt,ENABLE_FEATURE_MOUNT_NFS&&!(EDQUOT)&&((((((((((((((((((EPERM|ENOENT)|EIO)|ENXIO)|EACCES)|EEXIST)|ENODEV)|ENOTDIR)|EISDIR)|EINVAL)|EFBIG)|ENOSPC)|EROFS)|ENAMETOOLONG)|ENOTEMPTY)|ENOSPC)|ESTALE)|EREMOTE)<256)||ENABLE_FEATURE_MOUNT_NFS&&(EDQUOT)&&((((((((((((((((((EPERM|ENOENT)|EIO)|ENXIO)|EACCES)|EEXIST)|ENODEV)|ENOTDIR)|EISDIR)|EINVAL)|EFBIG)|ENOSPC)|EROFS)|ENAMETOOLONG)|ENOTEMPTY)|EDQUOT)|ESTALE)|EREMOTE)<256),19,4,"1052,1053,1054,1055"
mount.txt,ENABLE_FEATURE_MOUNT_NFS&&!(EDQUOT)&&!((((((((((((((((((EPERM|ENOENT)|EIO)|ENXIO)|EACCES)|EEXIST)|ENODEV)|ENOTDIR)|EISDIR)|EINVAL)|EFBIG)|ENOSPC)|EROFS)|ENAMETOOLONG)|ENOTEMPTY)|ENOSPC)|ESTALE)|EREMOTE)<256)||ENABLE_FEATURE_MOUNT_NFS&&(EDQUOT)&&!((((((((((((((((((EPERM|ENOENT)|EIO)|ENXIO)|EACCES)|EEXIST)|ENODEV)|ENOTDIR)|EISDIR)|EINVAL)|EFBIG)|ENOSPC)|EROFS)|ENAMETOOLONG)|ENOTEMPTY)|EDQUOT)|ESTALE)|EREMOTE)<256),19,1,1057
mount.txt,ENABLE_FEATURE_MOUNT_NFS&&(__UCLIBC__)&&!(__UCLIBC_HAS_RPC__),3,6,"251,252,253,254,255,256"
mount.txt,ENABLE_FEATURE_MOUNT_NFS&&BB_MMU,2,20,"1209,1210,1211,1212,1213,1214,1215,1216,1217,1218,1219,1220,1221,1222,1223,1224,1225,1279,1520,1525"
mount.txt,ENABLE_FEATURE_MOUNT_NFS&&!BB_MMU,2,5,"1227,1228,1229,1230,1281"
mount.txt,!ENABLE_FEATURE_MOUNT_NFS&&ENABLE_FEATURE_IPV6,2,4,"1894,1895,1896,1897"
mount.txt,ENABLE_FEATURE_MOUNT_NFS&&!(NFS_FHSIZE),2,1,972
mount.txt,ENABLE_FEATURE_MOUNT_NFS&&!(NFS_PORT),2,1,975
mount.txt,ENABLE_FEATURE_MOUNT_NFS&&!(EDQUOT),2,1,1043
nameif.txt,ENABLE_FEATURE_NAMEIF_EXTENDED&&ENABLE_FEATURE_CLEAN_UP,2,2,"210,211"
nc_bloaty.txt,ENABLE_NC_EXTRA&&(IP_OPTIONS),2,13,"443,444,445,446,447,448,449,450,451,452,453,454,455"
netstat.txt,ENABLE_FEATURE_NETSTAT_PRG&&ENABLE_FEATURE_CLEAN_UP,2,12,"238,239,240,241,242,243,244,245,246,247,248,772"
netstat.txt,ENABLE_FEATURE_NETSTAT_PRG&&!ENABLE_FEATURE_CLEAN_UP,2,1,250
nslookup.txt,ENABLE_FEATURE_NSLOOKUP_BIG&&!USE_LIBC_RESOLV&&__BYTE_ORDER==__BIG_ENDIAN,4,10,"364,365,366,367,368,369,370,371,372,373"
nslookup.txt,ENABLE_FEATURE_NSLOOKUP_BIG&&!USE_LIBC_RESOLV&&!(__BYTE_ORDER==__BIG_ENDIAN),4,10,"375,376,377,378,379,380,381,382,383,384"
nslookup.txt,ENABLE_FEATURE_NSLOOKUP_BIG&&!USE_LIBC_RESOLV,2,309,"283,284,285,286,287,288,289,290,291,292,293,294,295,296,297,298,299,300,301,302,303,304,305,306,307,308,309,310,311,312,313,314,315,316,317,318,319,320,321,322,323,324,325,326,327,328,329,330,331,332,333,334,335,336,337,338,339,340,341,342,343,344,345,346,347,348,349,350,351,352,353,354,355,356,357,358,359,360,361,362,363,374,385,386,387,388,389,390,391,392,393,394,395,396,397,398,399,400,401,402,403,404,405,406,407,408,409,410,411,412,413,414,415,416,417,418,419,420,421,422,423,424,425,426,427,428,429,430,431,432,433,434,435,436,437,438,439,440,441,442,443,444,445,446,447,448,449,450,451,452,453,454,455,456,457,458,459,460,461,462,463,464,465,466,467,468,469,470,471,472,473,474,475,476,477,478,479,480,481,482,483,484,485,486,487,488,489,490,491,492,493,494,495,496,497,498,499,500,501,502,503,504,505,506,507,508,509,510,511,512,513,514,515,516,517,518,519,520,521,522,523,524,525,526,527,528,529,530,531,532,533,534,535,536,537,538,539,540,541,542,543,544,545,546,547,548,549,550,551,552,553,554,555,556,557,558,559,560,561,562,563,564,565,566,567,568,569,570,571,572,573,574,575,576,577,578,579,580,581,582,583,584,585,586,587,588,589,590,591,592,593,594,595,596,597,598,599,600,601,602,603,604,605,606,621,622,623,624,625"
nslookup.txt,ENABLE_FEATURE_NSLOOKUP_BIG&&ENABLE_FEATURE_IPV6,2,29,"658,688,757,758,759,760,761,762,763,764,765,1201,1202,1203,1204,1205,1206,1207,1208,1209,1210,1211,1212,1213,1214,1215,1216,1217,1347"
nslookup.txt,!ENABLE_FEATURE_NSLOOKUP_BIG&&ENABLE_FEATURE_IPV6,2,15,"149,150,179,180,181,182,183,184,185,186,187,188,189,190,191"
nslookup.txt,ENABLE_FEATURE_NSLOOKUP_BIG&&!USE_LIBC_RESOLV&&0,2,14,"607,608,609,610,611,612,613,614,615,616,617,618,619,620"
nslookup.txt,ENABLE_FEATURE_NSLOOKUP_BIG&&USE_LIBC_RESOLV,2,3,"279,280,281"
nslookup.txt,!ENABLE_FEATURE_NSLOOKUP_BIG&&ENABLE_VERBOSE_RESOLUTION_ERRORS,2,1,132
nslookup.txt,!ENABLE_FEATURE_NSLOOKUP_BIG&&!ENABLE_VERBOSE_RESOLUTION_ERRORS,2,1,134
ntpd.txt,ENABLE_FEATURE_NTPD_SERVER&&ENABLE_FEATURE_IPV6,2,9,"740,741,742,743,744,745,746,747,748"
ntpd.txt,ENABLE_FEATURE_NTP_AUTH&&ENABLE_FEATURE_NTPD_CONF,2,6,"2426,2427,2428,2429,2430,2431"
ntpd.txt,ENABLE_FEATURE_NTP_AUTH&&ENABLE_FEATURE_NTPD_SERVER,2,1,2100
ntpd.txt,!ENABLE_FEATURE_NTP_AUTH&&ENABLE_FEATURE_NTPD_SERVER,2,1,2102
ntpd.txt,!ENABLE_FEATURE_NTP_AUTH&&ENABLE_FEATURE_NTPD_CONF,2,1,2433
od.txt,!ENABLE_DESKTOP&&!(ULONG_MAX>0xffffffff),3,2,"181,182"
od.txt,!ENABLE_DESKTOP&&(ULONG_MAX>4294967295),2,2,"178,179"
od_bloaty.txt,!(UINT_MAX==ULONG_MAX),2,10,"346,347,348,349,350,351,352,353,354,355"
od_bloaty.txt,!(ULONG_MAX==ULLONG_MAX),2,10,"361,362,363,364,365,366,367,368,369,370"
od_bloaty.txt,(USHRT_MAX!=UCHAR_MAX),2,1,247
od_bloaty.txt,(UINT_MAX!=USHRT_MAX),2,1,250
od_bloaty.txt,(ULONG_MAX!=UINT_MAX),2,1,253
od_bloaty.txt,(ULLONG_MAX!=ULONG_MAX),2,1,256
od_bloaty.txt,UINT_MAX==ULONG_MAX,2,1,344
od_bloaty.txt,ULONG_MAX==ULLONG_MAX,2,1,359
open_transformer.txt,!BB_MMU&&SEAMLESS_COMPRESSION,2,13,"229,230,231,232,233,234,235,313,314,315,316,317,318"
open_transformer.txt,SEAMLESS_COMPRESSION&&ENABLE_FEATURE_SEAMLESS_LZMA,2,9,"258,259,260,261,262,263,264,265,266"
open_transformer.txt,BB_MMU&&SEAMLESS_COMPRESSION,2,8,"227,305,306,307,308,309,310,311"
packet.txt,!ENABLE_UDHCPC&&ENABLE_UDHCPD||ENABLE_UDHCPC,2,20,"16,17,18,19,20,21,22,23,24,25,26,27,28,29,30,31,32,33,34,35"
patch.txt,ENABLE_LONG_OPTS&&ENABLE_DESKTOP,2,11,"377,378,383,384,385,386,387,388,389,393,394"
patch_bbox.txt,ENABLE_LONG_OPTS&&ENABLE_DESKTOP,2,9,"100,101,102,103,104,105,106,110,111"
ping.txt,(__FreeBSD__)&&!(BYTE_ORDER==LITTLE_ENDIAN)&&(BYTE_ORDER==BIG_ENDIAN),4,2,"185,186"
ping.txt,ENABLE_PING6&&ENABLE_FEATURE_FANCY_PING&&(ICMP6_FILTER),3,12,"830,831,832,833,834,835,836,837,838,839,840,841"
ping.txt,(__FreeBSD__)&&(BYTE_ORDER==LITTLE_ENDIAN),3,2,"182,183"
ping.txt,ENABLE_FEATURE_FANCY_PING&&ENABLE_PING6&&!(MLD_LISTENER_QUERY),3,1,626
ping.txt,ENABLE_FEATURE_FANCY_PING&&ENABLE_PING6&&!(MLD_LISTENER_REPORT),3,1,629
ping.txt,ENABLE_FEATURE_FANCY_PING&&ENABLE_PING6&&!(MLD_LISTENER_REDUCTION),3,1,632
ping.txt,ENABLE_PING6&&ENABLE_FEATURE_FANCY_PING,2,168,"445,583,584,585,586,587,588,589,590,591,592,593,594,595,596,597,598,599,600,623,624,625,627,628,630,631,633,634,635,636,637,638,639,640,641,642,643,644,645,646,647,648,729,730,731,732,733,734,735,736,737,738,739,740,741,742,743,744,745,746,747,748,749,750,751,752,753,754,755,756,757,758,759,760,817,818,819,820,821,822,823,824,825,826,827,828,829,842,843,844,845,846,847,848,849,850,851,852,853,854,855,856,857,858,859,860,861,862,863,864,865,866,867,868,869,870,871,872,873,874,875,876,877,878,879,880,881,882,883,884,885,886,887,888,889,890,891,892,893,894,895,896,897,898,899,900,901,902,903,904,905,906,918,926,927,928,929,930,931,983,984,985,986,987,988,989,990,1026"
ping.txt,ENABLE_PING6&&!ENABLE_FEATURE_FANCY_PING,2,52,"295,296,297,298,299,300,301,302,303,304,305,306,307,308,309,310,311,312,313,319,320,321,322,323,324,325,326,327,328,329,330,331,332,333,334,347,348,349,350,351,352,353,354,355,356,357,367,375,383,384,385,1024"
ping.txt,!ENABLE_FEATURE_FANCY_PING&&ENABLE_PING6&&0,2,5,"314,315,316,317,318"
ping.txt,ENABLE_PING6&&(IPV6_2292HOPLIMIT),2,2,"162,163"
ping.txt,!ENABLE_PING6&&!ENABLE_FEATURE_FANCY_PING,2,2,"359,369"
ping.txt,!ENABLE_FEATURE_FANCY_PING&&!ENABLE_PING6,2,1,338
ping.txt,!ENABLE_PING6&&ENABLE_FEATURE_FANCY_PING,2,1,992
ping.txt,!ENABLE_FEATURE_FANCY_PING&&ENABLE_PING,2,1,1012
ping.txt,ENABLE_FEATURE_FANCY_PING&&ENABLE_PING,2,1,1014
pmap.txt,ULLONG_MAX==0xffffffff,2,5,"31,32,33,34,35"
pmap.txt,!(ULLONG_MAX==0xffffffff),2,5,"37,38,39,40,41"
powertop.txt,ENABLE_FEATURE_POWERTOP_PROCIRQ&&BLOATY_HPET_IRQ_NUM_DETECTION,2,35,"82,83,84,243,244,245,246,247,248,249,250,251,252,253,254,255,256,257,258,259,260,261,262,263,264,265,266,267,268,269,279,280,281,689,690"
procps.txt,!ENABLE_FEATURE_TOPMEM&&!ENABLE_PMAP&&ENABLE_FEATURE_FAST_TOP&&(LONG_MAX<LLONG_MAX)||!ENABLE_FEATURE_TOPMEM&&ENABLE_PMAP&&(LONG_MAX<LLONG_MAX)||ENABLE_FEATURE_TOPMEM&&(LONG_MAX<LLONG_MAX),5,14,"147,148,149,150,151,152,153,154,155,156,157,158,159,160"
procps.txt,ENABLE_FEATURE_FAST_TOP||ENABLE_FEATURE_TOPMEM||ENABLE_PMAP&&!(LONG_MAX<LLONG_MAX),5,1,162
procps.txt,!ENABLE_FEATURE_TOPMEM&&!ENABLE_PMAP&&ENABLE_FEATURE_FAST_TOP||!ENABLE_FEATURE_TOPMEM&&ENABLE_PMAP||ENABLE_FEATURE_TOPMEM,3,30,"132,133,134,135,136,137,138,139,140,141,142,143,144,145,146,161,163,164,165,174,175,176,177,178,179,180,181,182,183,184"
procps.txt,!ENABLE_FEATURE_TOPMEM&&ENABLE_PMAP||ENABLE_FEATURE_TOPMEM,2,17,"112,113,114,115,116,117,118,119,120,121,122,123,124,125,126,127,128"
procps.txt,!ENABLE_FEATURE_FAST_TOP&&ENABLE_FEATURE_TOP_SMP_PROCESS,2,7,"391,392,393,394,405,412,413"
procps.txt,ENABLE_FEATURE_FAST_TOP&&ENABLE_FEATURE_TOP_SMP_PROCESS,2,6,"445,446,447,448,449,450"
progress.txt,ULONG_MAX==0xffffffff,2,4,"118,119,120,121"
ps.txt,!ENABLE_FEATURE_PS_LONG&&!ENABLE_DESKTOP&&!ENABLE_SELINUX&&!ENABLE_FEATURE_SHOW_THREADS&&ENABLE_FEATURE_PS_WIDE||!ENABLE_FEATURE_PS_LONG&&!ENABLE_DESKTOP&&!ENABLE_SELINUX&&ENABLE_FEATURE_SHOW_THREADS||!ENABLE_FEATURE_PS_LONG&&!ENABLE_DESKTOP&&ENABLE_SELINUX||ENABLE_FEATURE_PS_LONG&&!ENABLE_DESKTOP,5,39,"665,666,686,690,691,692,698,699,700,701,702,703,704,705,706,707,708,709,710,711,712,713,714,715,716,717,718,719,720,721,722,725,726,727,728,729,730,731,732"
ps.txt,!ENABLE_FEATURE_PS_LONG&&!ENABLE_DESKTOP&&!ENABLE_SELINUX&&ENABLE_FEATURE_SHOW_THREADS&&!ENABLE_FEATURE_PS_WIDE||!ENABLE_FEATURE_PS_LONG&&!ENABLE_DESKTOP&&ENABLE_SELINUX&&!ENABLE_FEATURE_PS_WIDE||ENABLE_FEATURE_PS_LONG&&!ENABLE_DESKTOP&&!ENABLE_FEATURE_PS_WIDE,5,3,"687,688,689"
ps.txt,!(__linux__)&&ENABLE_FEATURE_PS_TIME&&ENABLE_DESKTOP||(__linux__)&&ENABLE_FEATURE_PS_TIME&&ENABLE_DESKTOP&&ENABLE_FEATURE_PS_UNUSUAL_SYSTEMS,4,2,"186,576"
ps.txt,ENABLE_DESKTOP&&ENABLE_FEATURE_PS_TIME&&!(ENABLE_FEATURE_PS_UNUSUAL_SYSTEMS||!(__linux__)),4,2,"204,205"
ps.txt,ENABLE_DESKTOP&&ENABLE_FEATURE_PS_TIME&&ENABLE_FEATURE_PS_UNUSUAL_SYSTEMS||!(__linux__),4,1,202
ps.txt,!(__linux__)&&!ENABLE_FEATURE_PS_TIME&&ENABLE_FEATURE_PS_LONG||!(__linux__)&&ENABLE_FEATURE_PS_TIME,3,10,"129,130,131,132,133,134,135,136,137,138"
ps.txt,(__linux__)&&!ENABLE_FEATURE_PS_TIME&&ENABLE_FEATURE_PS_LONG||(__linux__)&&ENABLE_FEATURE_PS_TIME,3,4,"124,125,126,127"
ps.txt,ENABLE_FEATURE_PS_TIME||ENABLE_FEATURE_PS_LONG&&!((__linux__)||1),3,4,"140,141,142,143"
ps.txt,ENABLE_DESKTOP&&!ENABLE_SELINUX&&ENABLE_FEATURE_SHOW_THREADS||ENABLE_DESKTOP&&ENABLE_SELINUX,3,2,"558,596"
ps.txt,ENABLE_FEATURE_PS_TIME&&ENABLE_DESKTOP,2,58,"185,187,188,313,314,315,316,317,318,319,320,321,322,323,324,325,326,327,328,329,330,331,332,333,334,335,336,337,338,339,340,341,342,343,344,345,346,347,348,349,350,351,352,353,354,355,356,357,358,359,360,361,362,388,397,574,575,577"
ps.txt,ENABLE_FEATURE_PS_LONG&&!ENABLE_DESKTOP,2,39,"660,661,723,724,750,751,752,753,754,755,756,757,758,759,760,761,762,763,764,765,766,767,768,769,770,771,772,773,774,775,776,777,778,779,780,781,782,783,784"
ps.txt,!ENABLE_DESKTOP&&ENABLE_FEATURE_PS_WIDE,2,19,"667,668,669,670,671,672,673,674,675,676,677,678,679,680,681,682,683,684,685"
ps.txt,ENABLE_DESKTOP&&ENABLE_FEATURE_PS_ADDITIONAL_COLUMNS,2,16,"298,299,300,301,302,303,304,305,306,307,308,309,391,392,393,394"
ps.txt,ENABLE_DESKTOP&&ENABLE_SELINUX,2,13,"366,367,368,369,406,492,493,545,546,609,610,611,612"
ps.txt,!ENABLE_DESKTOP&&ENABLE_SELINUX,2,11,"693,694,695,696,697,739,740,741,742,743,744"
ps.txt,!ENABLE_FEATURE_PS_TIME&&ENABLE_FEATURE_PS_LONG||ENABLE_FEATURE_PS_TIME,2,7,"121,122,123,128,139,144,145"
ps.txt,ENABLE_DESKTOP&&ENABLE_FEATURE_SHOW_THREADS,2,2,"620,621"
ps.txt,ENABLE_DESKTOP&&!ENABLE_SELINUX,2,1,548
ptr_to_globals.txt,!(GCC_COMBINE)&&(errno),2,1,18
ptr_to_globals.txt,(GCC_COMBINE)&&(errno),2,1,31
pw_encrypt.txt,!ENABLE_USE_BB_CRYPT||ENABLE_USE_BB_CRYPT&&ENABLE_USE_BB_CRYPT_YES,2,43,"38,39,40,41,42,43,44,45,46,47,48,49,50,51,52,53,54,55,56,57,58,59,60,61,62,63,64,65,66,67,68,69,70,71,72,73,74,75,76,77,78,79,80"
pw_encrypt.txt,!ENABLE_USE_BB_CRYPT||ENABLE_USE_BB_CRYPT&&ENABLE_USE_BB_CRYPT_SHA,2,4,"32,33,34,35"
pw_encrypt.txt,ENABLE_USE_BB_CRYPT&&ENABLE_USE_BB_CRYPT_SHA,2,3,"96,116,117"
pw_encrypt.txt,ENABLE_USE_BB_CRYPT&&ENABLE_USE_BB_CRYPT_YES,2,3,"99,120,121"
pw_encrypt.txt,!ENABLE_USE_BB_CRYPT&&!(__FreeBSD__),2,1,11
pwd_grp.txt,ENABLE_USE_BB_SHADOW&&ENABLE_FEATURE_CLEAN_UP,2,1,127
route.txt,!(RTF_UP)||(RTF_UP)&&!(SIOCADDRTOLD)&&!(RTF_IRTT)&&HAVE_NEW_ADDRT||(RTF_UP)&&!(SIOCADDRTOLD)&&(RTF_IRTT)||(RTF_UP)&&(SIOCADDRTOLD),4,8,"109,191,194,229,230,231,232,333"
route.txt,!(RTF_UP)||(RTF_UP)&&(RTF_IRTT),2,9,"117,282,283,284,285,286,290,291,292"
route.txt,!(RTF_UP)||(RTF_UP)&&(RTF_REJECT),2,7,"123,308,309,310,532,533,534"
route.txt,(RTF_UP)&&ENABLE_FEATURE_IPV6,2,2,"465,466"
route.txt,!(RTF_UP)&&!(RTF_MSS),2,1,54
route.txt,(SIOCADDRTOLD)||(RTF_IRTT),2,1,63
route.txt,(RTF_UP)&&(RTF_REJECT),2,1,132
run_parts.txt,ENABLE_FEATURE_RUN_PARTS_LONG_OPTIONS&&ENABLE_FEATURE_RUN_PARTS_FANCY,2,1,175
securetty.txt,ENABLE_FEATURE_SECURETTY&&!ENABLE_PAM,2,16,"10,11,12,13,14,15,16,17,18,19,20,21,22,23,24,25"
seedrng.txt,(__GLIBC__)&&(__GLIBC__==2)&&(__GLIBC_MINOR__<=24)&&!(__NR_getrandom),3,2,"55,56"
seedrng.txt,(__GLIBC__)&&(__GLIBC__==2)&&(__GLIBC_MINOR__<=24)&&(__NR_getrandom),3,1,53
seedrng.txt,(__GLIBC__)&&(__GLIBC__==2)&&(__GLIBC_MINOR__<=24),2,7,"49,50,51,52,54,57,58"
seedrng.txt,!((__GLIBC__)&&__GLIBC__==2&&__GLIBC_MINOR__<=24),2,1,60
setpriv.txt,ENABLE_FEATURE_SETPRIV_CAPABILITIES&&ENABLE_FEATURE_SETPRIV_DUMP&&!ENABLE_FEATURE_SETPRIV_CAPABILITY_NAMES,3,3,"242,256,272"
setpriv.txt,ENABLE_FEATURE_SETPRIV_CAPABILITIES&&ENABLE_FEATURE_SETPRIV_DUMP,2,44,"232,233,234,235,236,237,238,239,240,241,243,244,245,246,247,248,249,250,251,252,253,254,255,257,258,259,260,261,262,263,264,265,266,267,268,269,270,271,273,274,275,276,277,278"
setpriv.txt,ENABLE_FEATURE_SETPRIV_DUMP&&!ENABLE_FEATURE_SETPRIV_CAPABILITY_NAMES,2,1,193
speed_table.txt,!(__FreeBSD__)&&!(B115200)&&!(B230400)&&!(B460800)&&!(B921600)&&!(B1152000)&&!(B1000000)&&!(B2000000)&&!(B3000000)&&(B4000000)&&(B4000000>65535)||!(__FreeBSD__)&&!(B115200)&&!(B230400)&&!(B460800)&&!(B921600)&&!(B1152000)&&!(B1000000)&&!(B2000000)&&(B3000000)&&!(B3000000>65535)&&(B4000000)&&(B4000000>65535)||!(__FreeBSD__)&&!(B115200)&&!(B230400)&&!(B460800)&&!(B921600)&&!(B1152000)&&!(B1000000)&&!(B2000000)&&(B3000000)&&(B3000000>65535)||!(__FreeBSD__)&&!(B115200)&&!(B230400)&&!(B460800)&&!(B921600)&&!(B1152000)&&!(B1000000)&&(B2000000)&&!(B2000000>65535)&&!(B3000000)&&(B4000000)&&(B4000000>65535)||!(__FreeBSD__)&&!(B115200)&&!(B230400)&&!(B460800)&&!(B921600)&&!(B1152000)&&!(B1000000)&&(B2000000)&&!(B2000000>65535)&&(B3000000)&&!(B3000000>65535)&&(B4000000)&&(B4000000>65535)||!(__FreeBSD__)&&!(B115200)&&!(B230400)&&!(B460800)&&!(B921600)&&!(B1152000)&&!(B1000000)&&(B2000000)&&!(B2000000>65535)&&(B3000000)&&(B3000000>65535)||!(__FreeBSD__)&&!(B115200)&&!(B230400)&&!(B460800)&&!(B921600)&&!(B1152000)&&!(B1000000)&&(B2000000)&&(B2000000>65535)||!(__FreeBSD__)&&!(B115200)&&!(B230400)&&!(B460800)&&!(B921600)&&!(B1152000)&&(B1000000)&&!(B1000000>65535)&&!(B2000000)&&!(B3000000)&&(B4000000)&&(B4000000>65535)||!(__FreeBSD__)&&!(B115200)&&!(B230400)&&!(B460800)&&!(B921600)&&!(B1152000)&&(B1000000)&&!(B1000000>65535)&&!(B2000000)&&(B3000000)&&!(B3000000>65535)&&(B4000000)&&(B4000000>65535)||!(__FreeBSD__)&&!(B115200)&&!(B230400)&&!(B460800)&&!(B921600)&&!(B1152000)&&(B1000000)&&!(B1000000>65535)&&!(B2000000)&&(B3000000)&&(B3000000>65535)||!(__FreeBSD__)&&!(B115200)&&!(B230400)&&!(B460800)&&!(B921600)&&!(B1152000)&&(B1000000)&&!(B1000000>65535)&&(B2000000)&&!(B2000000>65535)&&!(B3000000)&&(B4000000)&&(B4000000>65535)||!(__FreeBSD__)&&!(B115200)&&!(B230400)&&!(B460800)&&!(B921600)&&!(B1152000)&&(B1000000)&&!(B1000000>65535)&&(B2000000)&&!(B2000000>65535)&&(B3000000)&&!(B3000000>65535)&&(B4000000)&&(B4000000>65535)||!(__FreeBSD__)&&!(B115200)&&!(B230400)&&!(B460800)&&!(B921600)&&!(B1152000)&&(B1000000)&&!(B1000000>65535)&&(B2000000)&&!(B2000000>65535)&&(B3000000)&&(B3000000>65535)||!(__FreeBSD__)&&!(B115200)&&!(B230400)&&!(B460800)&&!(B921600)&&!(B1152000)&&(B1000000)&&!(B1000000>65535)&&(B2000000)&&(B2000000>65535)||!(__FreeBSD__)&&!(B115200)&&!(B230400)&&!(B460800)&&!(B921600)&&!(B1152000)&&(B1000000)&&(B1000000>65535)||!(__FreeBSD__)&&!(B115200)&&!(B230400)&&!(B460800)&&!(B921600)&&(B1152000)&&!(B1152000>65535)&&!(B1000000)&&!(B2000000)&&!(B3000000)&&(B4000000)&&(B4000000>65535)||!(__FreeBSD__)&&!(B115200)&&!(B230400)&&!(B460800)&&!(B921600)&&(B1152000)&&!(B1152000>65535)&&!(B1000000)&&!(B2000000)&&(B3000000)&&!(B3000000>65535)&&(B4000000)&&(B4000000>65535)||!(__FreeBSD__)&&!(B115200)&&!(B230400)&&!(B460800)&&!(B921600)&&(B1152000)&&!(B1152000>65535)&&!(B1000000)&&!(B2000000)&&(B3000000)&&(B3000000>65535)||!(__FreeBSD__)&&!(B115200)&&!(B230400)&&!(B460800)&&!(B921600)&&(B1152000)&&!(B1152000>65535)&&!(B1000000)&&(B2000000)&&!(B2000000>65535)&&!(B3000000)&&(B4000000)&&(B4000000>65535)||!(__FreeBSD__)&&!(B115200)&&!(B230400)&&!(B460800)&&!(B921600)&&(B1152000)&&!(B1152000>65535)&&!(B1000000)&&(B2000000)&&!(B2000000>65535)&&(B3000000)&&!(B3000000>65535)&&(B4000000)&&(B4000000>65535)||!(__FreeBSD__)&&!(B115200)&&!(B230400)&&!(B460800)&&!(B921600)&&(B1152000)&&!(B1152000>65535)&&!(B1000000)&&(B2000000)&&!(B2000000>65535)&&(B3000000)&&(B3000000>65535)||!(__FreeBSD__)&&!(B115200)&&!(B230400)&&!(B460800)&&!(B921600)&&(B1152000)&&!(B1152000>65535)&&!(B1000000)&&(B2000000)&&(B2000000>65535)||!(__FreeBSD__)&&!(B115200)&&!(B230400)&&!(B460800)&&!(B921600)&&(B1152000)&&!(B1152000>65535)&&(B1000000)&&!(B1000000>65535)&&!(B2000000)&&!(B3000000)&&(B4000000)&&(B4000000>65535)||!(__FreeBSD__)&&!(B115200)&&!(B230400)&&!(B460800)&&!(B921600)&&(B1152000)&&!(B1152000>65535)&&(B1000000)&&!(B1000000>65535)&&!(B2000000)&&(B3000000)&&!(B3000000>65535)&&(B4000000)&&(B4000000>65535)||!(__FreeBSD__)&&!(B115200)&&!(B230400)&&!(B460800)&&!(B921600)&&(B1152000)&&!(B1152000>65535)&&(B1000000)&&!(B1000000>65535)&&!(B2000000)&&(B3000000)&&(B3000000>65535)||!(__FreeBSD__)&&!(B115200)&&!(B230400)&&!(B460800)&&!(B921600)&&(B1152000)&&!(B1152000>65535)&&(B1000000)&&!(B1000000>65535)&&(B2000000)&&!(B2000000>65535)&&!(B3000000)&&(B4000000)&&(B4000000>65535)||!(__FreeBSD__)&&!(B115200)&&!(B230400)&&!(B460800)&&!(B921600)&&(B1152000)&&!(B1152000>65535)&&(B1000000)&&!(B1000000>65535)&&(B2000000)&&!(B2000000>65535)&&(B3000000)&&!(B3000000>65535)&&(B4000000)&&(B4000000>65535)||!(__FreeBSD__)&&!(B115200)&&!(B230400)&&!(B460800)&&!(B921600)&&(B1152000)&&!(B1152000>65535)&&(B1000000)&&!(B1000000>65535)&&(B2000000)&&!(B2000000>65535)&&(B3000000)&&(B3000000>65535)||!(__FreeBSD__)&&!(B115200)&&!(B230400)&&!(B460800)&&!(B921600)&&(B1152000)&&!(B1152000>65535)&&(B1000000)&&!(B1000000>65535)&&(B2000000)&&(B2000000>65535)||!(__FreeBSD__)&&!(B115200)&&!(B230400)&&!(B460800)&&!(B921600)&&(B1152000)&&!(B1152000>65535)&&(B1000000)&&(B1000000>65535)||!(__FreeBSD__)&&!(B115200)&&!(B230400)&&!(B460800)&&!(B921600)&&(B1152000)&&(B1152000>65535)||!(__FreeBSD__)&&!(B115200)&&!(B230400)&&!(B460800)&&(B921600)&&!(B921600>65535)&&!(B1152000)&&!(B1000000)&&!(B2000000)&&!(B3000000)&&(B4000000)&&(B4000000>65535)||!(__FreeBSD__)&&!(B115200)&&!(B230400)&&!(B460800)&&(B921600)&&!(B921600>65535)&&!(B1152000)&&!(B1000000)&&!(B2000000)&&(B3000000)&&!(B3000000>65535)&&(B4000000)&&(B4000000>65535)||!(__FreeBSD__)&&!(B115200)&&!(B230400)&&!(B460800)&&(B921600)&&!(B921600>65535)&&!(B1152000)&&!(B1000000)&&!(B2000000)&&(B3000000)&&(B3000000>65535)||!(__FreeBSD__)&&!(B115200)&&!(B230400)&&!(B460800)&&(B921600)&&!(B921600>65535)&&!(B1152000)&&!(B1000000)&&(B2000000)&&!(B2000000>65535)&&!(B3000000)&&(B4000000)&&(B4000000>65535)||!(__FreeBSD__)&&!(B115200)&&!(B230400)&&!(B460800)&&(B921600)&&!(B921600>65535)&&!(B1152000)&&!(B1000000)&&(B2000000)&&!(B2000000>65535)&&(B3000000)&&!(B3000000>65535)&&(B4000000)&&(B4000000>65535)||!(__FreeBSD__)&&!(B115200)&&!(B230400)&&!(B460800)&&(B921600)&&!(B921600>65535)&&!(B1152000)&&!(B1000000)&&(B2000000)&&!(B2000000>65535)&&(B3000000)&&(B3000000>65535)||!(__FreeBSD__)&&!(B115200)&&!(B230400)&&!(B460800)&&(B921600)&&!(B921600>65535)&&!(B1152000)&&!(B1000000)&&(B2000000)&&(B2000000>65535)||!(__FreeBSD__)&&!(B115200)&&!(B230400)&&!(B460800)&&(B921600)&&!(B921600>65535)&&!(B1152000)&&(B1000000)&&!(B1000000>65535)&&!(B2000000)&&!(B3000000)&&(B4000000)&&(B4000000>65535)||!(__FreeBSD__)&&!(B115200)&&!(B230400)&&!(B460800)&&(B921600)&&!(B921600>65535)&&!(B1152000)&&(B1000000)&&!(B1000000>65535)&&!(B2000000)&&(B3000000)&&!(B3000000>65535)&&(B4000000)&&(B4000000>65535)||!(__FreeBSD__)&&!(B115200)&&!(B230400)&&!(B460800)&&(B921600)&&!(B921600>65535)&&!(B1152000)&&(B1000000)&&!(B1000000>65535)&&!(B2000000)&&(B3000000)&&(B3000000>65535)||!(__FreeBSD__)&&!(B115200)&&!(B230400)&&!(B460800)&&(B921600)&&!(B921600>65535)&&!(B1152000)&&(B1000000)&&!(B1000000>65535)&&(B2000000)&&!(B2000000>65535)&&!(B3000000)&&(B4000000)&&(B4000000>65535)||!(__FreeBSD__)&&!(B115200)&&!(B230400)&&!(B460800)&&(B921600)&&!(B921600>65535)&&!(B1152000)&&(B1000000)&&!(B1000000>65535)&&(B2000000)&&!(B2000000>65535)&&(B3000000)&&!(B3000000>65535)&&(B4000000)&&(B4000000>65535)||!(__FreeBSD__)&&!(B115200)&&!(B230400)&&!(B460800)&&(B921600)&&!(B921600>65535)&&!(B1152000)&&(B1000000)&&!(B1000000>65535)&&(B2000000)&&!(B2000000>65535)&&(B3000000)&&(B3000000>65535)||!(__FreeBSD__)&&!(B115200)&&!(B230400)&&!(B460800)&&(B921600)&&!(B921600>65535)&&!(B1152000)&&(B1000000)&&!(B1000000>65535)&&(B2000000)&&(B2000000>65535)||!(__FreeBSD__)&&!(B115200)&&!(B230400)&&!(B460800)&&(B921600)&&!(B921600>65535)&&!(B1152000)&&(B1000000)&&(B1000000>65535)||!(__FreeBSD__)&&!(B115200)&&!(B230400)&&!(B460800)&&(B921600)&&!(B921600>65535)&&(B1152000)&&!(B1152000>65535)&&!(B1000000)&&!(B2000000)&&!(B3000000)&&(B4000000)&&(B4000000>65535)||!(__FreeBSD__)&&!(B115200)&&!(B230400)&&!(B460800)&&(B921600)&&!(B921600>65535)&&(B1152000)&&!(B1152000>65535)&&!(B1000000)&&!(B2000000)&&(B3000000)&&!(B3000000>65535)&&(B4000000)&&(B4000000>65535)||!(__FreeBSD__)&&!(B115200)&&!(B230400)&&!(B460800)&&(B921600)&&!(B921600>65535)&&(B1152000)&&!(B1152000>65535)&&!(B1000000)&&!(B2000000)&&(B3000000)&&(B3000000>65535)||!(__FreeBSD__)&&!(B115200)&&!(B230400)&&!(B460800)&&(B921600)&&!(B921600>65535)&&(B1152000)&&!(B1152000>65535)&&!(B1000000)&&(B2000000)&&!(B2000000>65535)&&!(B3000000)&&(B4000000)&&(B4000000>65535)||!(__FreeBSD__)&&!(B115200)&&!(B230400)&&!(B460800)&&(B921600)&&!(B921600>65535)&&(B1152000)&&!(B1152000>65535)&&!(B1000000)&&(B2000000)&&!(B2000000>65535)&&(B3000000)&&!(B3000000>65535)&&(B4000000)&&(B4000000>65535)||!(__FreeBSD__)&&!(B115200)&&!(B230400)&&!(B460800)&&(B921600)&&!(B921600>65535)&&(B1152000)&&!(B1152000>65535)&&!(B1000000)&&(B2000000)&&!(B2000000>65535)&&(B3000000)&&(B3000000>65535)||!(__FreeBSD__)&&!(B115200)&&!(B230400)&&!(B460800)&&(B921600)&&!(B921600>65535)&&(B1152000)&&!(B1152000>65535)&&!(B1000000)&&(B2000000)&&(B2000000>65535)||!(__FreeBSD__)&&!(B115200)&&!(B230400)&&!(B460800)&&(B921600)&&!(B921600>65535)&&(B1152000)&&!(B1152000>65535)&&(B1000000)&&!(B1000000>65535)&&!(B2000000)&&!(B3000000)&&(B4000000)&&(B4000000>65535)||!(__FreeBSD__)&&!(B115200)&&!(B230400)&&!(B460800)&&(B921600)&&!(B921600>65535)&&(B1152000)&&!(B1152000>65535)&&(B1000000)&&!(B1000000>65535)&&!(B2000000)&&(B3000000)&&!(B3000000>65535)&&(B4000000)&&(B4000000>65535)||!(__FreeBSD__)&&!(B115200)&&!(B230400)&&!(B460800)&&(B921600)&&!(B921600>65535)&&(B1152000)&&!(B1152000>65535)&&(B1000000)&&!(B1000000>65535)&&!(B2000000)&&(B3000000)&&(B3000000>65535)||!(__FreeBSD__)&&!(B115200)&&!(B230400)&&!(B460800)&&(B921600)&&!(B921600>65535)&&(B1152000)&&!(B1152000>65535)&&(B1000000)&&!(B1000000>65535)&&(B2000000)&&!(B2000000>65535)&&!(B3000000)&&(B4000000)&&(B4000000>65535)||!(__FreeBSD__)&&!(B115200)&&!(B230400)&&!(B460800)&&(B921600)&&!(B921600>65535)&&(B1152000)&&!(B1152000>65535)&&(B1000000)&&!(B1000000>65535)&&(B2000000)&&!(B2000000>65535)&&(B3000000)&&!(B3000000>65535)&&(B4000000)&&(B4000000>65535)||!(__FreeBSD__)&&!(B115200)&&!(B230400)&&!(B460800)&&(B921600)&&!(B921600>65535)&&(B1152000)&&!(B1152000>65535)&&(B1000000)&&!(B1000000>65535)&&(B2000000)&&!(B2000000>65535)&&(B3000000)&&(B3000000>65535)||!(__FreeBSD__)&&!(B115200)&&!(B230400)&&!(B460800)&&(B921600)&&!(B921600>65535)&&(B1152000)&&!(B1152000>65535)&&(B1000000)&&!(B1000000>65535)&&(B2000000)&&(B2000000>65535)||!(__FreeBSD__)&&!(B115200)&&!(B230400)&&!(B460800)&&(B921600)&&!(B921600>65535)&&(B1152000)&&!(B1152000>65535)&&(B1000000)&&(B1000000>65535)||!(__FreeBSD__)&&!(B115200)&&!(B230400)&&!(B460800)&&(B921600)&&!(B921600>65535)&&(B1152000)&&(B1152000>65535)||!(__FreeBSD__)&&!(B115200)&&!(B230400)&&!(B460800)&&(B921600)&&(B921600>65535)||!(__FreeBSD__)&&!(B115200)&&!(B230400)&&(B460800)&&!(B460800>65535)&&!(B921600)&&!(B1152000)&&!(B1000000)&&!(B2000000)&&!(B3000000)&&(B4000000)&&(B4000000>65535)||!(__FreeBSD__)&&!(B115200)&&!(B230400)&&(B460800)&&!(B460800>65535)&&!(B921600)&&!(B1152000)&&!(B1000000)&&!(B2000000)&&(B3000000)&&!(B3000000>65535)&&(B4000000)&&(B4000000>65535)||!(__FreeBSD__)&&!(B115200)&&!(B230400)&&(B460800)&&!(B460800>65535)&&!(B921600)&&!(B1152000)&&!(B1000000)&&!(B2000000)&&(B3000000)&&(B3000000>65535)||!(__FreeBSD__)&&!(B115200)&&!(B230400)&&(B460800)&&!(B460800>65535)&&!(B921600)&&!(B1152000)&&!(B1000000)&&(B2000000)&&!(B2000000>65535)&&!(B3000000)&&(B4000000)&&(B4000000>65535)||!(__FreeBSD__)&&!(B115200)&&!(B230400)&&(B460800)&&!(B460800>65535)&&!(B921600)&&!(B1152000)&&!(B1000000)&&(B2000000)&&!(B2000000>65535)&&(B3000000)&&!(B3000000>65535)&&(B4000000)&&(B4000000>65535)||!(__FreeBSD__)&&!(B115200)&&!(B230400)&&(B460800)&&!(B460800>65535)&&!(B921600)&&!(B1152000)&&!(B1000000)&&(B2000000)&&!(B2000000>65535)&&(B3000000)&&(B3000000>65535)||!(__FreeBSD__)&&!(B115200)&&!(B230400)&&(B460800)&&!(B460800>65535)&&!(B921600)&&!(B1152000)&&!(B1000000)&&(B2000000)&&(B2000000>65535)||!(__FreeBSD__)&&!(B115200)&&!(B230400)&&(B460800)&&!(B460800>65535)&&!(B921600)&&!(B1152000)&&(B1000000)&&!(B1000000>65535)&&!(B2000000)&&!(B3000000)&&(B4000000)&&(B4000000>65535)||!(__FreeBSD__)&&!(B115200)&&!(B230400)&&(B460800)&&!(B460800>65535)&&!(B921600)&&!(B1152000)&&(B1000000)&&!(B1000000>65535)&&!(B2000000)&&(B3000000)&&!(B3000000>65535)&&(B4000000)&&(B4000000>65535)||!(__FreeBSD__)&&!(B115200)&&!(B230400)&&(B460800)&&!(B460800>65535)&&!(B921600)&&!(B1152000)&&(B1000000)&&!(B1000000>65535)&&!(B2000000)&&(B3000000)&&(B3000000>65535)||!(__FreeBSD__)&&!(B115200)&&!(B230400)&&(B460800)&&!(B460800>65535)&&!(B921600)&&!(B1152000)&&(B1000000)&&!(B1000000>65535)&&(B2000000)&&!(B2000000>65535)&&!(B3000000)&&(B4000000)&&(B4000000>65535)||!(__FreeBSD__)&&!(B115200)&&!(B230400)&&(B460800)&&!(B460800>65535)&&!(B921600)&&!(B1152000)&&(B1000000)&&!(B1000000>65535)&&(B2000000)&&!(B2000000>65535)&&(B3000000)&&!(B3000000>65535)&&(B4000000)&&(B4000000>65535)||!(__FreeBSD__)&&!(B115200)&&!(B230400)&&(B460800)&&!(B460800>65535)&&!(B921600)&&!(B1152000)&&(B1000000)&&!(B1000000>65535)&&(B2000000)&&!(B2000000>65535)&&(B3000000)&&(B3000000>65535)||!(__FreeBSD__)&&!(B115200)&&!(B230400)&&(B460800)&&!(B460800>65535)&&!(B921600)&&!(B1152000)&&(B1000000)&&!(B1000000>65535)&&(B2000000)&&(B2000000>65535)||!(__FreeBSD__)&&!(B115200)&&!(B230400)&&(B460800)&&!(B460800>65535)&&!(B921600)&&!(B1152000)&&(B1000000)&&(B1000000>65535)||!(__FreeBSD__)&&!(B115200)&&!(B230400)&&(B460800)&&!(B460800>65535)&&!(B921600)&&(B1152000)&&!(B1152000>65535)&&!(B1000000)&&!(B2000000)&&!(B3000000)&&(B4000000)&&(B4000000>65535)||!(__FreeBSD__)&&!(B115200)&&!(B230400)&&(B460800)&&!(B460800>65535)&&!(B921600)&&(B1152000)&&!(B1152000>65535)&&!(B1000000)&&!(B2000000)&&(B3000000)&&!(B3000000>65535)&&(B4000000)&&(B4000000>65535)||!(__FreeBSD__)&&!(B115200)&&!(B230400)&&(B460800)&&!(B460800>65535)&&!(B921600)&&(B1152000)&&!(B1152000>65535)&&!(B1000000)&&!(B2000000)&&(B3000000)&&(B3000000>65535)||!(__FreeBSD__)&&!(B115200)&&!(B230400)&&(B460800)&&!(B460800>65535)&&!(B921600)&&(B1152000)&&!(B1152000>65535)&&!(B1000000)&&(B2000000)&&!(B2000000>65535)&&!(B3000000)&&(B4000000)&&(B4000000>65535)||!(__FreeBSD__)&&!(B115200)&&!(B230400)&&(B460800)&&!(B460800>65535)&&!(B921600)&&(B1152000)&&!(B1152000>65535)&&!(B1000000)&&(B2000000)&&!(B2000000>65535)&&(B3000000)&&!(B3000000>65535)&&(B4000000)&&(B4000000>65535)||!(__FreeBSD__)&&!(B115200)&&!(B230400)&&(B460800)&&!(B460800>65535)&&!(B921600)&&(B1152000)&&!(B1152000>65535)&&!(B1000000)&&(B2000000)&&!(B2000000>65535)&&(B3000000)&&(B3000000>65535)||!(__FreeBSD__)&&!(B115200)&&!(B230400)&&(B460800)&&!(B460800>65535)&&!(B921600)&&(B1152000)&&!(B1152000>65535)&&!(B1000000)&&(B2000000)&&(B2000000>65535)||!(__FreeBSD__)&&!(B115200)&&!(B230400)&&(B460800)&&!(B460800>65535)&&!(B921600)&&(B1152000)&&!(B1152000>65535)&&(B1000000)&&!(B1000000>65535)&&!(B2000000)&&!(B3000000)&&(B4000000)&&(B4000000>65535)||!(__FreeBSD__)&&!(B115200)&&!(B230400)&&(B460800)&&!(B460800>65535)&&!(B921600)&&(B1152000)&&!(B1152000>65535)&&(B1000000)&&!(B1000000>65535)&&!(B2000000)&&(B3000000)&&!(B3000000>65535)&&(B4000000)&&(B4000000>65535)||!(__FreeBSD__)&&!(B115200)&&!(B230400)&&(B460800)&&!(B460800>65535)&&!(B921600)&&(B1152000)&&!(B1152000>65535)&&(B1000000)&&!(B1000000>65535)&&!(B2000000)&&(B3000000)&&(B3000000>65535)||!(__FreeBSD__)&&!(B115200)&&!(B230400)&&(B460800)&&!(B460800>65535)&&!(B921600)&&(B1152000)&&!(B1152000>65535)&&(B1000000)&&!(B1000000>65535)&&(B2000000)&&!(B2000000>65535)&&!(B3000000)&&(B4000000)&&(B4000000>65535)||!(__FreeBSD__)&&!(B115200)&&!(B230400)&&(B460800)&&!(B460800>65535)&&!(B921600)&&(B1152000)&&!(B1152000>65535)&&(B1000000)&&!(B1000000>65535)&&(B2000000)&&!(B2000000>65535)&&(B3000000)&&!(B3000000>65535)&&(B4000000)&&(B4000000>65535)||!(__FreeBSD__)&&!(B115200)&&!(B230400)&&(B460800)&&!(B460800>65535)&&!(B921600)&&(B1152000)&&!(B1152000>65535)&&(B1000000)&&!(B1000000>65535)&&(B2000000)&&!(B2000000>65535)&&(B3000000)&&(B3000000>65535)||!(__FreeBSD__)&&!(B115200)&&!(B230400)&&(B460800)&&!(B460800>65535)&&!(B921600)&&(B1152000)&&!(B1152000>65535)&&(B1000000)&&!(B1000000>65535)&&(B2000000)&&(B2000000>65535)||!(__FreeBSD__)&&!(B115200)&&!(B230400)&&(B460800)&&!(B460800>65535)&&!(B921600)&&(B1152000)&&!(B1152000>65535)&&(B1000000)&&(B1000000>65535)||!(__FreeBSD__)&&!(B115200)&&!(B230400)&&(B460800)&&!(B460800>65535)&&!(B921600)&&(B1152000)&&(B1152000>65535)||!(__FreeBSD__)&&!(B115200)&&!(B230400)&&(B460800)&&!(B460800>65535)&&(B921600)&&!(B921600>65535)&&!(B1152000)&&!(B1000000)&&!(B2000000)&&!(B3000000)&&(B4000000)&&(B4000000>65535)||!(__FreeBSD__)&&!(B115200)&&!(B230400)&&(B460800)&&!(B460800>65535)&&(B921600)&&!(B921600>65535)&&!(B1152000)&&!(B1000000)&&!(B2000000)&&(B3000000)&&!(B3000000>65535)&&(B4000000)&&(B4000000>65535)||!(__FreeBSD__)&&!(B115200)&&!(B230400)&&(B460800)&&!(B460800>65535)&&(B921600)&&!(B921600>65535)&&!(B1152000)&&!(B1000000)&&!(B2000000)&&(B3000000)&&(B3000000>65535)||!(__FreeBSD__)&&!(B115200)&&!(B230400)&&(B460800)&&!(B460800>65535)&&(B921600)&&!(B921600>65535)&&!(B1152000)&&!(B1000000)&&(B2000000)&&!(B2000000>65535)&&!(B3000000)&&(B4000000)&&(B4000000>65535)||!(__FreeBSD__)&&!(B115200)&&!(B230400)&&(B460800)&&!(B460800>65535)&&(B921600)&&!(B921600>65535)&&!(B1152000)&&!(B1000000)&&(B2000000)&&!(B2000000>65535)&&(B3000000)&&!(B3000000>65535)&&(B4000000)&&(B4000000>65535)||!(__FreeBSD__)&&!(B115200)&&!(B230400)&&(B460800)&&!(B460800>65535)&&(B921600)&&!(B921600>65535)&&!(B1152000)&&!(B1000000)&&(B2000000)&&!(B2000000>65535)&&(B3000000)&&(B3000000>65535)||!(__FreeBSD__)&&!(B115200)&&!(B230400)&&(B460800)&&!(B460800>65535)&&(B921600)&&!(B921600>65535)&&!(B1152000)&&!(B1000000)&&(B2000000)&&(B2000000>65535)||!(__FreeBSD__)&&!(B115200)&&!(B230400)&&(B460800)&&!(B460800>65535)&&(B921600)&&!(B921600>65535)&&!(B1152000)&&(B1000000)&&!(B1000000>65535)&&!(B2000000)&&!(B3000000)&&(B4000000)&&(B4000000>65535)||!(__FreeBSD__)&&!(B115200)&&!(B230400)&&(B460800)&&!(B460800>65535)&&(B921600)&&!(B921600>65535)&&!(B1152000)&&(B1000000)&&!(B1000000>65535)&&!(B2000000)&&(B3000000)&&!(B3000000>65535)&&(B4000000)&&(B4000000>65535)||!(__FreeBSD__)&&!(B115200)&&!(B230400)&&(B460800)&&!(B460800>65535)&&(B921600)&&!(B921600>65535)&&!(B1152000)&&(B1000000)&&!(B1000000>65535)&&!(B2000000)&&(B3000000)&&(B3000000>65535)||!(__FreeBSD__)&&!(B115200)&&!(B230400)&&(B460800)&&!(B460800>65535)&&(B921600)&&!(B921600>65535)&&!(B1152000)&&(B1000000)&&!(B1000000>65535)&&(B2000000)&&!(B2000000>65535)&&!(B3000000)&&(B4000000)&&(B4000000>65535)||!(__FreeBSD__)&&!(B115200)&&!(B230400)&&(B460800)&&!(B460800>65535)&&(B921600)&&!(B921600>65535)&&!(B1152000)&&(B1000000)&&!(B1000000>65535)&&(B2000000)&&!(B2000000>65535)&&(B3000000)&&!(B3000000>65535)&&(B4000000)&&(B4000000>65535)||!(__FreeBSD__)&&!(B115200)&&!(B230400)&&(B460800)&&!(B460800>65535)&&(B921600)&&!(B921600>65535)&&!(B1152000)&&(B1000000)&&!(B1000000>65535)&&(B2000000)&&!(B2000000>65535)&&(B3000000)&&(B3000000>65535)||!(__FreeBSD__)&&!(B115200)&&!(B230400)&&(B460800)&&!(B460800>65535)&&(B921600)&&!(B921600>65535)&&!(B1152000)&&(B1000000)&&!(B1000000>65535)&&(B2000000)&&(B2000000>65535)||!(__FreeBSD__)&&!(B115200)&&!(B230400)&&(B460800)&&!(B460800>65535)&&(B921600)&&!(B921600>65535)&&!(B1152000)&&(B1000000)&&(B1000000>65535)||!(__FreeBSD__)&&!(B115200)&&!(B230400)&&(B460800)&&!(B460800>65535)&&(B921600)&&!(B921600>65535)&&(B1152000)&&!(B1152000>65535)&&!(B1000000)&&!(B2000000)&&!(B3000000)&&(B4000000)&&(B4000000>65535)||!(__FreeBSD__)&&!(B115200)&&!(B230400)&&(B460800)&&!(B460800>65535)&&(B921600)&&!(B921600>65535)&&(B1152000)&&!(B1152000>65535)&&!(B1000000)&&!(B2000000)&&(B3000000)&&!(B3000000>65535)&&(B4000000)&&(B4000000>65535)||!(__FreeBSD__)&&!(B115200)&&!(B230400)&&(B460800)&&!(B460800>65535)&&(B921600)&&!(B921600>65535)&&(B1152000)&&!(B1152000>65535)&&!(B1000000)&&!(B2000000)&&(B3000000)&&(B3000000>65535)||!(__FreeBSD__)&&!(B115200)&&!(B230400)&&(B460800)&&!(B460800>65535)&&(B921600)&&!(B921600>65535)&&(B1152000)&&!(B1152000>65535)&&!(B1000000)&&(B2000000)&&!(B2000000>65535)&&!(B3000000)&&(B4000000)&&(B4000000>65535)||!(__FreeBSD__)&&!(B115200)&&!(B230400)&&(B460800)&&!(B460800>65535)&&(B921600)&&!(B921600>65535)&&(B1152000)&&!(B1152000>65535)&&!(B1000000)&&(B2000000)&&!(B2000000>65535)&&(B3000000)&&!(B3000000>65535)&&(B4000000)&&(B4000000>65535)||!(__FreeBSD__)&&!(B115200)&&!(B230400)&&(B460800)&&!(B460800>65535)&&(B921600)&&!(B921600>65535)&&(B1152000)&&!(B1152000>65535)&&!(B1000000)&&(B2000000)&&!(B2000000>65535)&&(B3000000)&&(B3000000>65535)||!(__FreeBSD__)&&!(B115200)&&!(B230400)&&(B460800)&&!(B460800>65535)&&(B921600)&&!(B921600>65535)&&(B1152000)&&!(B1152000>65535)&&!(B1000000)&&(B2000000)&&(B2000000>65535)||!(__FreeBSD__)&&!(B115200)&&!(B230400)&&(B460800)&&!(B460800>65535)&&(B921600)&&!(B921600>65535)&&(B1152000)&&!(B1152000>65535)&&(B1000000)&&!(B1000000>65535)&&!(B2000000)&&!(B3000000)&&(B4000000)&&(B4000000>65535)||!(__FreeBSD__)&&!(B115200)&&!(B230400)&&(B460800)&&!(B460800>65535)&&(B921600)&&!(B921600>65535)&&(B1152000)&&!(B1152000>65535)&&(B1000000)&&!(B1000000>65535)&&!(B2000000)&&(B3000000)&&!(B3000000>65535)&&(B4000000)&&(B4000000>65535)||!(__FreeBSD__)&&!(B115200)&&!(B230400)&&(B460800)&&!(B460800>65535)&&(B921600)&&!(B921600>65535)&&(B1152000)&&!(B1152000>65535)&&(B1000000)&&!(B1000000>65535)&&!(B2000000)&&(B3000000)&&(B3000000>65535)||!(__FreeBSD__)&&!(B115200)&&!(B230400)&&(B460800)&&!(B460800>65535)&&(B921600)&&!(B921600>65535)&&(B1152000)&&!(B1152000>65535)&&(B1000000)&&!(B1000000>65535)&&(B2000000)&&!(B2000000>65535)&&!(B3000000)&&(B4000000)&&(B4000000>65535)||!(__FreeBSD__)&&!(B115200)&&!(B230400)&&(B460800)&&!(B460800>65535)&&(B921600)&&!(B921600>65535)&&(B1152000)&&!(B1152000>65535)&&(B1000000)&&!(B1000000>65535)&&(B2000000)&&!(B2000000>65535)&&(B3000000)&&!(B3000000>65535)&&(B4000000)&&(B4000000>65535)||!(__FreeBSD__)&&!(B115200)&&!(B230400)&&(B460800)&&!(B460800>65535)&&(B921600)&&!(B921600>65535)&&(B1152000)&&!(B1152000>65535)&&(B1000000)&&!(B1000000>65535)&&(B2000000)&&!(B2000000>65535)&&(B3000000)&&(B3000000>65535)||!(__FreeBSD__)&&!(B115200)&&!(B230400)&&(B460800)&&!(B460800>65535)&&(B921600)&&!(B921600>65535)&&(B1152000)&&!(B1152000>65535)&&(B1000000)&&!(B1000000>65535)&&(B2000000)&&(B2000000>65535)||!(__FreeBSD__)&&!(B115200)&&!(B230400)&&(B460800)&&!(B460800>65535)&&(B921600)&&!(B921600>65535)&&(B1152000)&&!(B1152000>65535)&&(B1000000)&&(B1000000>65535)||!(__FreeBSD__)&&!(B115200)&&!(B230400)&&(B460800)&&!(B460800>65535)&&(B921600)&&!(B921600>65535)&&(B1152000)&&(B1152000>65535)||!(__FreeBSD__)&&!(B115200)&&!(B230400)&&(B460800)&&!(B460800>65535)&&(B921600)&&(B921600>65535)||!(__FreeBSD__)&&!(B115200)&&!(B230400)&&(B460800)&&(B460800>65535)||!(__FreeBSD__)&&!(B115200)&&(B230400)&&!(B230400>65535)&&!(B460800)&&!(B921600)&&!(B1152000)&&!(B1000000)&&!(B2000000)&&!(B3000000)&&(B4000000)&&(B4000000>65535)||!(__FreeBSD__)&&!(B115200)&&(B230400)&&!(B230400>65535)&&!(B460800)&&!(B921600)&&!(B1152000)&&!(B1000000)&&!(B2000000)&&(B3000000)&&!(B3000000>65535)&&(B4000000)&&(B4000000>65535)||!(__FreeBSD__)&&!(B115200)&&(B230400)&&!(B230400>65535)&&!(B460800)&&!(B921600)&&!(B1152000)&&!(B1000000)&&!(B2000000)&&(B3000000)&&(B3000000>65535)||!(__FreeBSD__)&&!(B115200)&&(B230400)&&!(B230400>65535)&&!(B460800)&&!(B921600)&&!(B1152000)&&!(B1000000)&&(B2000000)&&!(B2000000>65535)&&!(B3000000)&&(B4000000)&&(B4000000>65535)||!(__FreeBSD__)&&!(B115200)&&(B230400)&&!(B230400>65535)&&!(B460800)&&!(B921600)&&!(B1152000)&&!(B1000000)&&(B2000000)&&!(B2000000>65535)&&(B3000000)&&!(B3000000>65535)&&(B4000000)&&(B4000000>65535)||!(__FreeBSD__)&&!(B115200)&&(B230400)&&!(B230400>65535)&&!(B460800)&&!(B921600)&&!(B1152000)&&!(B1000000)&&(B2000000)&&!(B2000000>65535)&&(B3000000)&&(B3000000>65535)||!(__FreeBSD__)&&!(B115200)&&(B230400)&&!(B230400>65535)&&!(B460800)&&!(B921600)&&!(B1152000)&&!(B1000000)&&(B2000000)&&(B2000000>65535)||!(__FreeBSD__)&&!(B115200)&&(B230400)&&!(B230400>65535)&&!(B460800)&&!(B921600)&&!(B1152000)&&(B1000000)&&!(B1000000>65535)&&!(B2000000)&&!(B3000000)&&(B4000000)&&(B4000000>65535)||!(__FreeBSD__)&&!(B115200)&&(B230400)&&!(B230400>65535)&&!(B460800)&&!(B921600)&&!(B1152000)&&(B1000000)&&!(B1000000>65535)&&!(B2000000)&&(B3000000)&&!(B3000000>65535)&&(B4000000)&&(B4000000>65535)||!(__FreeBSD__)&&!(B115200)&&(B230400)&&!(B230400>65535)&&!(B460800)&&!(B921600)&&!(B1152000)&&(B1000000)&&!(B1000000>65535)&&!(B2000000)&&(B3000000)&&(B3000000>65535)||!(__FreeBSD__)&&!(B115200)&&(B230400)&&!(B230400>65535)&&!(B460800)&&!(B921600)&&!(B1152000)&&(B1000000)&&!(B1000000>65535)&&(B2000000)&&!(B2000000>65535)&&!(B3000000)&&(B4000000)&&(B4000000>65535)||!(__FreeBSD__)&&!(B115200)&&(B230400)&&!(B230400>65535)&&!(B460800)&&!(B921600)&&!(B1152000)&&(B1000000)&&!(B1000000>65535)&&(B2000000)&&!(B2000000>65535)&&(B3000000)&&!(B3000000>65535)&&(B4000000)&&(B4000000>65535)||!(__FreeBSD__)&&!(B115200)&&(B230400)&&!(B230400>65535)&&!(B460800)&&!(B921600)&&!(B1152000)&&(B1000000)&&!(B1000000>65535)&&(B2000000)&&!(B2000000>65535)&&(B3000000)&&(B3000000>65535)||!(__FreeBSD__)&&!(B115200)&&(B230400)&&!(B230400>65535)&&!(B460800)&&!(B921600)&&!(B1152000)&&(B1000000)&&!(B1000000>65535)&&(B2000000)&&(B2000000>65535)||!(__FreeBSD__)&&!(B115200)&&(B230400)&&!(B230400>65535)&&!(B460800)&&!(B921600)&&!(B1152000)&&(B1000000)&&(B1000000>65535)||!(__FreeBSD__)&&!(B115200)&&(B230400)&&!(B230400>65535)&&!(B460800)&&!(B921600)&&(B1152000)&&!(B1152000>65535)&&!(B1000000)&&!(B2000000)&&!(B3000000)&&(B4000000)&&(B4000000>65535)||!(__FreeBSD__)&&!(B115200)&&(B230400)&&!(B230400>65535)&&!(B460800)&&!(B921600)&&(B1152000)&&!(B1152000>65535)&&!(B1000000)&&!(B2000000)&&(B3000000)&&!(B3000000>65535)&&(B4000000)&&(B4000000>65535)||!(__FreeBSD__)&&!(B115200)&&(B230400)&&!(B230400>65535)&&!(B460800)&&!(B921600)&&(B1152000)&&!(B1152000>65535)&&!(B1000000)&&!(B2000000)&&(B3000000)&&(B3000000>65535)||!(__FreeBSD__)&&!(B115200)&&(B230400)&&!(B230400>65535)&&!(B460800)&&!(B921600)&&(B1152000)&&!(B1152000>65535)&&!(B1000000)&&(B2000000)&&!(B2000000>65535)&&!(B3000000)&&(B4000000)&&(B4000000>65535)||!(__FreeBSD__)&&!(B115200)&&(B230400)&&!(B230400>65535)&&!(B460800)&&!(B921600)&&(B1152000)&&!(B1152000>65535)&&!(B1000000)&&(B2000000)&&!(B2000000>65535)&&(B3000000)&&!(B3000000>65535)&&(B4000000)&&(B4000000>65535)||!(__FreeBSD__)&&!(B115200)&&(B230400)&&!(B230400>65535)&&!(B460800)&&!(B921600)&&(B1152000)&&!(B1152000>65535)&&!(B1000000)&&(B2000000)&&!(B2000000>65535)&&(B3000000)&&(B3000000>65535)||!(__FreeBSD__)&&!(B115200)&&(B230400)&&!(B230400>65535)&&!(B460800)&&!(B921600)&&(B1152000)&&!(B1152000>65535)&&!(B1000000)&&(B2000000)&&(B2000000>65535)||!(__FreeBSD__)&&!(B115200)&&(B230400)&&!(B230400>65535)&&!(B460800)&&!(B921600)&&(B1152000)&&!(B1152000>65535)&&(B1000000)&&!(B1000000>65535)&&!(B2000000)&&!(B3000000)&&(B4000000)&&(B4000000>65535)||!(__FreeBSD__)&&!(B115200)&&(B230400)&&!(B230400>65535)&&!(B460800)&&!(B921600)&&(B1152000)&&!(B1152000>65535)&&(B1000000)&&!(B1000000>65535)&&!(B2000000)&&(B3000000)&&!(B3000000>65535)&&(B4000000)&&(B4000000>65535)||!(__FreeBSD__)&&!(B115200)&&(B230400)&&!(B230400>65535)&&!(B460800)&&!(B921600)&&(B1152000)&&!(B1152000>65535)&&(B1000000)&&!(B1000000>65535)&&!(B2000000)&&(B3000000)&&(B3000000>65535)||!(__FreeBSD__)&&!(B115200)&&(B230400)&&!(B230400>65535)&&!(B460800)&&!(B921600)&&(B1152000)&&!(B1152000>65535)&&(B1000000)&&!(B1000000>65535)&&(B2000000)&&!(B2000000>65535)&&!(B3000000)&&(B4000000)&&(B4000000>65535)||!(__FreeBSD__)&&!(B115200)&&(B230400)&&!(B230400>65535)&&!(B460800)&&!(B921600)&&(B1152000)&&!(B1152000>65535)&&(B1000000)&&!(B1000000>65535)&&(B2000000)&&!(B2000000>65535)&&(B3000000)&&!(B3000000>65535)&&(B4000000)&&(B4000000>65535)||!(__FreeBSD__)&&!(B115200)&&(B230400)&&!(B230400>65535)&&!(B460800)&&!(B921600)&&(B1152000)&&!(B1152000>65535)&&(B1000000)&&!(B1000000>65535)&&(B2000000)&&!(B2000000>65535)&&(B3000000)&&(B3000000>65535)||!(__FreeBSD__)&&!(B115200)&&(B230400)&&!(B230400>65535)&&!(B460800)&&!(B921600)&&(B1152000)&&!(B1152000>65535)&&(B1000000)&&!(B1000000>65535)&&(B2000000)&&(B2000000>65535)||!(__FreeBSD__)&&!(B115200)&&(B230400)&&!(B230400>65535)&&!(B460800)&&!(B921600)&&(B1152000)&&!(B1152000>65535)&&(B1000000)&&(B1000000>65535)||!(__FreeBSD__)&&!(B115200)&&(B230400)&&!(B230400>65535)&&!(B460800)&&!(B921600)&&(B1152000)&&(B1152000>65535)||!(__FreeBSD__)&&!(B115200)&&(B230400)&&!(B230400>65535)&&!(B460800)&&(B921600)&&!(B921600>65535)&&!(B1152000)&&!(B1000000)&&!(B2000000)&&!(B3000000)&&(B4000000)&&(B4000000>65535)||!(__FreeBSD__)&&!(B115200)&&(B230400)&&!(B230400>65535)&&!(B460800)&&(B921600)&&!(B921600>65535)&&!(B1152000)&&!(B1000000)&&!(B2000000)&&(B3000000)&&!(B3000000>65535)&&(B4000000)&&(B4000000>65535)||!(__FreeBSD__)&&!(B115200)&&(B230400)&&!(B230400>65535)&&!(B460800)&&(B921600)&&!(B921600>65535)&&!(B1152000)&&!(B1000000)&&!(B2000000)&&(B3000000)&&(B3000000>65535)||!(__FreeBSD__)&&!(B115200)&&(B230400)&&!(B230400>65535)&&!(B460800)&&(B921600)&&!(B921600>65535)&&!(B1152000)&&!(B1000000)&&(B2000000)&&!(B2000000>65535)&&!(B3000000)&&(B4000000)&&(B4000000>65535)||!(__FreeBSD__)&&!(B115200)&&(B230400)&&!(B230400>65535)&&!(B460800)&&(B921600)&&!(B921600>65535)&&!(B1152000)&&!(B1000000)&&(B2000000)&&!(B2000000>65535)&&(B3000000)&&!(B3000000>65535)&&(B4000000)&&(B4000000>65535)||!(__FreeBSD__)&&!(B115200)&&(B230400)&&!(B230400>65535)&&!(B460800)&&(B921600)&&!(B921600>65535)&&!(B1152000)&&!(B1000000)&&(B2000000)&&!(B2000000>65535)&&(B3000000)&&(B3000000>65535)||!(__FreeBSD__)&&!(B115200)&&(B230400)&&!(B230400>65535)&&!(B460800)&&(B921600)&&!(B921600>65535)&&!(B1152000)&&!(B1000000)&&(B2000000)&&(B2000000>65535)||!(__FreeBSD__)&&!(B115200)&&(B230400)&&!(B230400>65535)&&!(B460800)&&(B921600)&&!(B921600>65535)&&!(B1152000)&&(B1000000)&&!(B1000000>65535)&&!(B2000000)&&!(B3000000)&&(B4000000)&&(B4000000>65535)||!(__FreeBSD__)&&!(B115200)&&(B230400)&&!(B230400>65535)&&!(B460800)&&(B921600)&&!(B921600>65535)&&!(B1152000)&&(B1000000)&&!(B1000000>65535)&&!(B2000000)&&(B3000000)&&!(B3000000>65535)&&(B4000000)&&(B4000000>65535)||!(__FreeBSD__)&&!(B115200)&&(B230400)&&!(B230400>65535)&&!(B460800)&&(B921600)&&!(B921600>65535)&&!(B1152000)&&(B1000000)&&!(B1000000>65535)&&!(B2000000)&&(B3000000)&&(B3000000>65535)||!(__FreeBSD__)&&!(B115200)&&(B230400)&&!(B230400>65535)&&!(B460800)&&(B921600)&&!(B921600>65535)&&!(B1152000)&&(B1000000)&&!(B1000000>65535)&&(B2000000)&&!(B2000000>65535)&&!(B3000000)&&(B4000000)&&(B4000000>65535)||!(__FreeBSD__)&&!(B115200)&&(B230400)&&!(B230400>65535)&&!(B460800)&&(B921600)&&!(B921600>65535)&&!(B1152000)&&(B1000000)&&!(B1000000>65535)&&(B2000000)&&!(B2000000>65535)&&(B3000000)&&!(B3000000>65535)&&(B4000000)&&(B4000000>65535)||!(__FreeBSD__)&&!(B115200)&&(B230400)&&!(B230400>65535)&&!(B460800)&&(B921600)&&!(B921600>65535)&&!(B1152000)&&(B1000000)&&!(B1000000>65535)&&(B2000000)&&!(B2000000>65535)&&(B3000000)&&(B3000000>65535)||!(__FreeBSD__)&&!(B115200)&&(B230400)&&!(B230400>65535)&&!(B460800)&&(B921600)&&!(B921600>65535)&&!(B1152000)&&(B1000000)&&!(B1000000>65535)&&(B2000000)&&(B2000000>65535)||!(__FreeBSD__)&&!(B115200)&&(B230400)&&!(B230400>65535)&&!(B460800)&&(B921600)&&!(B921600>65535)&&!(B1152000)&&(B1000000)&&(B1000000>65535)||!(__FreeBSD__)&&!(B115200)&&(B230400)&&!(B230400>65535)&&!(B460800)&&(B921600)&&!(B921600>65535)&&(B1152000)&&!(B1152000>65535)&&!(B1000000)&&!(B2000000)&&!(B3000000)&&(B4000000)&&(B4000000>65535)||!(__FreeBSD__)&&!(B115200)&&(B230400)&&!(B230400>65535)&&!(B460800)&&(B921600)&&!(B921600>65535)&&(B1152000)&&!(B1152000>65535)&&!(B1000000)&&!(B2000000)&&(B3000000)&&!(B3000000>65535)&&(B4000000)&&(B4000000>65535)||!(__FreeBSD__)&&!(B115200)&&(B230400)&&!(B230400>65535)&&!(B460800)&&(B921600)&&!(B921600>65535)&&(B1152000)&&!(B1152000>65535)&&!(B1000000)&&!(B2000000)&&(B3000000)&&(B3000000>65535)||!(__FreeBSD__)&&!(B115200)&&(B230400)&&!(B230400>65535)&&!(B460800)&&(B921600)&&!(B921600>65535)&&(B1152000)&&!(B1152000>65535)&&!(B1000000)&&(B2000000)&&!(B2000000>65535)&&!(B3000000)&&(B4000000)&&(B4000000>65535)||!(__FreeBSD__)&&!(B115200)&&(B230400)&&!(B230400>65535)&&!(B460800)&&(B921600)&&!(B921600>65535)&&(B1152000)&&!(B1152000>65535)&&!(B1000000)&&(B2000000)&&!(B2000000>65535)&&(B3000000)&&!(B3000000>65535)&&(B4000000)&&(B4000000>65535)||!(__FreeBSD__)&&!(B115200)&&(B230400)&&!(B230400>65535)&&!(B460800)&&(B921600)&&!(B921600>65535)&&(B1152000)&&!(B1152000>65535)&&!(B1000000)&&(B2000000)&&!(B2000000>65535)&&(B3000000)&&(B3000000>65535)||!(__FreeBSD__)&&!(B115200)&&(B230400)&&!(B230400>65535)&&!(B460800)&&(B921600)&&!(B921600>65535)&&(B1152000)&&!(B1152000>65535)&&!(B1000000)&&(B2000000)&&(B2000000>65535)||!(__FreeBSD__)&&!(B115200)&&(B230400)&&!(B230400>65535)&&!(B460800)&&(B921600)&&!(B921600>65535)&&(B1152000)&&!(B1152000>65535)&&(B1000000)&&!(B1000000>65535)&&!(B2000000)&&!(B3000000)&&(B4000000)&&(B4000000>65535)||!(__FreeBSD__)&&!(B115200)&&(B230400)&&!(B230400>65535)&&!(B460800)&&(B921600)&&!(B921600>65535)&&(B1152000)&&!(B1152000>65535)&&(B1000000)&&!(B1000000>65535)&&!(B2000000)&&(B3000000)&&!(B3000000>65535)&&(B4000000)&&(B4000000>65535)||!(__FreeBSD__)&&!(B115200)&&(B230400)&&!(B230400>65535)&&!(B460800)&&(B921600)&&!(B921600>65535)&&(B1152000)&&!(B1152000>65535)&&(B1000000)&&!(B1000000>65535)&&!(B2000000)&&(B3000000)&&(B3000000>65535)||!(__FreeBSD__)&&!(B115200)&&(B230400)&&!(B230400>65535)&&!(B460800)&&(B921600)&&!(B921600>65535)&&(B1152000)&&!(B1152000>65535)&&(B1000000)&&!(B1000000>65535)&&(B2000000)&&!(B2000000>65535)&&!(B3000000)&&(B4000000)&&(B4000000>65535)||!(__FreeBSD__)&&!(B115200)&&(B230400)&&!(B230400>65535)&&!(B460800)&&(B921600)&&!(B921600>65535)&&(B1152000)&&!(B1152000>65535)&&(B1000000)&&!(B1000000>65535)&&(B2000000)&&!(B2000000>65535)&&(B3000000)&&!(B3000000>65535)&&(B4000000)&&(B4000000>65535)||!(__FreeBSD__)&&!(B115200)&&(B230400)&&!(B230400>65535)&&!(B460800)&&(B921600)&&!(B921600>65535)&&(B1152000)&&!(B1152000>65535)&&(B1000000)&&!(B1000000>65535)&&(B2000000)&&!(B2000000>65535)&&(B3000000)&&(B3000000>65535)||!(__FreeBSD__)&&!(B115200)&&(B230400)&&!(B230400>65535)&&!(B460800)&&(B921600)&&!(B921600>65535)&&(B1152000)&&!(B1152000>65535)&&(B1000000)&&!(B1000000>65535)&&(B2000000)&&(B2000000>65535)||!(__FreeBSD__)&&!(B115200)&&(B230400)&&!(B230400>65535)&&!(B460800)&&(B921600)&&!(B921600>65535)&&(B1152000)&&!(B1152000>65535)&&(B1000000)&&(B1000000>65535)||!(__FreeBSD__)&&!(B115200)&&(B230400)&&!(B230400>65535)&&!(B460800)&&(B921600)&&!(B921600>65535)&&(B1152000)&&(B1152000>65535)||!(__FreeBSD__)&&!(B115200)&&(B230400)&&!(B230400>65535)&&!(B460800)&&(B921600)&&(B921600>65535)||!(__FreeBSD__)&&!(B115200)&&(B230400)&&!(B230400>65535)&&(B460800)&&!(B460800>65535)&&!(B921600)&&!(B1152000)&&!(B1000000)&&!(B2000000)&&!(B3000000)&&(B4000000)&&(B4000000>65535)||!(__FreeBSD__)&&!(B115200)&&(B230400)&&!(B230400>65535)&&(B460800)&&!(B460800>65535)&&!(B921600)&&!(B1152000)&&!(B1000000)&&!(B2000000)&&(B3000000)&&!(B3000000>65535)&&(B4000000)&&(B4000000>65535)||!(__FreeBSD__)&&!(B115200)&&(B230400)&&!(B230400>65535)&&(B460800)&&!(B460800>65535)&&!(B921600)&&!(B1152000)&&!(B1000000)&&!(B2000000)&&(B3000000)&&(B3000000>65535)||!(__FreeBSD__)&&!(B115200)&&(B230400)&&!(B230400>65535)&&(B460800)&&!(B460800>65535)&&!(B921600)&&!(B1152000)&&!(B1000000)&&(B2000000)&&!(B2000000>65535)&&!(B3000000)&&(B4000000)&&(B4000000>65535)||!(__FreeBSD__)&&!(B115200)&&(B230400)&&!(B230400>65535)&&(B460800)&&!(B460800>65535)&&!(B921600)&&!(B1152000)&&!(B1000000)&&(B2000000)&&!(B2000000>65535)&&(B3000000)&&!(B3000000>65535)&&(B4000000)&&(B4000000>65535)||!(__FreeBSD__)&&!(B115200)&&(B230400)&&!(B230400>65535)&&(B460800)&&!(B460800>65535)&&!(B921600)&&!(B1152000)&&!(B1000000)&&(B2000000)&&!(B2000000>65535)&&(B3000000)&&(B3000000>65535)||!(__FreeBSD__)&&!(B115200)&&(B230400)&&!(B230400>65535)&&(B460800)&&!(B460800>65535)&&!(B921600)&&!(B1152000)&&!(B1000000)&&(B2000000)&&(B2000000>65535)||!(__FreeBSD__)&&!(B115200)&&(B230400)&&!(B230400>65535)&&(B460800)&&!(B460800>65535)&&!(B921600)&&!(B1152000)&&(B1000000)&&!(B1000000>65535)&&!(B2000000)&&!(B3000000)&&(B4000000)&&(B4000000>65535)||!(__FreeBSD__)&&!(B115200)&&(B230400)&&!(B230400>65535)&&(B460800)&&!(B460800>65535)&&!(B921600)&&!(B1152000)&&(B1000000)&&!(B1000000>65535)&&!(B2000000)&&(B3000000)&&!(B3000000>65535)&&(B4000000)&&(B4000000>65535)||!(__FreeBSD__)&&!(B115200)&&(B230400)&&!(B230400>65535)&&(B460800)&&!(B460800>65535)&&!(B921600)&&!(B1152000)&&(B1000000)&&!(B1000000>65535)&&!(B2000000)&&(B3000000)&&(B3000000>65535)||!(__FreeBSD__)&&!(B115200)&&(B230400)&&!(B230400>65535)&&(B460800)&&!(B460800>65535)&&!(B921600)&&!(B1152000)&&(B1000000)&&!(B1000000>65535)&&(B2000000)&&!(B2000000>65535)&&!(B3000000)&&(B4000000)&&(B4000000>65535)||!(__FreeBSD__)&&!(B115200)&&(B230400)&&!(B230400>65535)&&(B460800)&&!(B460800>65535)&&!(B921600)&&!(B1152000)&&(B1000000)&&!(B1000000>65535)&&(B2000000)&&!(B2000000>65535)&&(B3000000)&&!(B3000000>65535)&&(B4000000)&&(B4000000>65535)||!(__FreeBSD__)&&!(B115200)&&(B230400)&&!(B230400>65535)&&(B460800)&&!(B460800>65535)&&!(B921600)&&!(B1152000)&&(B1000000)&&!(B1000000>65535)&&(B2000000)&&!(B2000000>65535)&&(B3000000)&&(B3000000>65535)||!(__FreeBSD__)&&!(B115200)&&(B230400)&&!(B230400>65535)&&(B460800)&&!(B460800>65535)&&!(B921600)&&!(B1152000)&&(B1000000)&&!(B1000000>65535)&&(B2000000)&&(B2000000>65535)||!(__FreeBSD__)&&!(B115200)&&(B230400)&&!(B230400>65535)&&(B460800)&&!(B460800>65535)&&!(B921600)&&!(B1152000)&&(B1000000)&&(B1000000>65535)||!(__FreeBSD__)&&!(B115200)&&(B230400)&&!(B230400>65535)&&(B460800)&&!(B460800>65535)&&!(B921600)&&(B1152000)&&!(B1152000>65535)&&!(B1000000)&&!(B2000000)&&!(B3000000)&&(B4000000)&&(B4000000>65535)||!(__FreeBSD__)&&!(B115200)&&(B230400)&&!(B230400>65535)&&(B460800)&&!(B460800>65535)&&!(B921600)&&(B1152000)&&!(B1152000>65535)&&!(B1000000)&&!(B2000000)&&(B3000000)&&!(B3000000>65535)&&(B4000000)&&(B4000000>65535)||!(__FreeBSD__)&&!(B115200)&&(B230400)&&!(B230400>65535)&&(B460800)&&!(B460800>65535)&&!(B921600)&&(B1152000)&&!(B1152000>65535)&&!(B1000000)&&!(B2000000)&&(B3000000)&&(B3000000>65535)||!(__FreeBSD__)&&!(B115200)&&(B230400)&&!(B230400>65535)&&(B460800)&&!(B460800>65535)&&!(B921600)&&(B1152000)&&!(B1152000>65535)&&!(B1000000)&&(B2000000)&&!(B2000000>65535)&&!(B3000000)&&(B4000000)&&(B4000000>65535)||!(__FreeBSD__)&&!(B115200)&&(B230400)&&!(B230400>65535)&&(B460800)&&!(B460800>65535)&&!(B921600)&&(B1152000)&&!(B1152000>65535)&&!(B1000000)&&(B2000000)&&!(B2000000>65535)&&(B3000000)&&!(B3000000>65535)&&(B4000000)&&(B4000000>65535)||!(__FreeBSD__)&&!(B115200)&&(B230400)&&!(B230400>65535)&&(B460800)&&!(B460800>65535)&&!(B921600)&&(B1152000)&&!(B1152000>65535)&&!(B1000000)&&(B2000000)&&!(B2000000>65535)&&(B3000000)&&(B3000000>65535)||!(__FreeBSD__)&&!(B115200)&&(B230400)&&!(B230400>65535)&&(B460800)&&!(B460800>65535)&&!(B921600)&&(B1152000)&&!(B1152000>65535)&&!(B1000000)&&(B2000000)&&(B2000000>65535)||!(__FreeBSD__)&&!(B115200)&&(B230400)&&!(B230400>65535)&&(B460800)&&!(B460800>65535)&&!(B921600)&&(B1152000)&&!(B1152000>65535)&&(B1000000)&&!(B1000000>65535)&&!(B2000000)&&!(B3000000)&&(B4000000)&&(B4000000>65535)||!(__FreeBSD__)&&!(B115200)&&(B230400)&&!(B230400>65535)&&(B460800)&&!(B460800>65535)&&!(B921600)&&(B1152000)&&!(B1152000>65535)&&(B1000000)&&!(B1000000>65535)&&!(B2000000)&&(B3000000)&&!(B3000000>65535)&&(B4000000)&&(B4000000>65535)||!(__FreeBSD__)&&!(B115200)&&(B230400)&&!(B230400>65535)&&(B460800)&&!(B460800>65535)&&!(B921600)&&(B1152000)&&!(B1152000>65535)&&(B1000000)&&!(B1000000>65535)&&!(B2000000)&&(B3000000)&&(B3000000>65535)||!(__FreeBSD__)&&!(B115200)&&(B230400)&&!(B230400>65535)&&(B460800)&&!(B460800>65535)&&!(B921600)&&(B1152000)&&!(B1152000>65535)&&(B1000000)&&!(B1000000>65535)&&(B2000000)&&!(B2000000>65535)&&!(B3000000)&&(B4000000)&&(B4000000>65535)||!(__FreeBSD__)&&!(B115200)&&(B230400)&&!(B230400>65535)&&(B460800)&&!(B460800>65535)&&!(B921600)&&(B1152000)&&!(B1152000>65535)&&(B1000000)&&!(B1000000>65535)&&(B2000000)&&!(B2000000>65535)&&(B3000000)&&!(B3000000>65535)&&(B4000000)&&(B4000000>65535)||!(__FreeBSD__)&&!(B115200)&&(B230400)&&!(B230400>65535)&&(B460800)&&!(B460800>65535)&&!(B921600)&&(B1152000)&&!(B1152000>65535)&&(B1000000)&&!(B1000000>65535)&&(B2000000)&&!(B2000000>65535)&&(B3000000)&&(B3000000>65535)||!(__FreeBSD__)&&!(B115200)&&(B230400)&&!(B230400>65535)&&(B460800)&&!(B460800>65535)&&!(B921600)&&(B1152000)&&!(B1152000>65535)&&(B1000000)&&!(B1000000>65535)&&(B2000000)&&(B2000000>65535)||!(__FreeBSD__)&&!(B115200)&&(B230400)&&!(B230400>65535)&&(B460800)&&!(B460800>65535)&&!(B921600)&&(B1152000)&&!(B1152000>65535)&&(B1000000)&&(B1000000>65535)||!(__FreeBSD__)&&!(B115200)&&(B230400)&&!(B230400>65535)&&(B460800)&&!(B460800>65535)&&!(B921600)&&(B1152000)&&(B1152000>65535)||!(__FreeBSD__)&&!(B115200)&&(B230400)&&!(B230400>65535)&&(B460800)&&!(B460800>65535)&&(B921600)&&!(B921600>65535)&&!(B1152000)&&!(B1000000)&&!(B2000000)&&!(B3000000)&&(B4000000)&&(B4000000>65535)||!(__FreeBSD__)&&!(B115200)&&(B230400)&&!(B230400>65535)&&(B460800)&&!(B460800>65535)&&(B921600)&&!(B921600>65535)&&!(B1152000)&&!(B1000000)&&!(B2000000)&&(B3000000)&&!(B3000000>65535)&&(B4000000)&&(B4000000>65535)||!(__FreeBSD__)&&!(B115200)&&(B230400)&&!(B230400>65535)&&(B460800)&&!(B460800>65535)&&(B921600)&&!(B921600>65535)&&!(B1152000)&&!(B1000000)&&!(B2000000)&&(B3000000)&&(B3000000>65535)||!(__FreeBSD__)&&!(B115200)&&(B230400)&&!(B230400>65535)&&(B460800)&&!(B460800>65535)&&(B921600)&&!(B921600>65535)&&!(B1152000)&&!(B1000000)&&(B2000000)&&!(B2000000>65535)&&!(B3000000)&&(B4000000)&&(B4000000>65535)||!(__FreeBSD__)&&!(B115200)&&(B230400)&&!(B230400>65535)&&(B460800)&&!(B460800>65535)&&(B921600)&&!(B921600>65535)&&!(B1152000)&&!(B1000000)&&(B2000000)&&!(B2000000>65535)&&(B3000000)&&!(B3000000>65535)&&(B4000000)&&(B4000000>65535)||!(__FreeBSD__)&&!(B115200)&&(B230400)&&!(B230400>65535)&&(B460800)&&!(B460800>65535)&&(B921600)&&!(B921600>65535)&&!(B1152000)&&!(B1000000)&&(B2000000)&&!(B2000000>65535)&&(B3000000)&&(B3000000>65535)||!(__FreeBSD__)&&!(B115200)&&(B230400)&&!(B230400>65535)&&(B460800)&&!(B460800>65535)&&(B921600)&&!(B921600>65535)&&!(B1152000)&&!(B1000000)&&(B2000000)&&(B2000000>65535)||!(__FreeBSD__)&&!(B115200)&&(B230400)&&!(B230400>65535)&&(B460800)&&!(B460800>65535)&&(B921600)&&!(B921600>65535)&&!(B1152000)&&(B1000000)&&!(B1000000>65535)&&!(B2000000)&&!(B3000000)&&(B4000000)&&(B4000000>65535)||!(__FreeBSD__)&&!(B115200)&&(B230400)&&!(B230400>65535)&&(B460800)&&!(B460800>65535)&&(B921600)&&!(B921600>65535)&&!(B1152000)&&(B1000000)&&!(B1000000>65535)&&!(B2000000)&&(B3000000)&&!(B3000000>65535)&&(B4000000)&&(B4000000>65535)||!(__FreeBSD__)&&!(B115200)&&(B230400)&&!(B230400>65535)&&(B460800)&&!(B460800>65535)&&(B921600)&&!(B921600>65535)&&!(B1152000)&&(B1000000)&&!(B1000000>65535)&&!(B2000000)&&(B3000000)&&(B3000000>65535)||!(__FreeBSD__)&&!(B115200)&&(B230400)&&!(B230400>65535)&&(B460800)&&!(B460800>65535)&&(B921600)&&!(B921600>65535)&&!(B1152000)&&(B1000000)&&!(B1000000>65535)&&(B2000000)&&!(B2000000>65535)&&!(B3000000)&&(B4000000)&&(B4000000>65535)||!(__FreeBSD__)&&!(B115200)&&(B230400)&&!(B230400>65535)&&(B460800)&&!(B460800>65535)&&(B921600)&&!(B921600>65535)&&!(B1152000)&&(B1000000)&&!(B1000000>65535)&&(B2000000)&&!(B2000000>65535)&&(B3000000)&&!(B3000000>65535)&&(B4000000)&&(B4000000>65535)||!(__FreeBSD__)&&!(B115200)&&(B230400)&&!(B230400>65535)&&(B460800)&&!(B460800>65535)&&(B921600)&&!(B921600>65535)&&!(B1152000)&&(B1000000)&&!(B1000000>65535)&&(B2000000)&&!(B2000000>65535)&&(B3000000)&&(B3000000>65535)||!(__FreeBSD__)&&!(B115200)&&(B230400)&&!(B230400>65535)&&(B460800)&&!(B460800>65535)&&(B921600)&&!(B921600>65535)&&!(B1152000)&&(B1000000)&&!(B1000000>65535)&&(B2000000)&&(B2000000>65535)||!(__FreeBSD__)&&!(B115200)&&(B230400)&&!(B230400>65535)&&(B460800)&&!(B460800>65535)&&(B921600)&&!(B921600>65535)&&!(B1152000)&&(B1000000)&&(B1000000>65535)||!(__FreeBSD__)&&!(B115200)&&(B230400)&&!(B230400>65535)&&(B460800)&&!(B460800>65535)&&(B921600)&&!(B921600>65535)&&(B1152000)&&!(B1152000>65535)&&!(B1000000)&&!(B2000000)&&!(B3000000)&&(B4000000)&&(B4000000>65535)||!(__FreeBSD__)&&!(B115200)&&(B230400)&&!(B230400>65535)&&(B460800)&&!(B460800>65535)&&(B921600)&&!(B921600>65535)&&(B1152000)&&!(B1152000>65535)&&!(B1000000)&&!(B2000000)&&(B3000000)&&!(B3000000>65535)&&(B4000000)&&(B4000000>65535)||!(__FreeBSD__)&&!(B115200)&&(B230400)&&!(B230400>65535)&&(B460800)&&!(B460800>65535)&&(B921600)&&!(B921600>65535)&&(B1152000)&&!(B1152000>65535)&&!(B1000000)&&!(B2000000)&&(B3000000)&&(B3000000>65535)||!(__FreeBSD__)&&!(B115200)&&(B230400)&&!(B230400>65535)&&(B460800)&&!(B460800>65535)&&(B921600)&&!(B921600>65535)&&(B1152000)&&!(B1152000>65535)&&!(B1000000)&&(B2000000)&&!(B2000000>65535)&&!(B3000000)&&(B4000000)&&(B4000000>65535)||!(__FreeBSD__)&&!(B115200)&&(B230400)&&!(B230400>65535)&&(B460800)&&!(B460800>65535)&&(B921600)&&!(B921600>65535)&&(B1152000)&&!(B1152000>65535)&&!(B1000000)&&(B2000000)&&!(B2000000>65535)&&(B3000000)&&!(B3000000>65535)&&(B4000000)&&(B4000000>65535)||!(__FreeBSD__)&&!(B115200)&&(B230400)&&!(B230400>65535)&&(B460800)&&!(B460800>65535)&&(B921600)&&!(B921600>65535)&&(B1152000)&&!(B1152000>65535)&&!(B1000000)&&(B2000000)&&!(B2000000>65535)&&(B3000000)&&(B3000000>65535)||!(__FreeBSD__)&&!(B115200)&&(B230400)&&!(B230400>65535)&&(B460800)&&!(B460800>65535)&&(B921600)&&!(B921600>65535)&&(B1152000)&&!(B1152000>65535)&&!(B1000000)&&(B2000000)&&(B2000000>65535)||!(__FreeBSD__)&&!(B115200)&&(B230400)&&!(B230400>65535)&&(B460800)&&!(B460800>65535)&&(B921600)&&!(B921600>65535)&&(B1152000)&&!(B1152000>65535)&&(B1000000)&&!(B1000000>65535)&&!(B2000000)&&!(B3000000)&&(B4000000)&&(B4000000>65535)||!(__FreeBSD__)&&!(B115200)&&(B230400)&&!(B230400>65535)&&(B460800)&&!(B460800>65535)&&(B921600)&&!(B921600>65535)&&(B1152000)&&!(B1152000>65535)&&(B1000000)&&!(B1000000>65535)&&!(B2000000)&&(B3000000)&&!(B3000000>65535)&&(B4000000)&&(B4000000>65535)||!(__FreeBSD__)&&!(B115200)&&(B230400)&&!(B230400>65535)&&(B460800)&&!(B460800>65535)&&(B921600)&&!(B921600>65535)&&(B1152000)&&!(B1152000>65535)&&(B1000000)&&!(B1000000>65535)&&!(B2000000)&&(B3000000)&&(B3000000>65535)||!(__FreeBSD__)&&!(B115200)&&(B230400)&&!(B230400>65535)&&(B460800)&&!(B460800>65535)&&(B921600)&&!(B921600>65535)&&(B1152000)&&!(B1152000>65535)&&(B1000000)&&!(B1000000>65535)&&(B2000000)&&!(B2000000>65535)&&!(B3000000)&&(B4000000)&&(B4000000>65535)||!(__FreeBSD__)&&!(B115200)&&(B230400)&&!(B230400>65535)&&(B460800)&&!(B460800>65535)&&(B921600)&&!(B921600>65535)&&(B1152000)&&!(B1152000>65535)&&(B1000000)&&!(B1000000>65535)&&(B2000000)&&!(B2000000>65535)&&(B3000000)&&!(B3000000>65535)&&(B4000000)&&(B4000000>65535)||!(__FreeBSD__)&&!(B115200)&&(B230400)&&!(B230400>65535)&&(B460800)&&!(B460800>65535)&&(B921600)&&!(B921600>65535)&&(B1152000)&&!(B1152000>65535)&&(B1000000)&&!(B1000000>65535)&&(B2000000)&&!(B2000000>65535)&&(B3000000)&&(B3000000>65535)||!(__FreeBSD__)&&!(B115200)&&(B230400)&&!(B230400>65535)&&(B460800)&&!(B460800>65535)&&(B921600)&&!(B921600>65535)&&(B1152000)&&!(B1152000>65535)&&(B1000000)&&!(B1000000>65535)&&(B2000000)&&(B2000000>65535)||!(__FreeBSD__)&&!(B115200)&&(B230400)&&!(B230400>65535)&&(B460800)&&!(B460800>65535)&&(B921600)&&!(B921600>65535)&&(B1152000)&&!(B1152000>65535)&&(B1000000)&&(B1000000>65535)||!(__FreeBSD__)&&!(B115200)&&(B230400)&&!(B230400>65535)&&(B460800)&&!(B460800>65535)&&(B921600)&&!(B921600>65535)&&(B1152000)&&(B1152000>65535)||!(__FreeBSD__)&&!(B115200)&&(B230400)&&!(B230400>65535)&&(B460800)&&!(B460800>65535)&&(B921600)&&(B921600>65535)||!(__FreeBSD__)&&!(B115200)&&(B230400)&&!(B230400>65535)&&(B460800)&&(B460800>65535)||!(__FreeBSD__)&&!(B115200)&&(B230400)&&(B230400>65535)||!(__FreeBSD__)&&(B115200)&&!(B115200>65535)&&!(B230400)&&!(B460800)&&!(B921600)&&!(B1152000)&&!(B1000000)&&!(B2000000)&&!(B3000000)&&(B4000000)&&(B4000000>65535)||!(__FreeBSD__)&&(B115200)&&!(B115200>65535)&&!(B230400)&&!(B460800)&&!(B921600)&&!(B1152000)&&!(B1000000)&&!(B2000000)&&(B3000000)&&!(B3000000>65535)&&(B4000000)&&(B4000000>65535)||!(__FreeBSD__)&&(B115200)&&!(B115200>65535)&&!(B230400)&&!(B460800)&&!(B921600)&&!(B1152000)&&!(B1000000)&&!(B2000000)&&(B3000000)&&(B3000000>65535)||!(__FreeBSD__)&&(B115200)&&!(B115200>65535)&&!(B230400)&&!(B460800)&&!(B921600)&&!(B1152000)&&!(B1000000)&&(B2000000)&&!(B2000000>65535)&&!(B3000000)&&(B4000000)&&(B4000000>65535)||!(__FreeBSD__)&&(B115200)&&!(B115200>65535)&&!(B230400)&&!(B460800)&&!(B921600)&&!(B1152000)&&!(B1000000)&&(B2000000)&&!(B2000000>65535)&&(B3000000)&&!(B3000000>65535)&&(B4000000)&&(B4000000>65535)||!(__FreeBSD__)&&(B115200)&&!(B115200>65535)&&!(B230400)&&!(B460800)&&!(B921600)&&!(B1152000)&&!(B1000000)&&(B2000000)&&!(B2000000>65535)&&(B3000000)&&(B3000000>65535)||!(__FreeBSD__)&&(B115200)&&!(B115200>65535)&&!(B230400)&&!(B460800)&&!(B921600)&&!(B1152000)&&!(B1000000)&&(B2000000)&&(B2000000>65535)||!(__FreeBSD__)&&(B115200)&&!(B115200>65535)&&!(B230400)&&!(B460800)&&!(B921600)&&!(B1152000)&&(B1000000)&&!(B1000000>65535)&&!(B2000000)&&!(B3000000)&&(B4000000)&&(B4000000>65535)||!(__FreeBSD__)&&(B115200)&&!(B115200>65535)&&!(B230400)&&!(B460800)&&!(B921600)&&!(B1152000)&&(B1000000)&&!(B1000000>65535)&&!(B2000000)&&(B3000000)&&!(B3000000>65535)&&(B4000000)&&(B4000000>65535)||!(__FreeBSD__)&&(B115200)&&!(B115200>65535)&&!(B230400)&&!(B460800)&&!(B921600)&&!(B1152000)&&(B1000000)&&!(B1000000>65535)&&!(B2000000)&&(B3000000)&&(B3000000>65535)||!(__FreeBSD__)&&(B115200)&&!(B115200>65535)&&!(B230400)&&!(B460800)&&!(B921600)&&!(B1152000)&&(B1000000)&&!(B1000000>65535)&&(B2000000)&&!(B2000000>65535)&&!(B3000000)&&(B4000000)&&(B4000000>65535)||!(__FreeBSD__)&&(B115200)&&!(B115200>65535)&&!(B230400)&&!(B460800)&&!(B921600)&&!(B1152000)&&(B1000000)&&!(B1000000>65535)&&(B2000000)&&!(B2000000>65535)&&(B3000000)&&!(B3000000>65535)&&(B4000000)&&(B4000000>65535)||!(__FreeBSD__)&&(B115200)&&!(B115200>65535)&&!(B230400)&&!(B460800)&&!(B921600)&&!(B1152000)&&(B1000000)&&!(B1000000>65535)&&(B2000000)&&!(B2000000>65535)&&(B3000000)&&(B3000000>65535)||!(__FreeBSD__)&&(B115200)&&!(B115200>65535)&&!(B230400)&&!(B460800)&&!(B921600)&&!(B1152000)&&(B1000000)&&!(B1000000>65535)&&(B2000000)&&(B2000000>65535)||!(__FreeBSD__)&&(B115200)&&!(B115200>65535)&&!(B230400)&&!(B460800)&&!(B921600)&&!(B1152000)&&(B1000000)&&(B1000000>65535)||!(__FreeBSD__)&&(B115200)&&!(B115200>65535)&&!(B230400)&&!(B460800)&&!(B921600)&&(B1152000)&&!(B1152000>65535)&&!(B1000000)&&!(B2000000)&&!(B3000000)&&(B4000000)&&(B4000000>65535)||!(__FreeBSD__)&&(B115200)&&!(B115200>65535)&&!(B230400)&&!(B460800)&&!(B921600)&&(B1152000)&&!(B1152000>65535)&&!(B1000000)&&!(B2000000)&&(B3000000)&&!(B3000000>65535)&&(B4000000)&&(B4000000>65535)||!(__FreeBSD__)&&(B115200)&&!(B115200>65535)&&!(B230400)&&!(B460800)&&!(B921600)&&(B1152000)&&!(B1152000>65535)&&!(B1000000)&&!(B2000000)&&(B3000000)&&(B3000000>65535)||!(__FreeBSD__)&&(B115200)&&!(B115200>65535)&&!(B230400)&&!(B460800)&&!(B921600)&&(B1152000)&&!(B1152000>65535)&&!(B1000000)&&(B2000000)&&!(B2000000>65535)&&!(B3000000)&&(B4000000)&&(B4000000>65535)||!(__FreeBSD__)&&(B115200)&&!(B115200>65535)&&!(B230400)&&!(B460800)&&!(B921600)&&(B1152000)&&!(B1152000>65535)&&!(B1000000)&&(B2000000)&&!(B2000000>65535)&&(B3000000)&&!(B3000000>65535)&&(B4000000)&&(B4000000>65535)||!(__FreeBSD__)&&(B115200)&&!(B115200>65535)&&!(B230400)&&!(B460800)&&!(B921600)&&(B1152000)&&!(B1152000>65535)&&!(B1000000)&&(B2000000)&&!(B2000000>65535)&&(B3000000)&&(B3000000>65535)||!(__FreeBSD__)&&(B115200)&&!(B115200>65535)&&!(B230400)&&!(B460800)&&!(B921600)&&(B1152000)&&!(B1152000>65535)&&!(B1000000)&&(B2000000)&&(B2000000>65535)||!(__FreeBSD__)&&(B115200)&&!(B115200>65535)&&!(B230400)&&!(B460800)&&!(B921600)&&(B1152000)&&!(B1152000>65535)&&(B1000000)&&!(B1000000>65535)&&!(B2000000)&&!(B3000000)&&(B4000000)&&(B4000000>65535)||!(__FreeBSD__)&&(B115200)&&!(B115200>65535)&&!(B230400)&&!(B460800)&&!(B921600)&&(B1152000)&&!(B1152000>65535)&&(B1000000)&&!(B1000000>65535)&&!(B2000000)&&(B3000000)&&!(B3000000>65535)&&(B4000000)&&(B4000000>65535)||!(__FreeBSD__)&&(B115200)&&!(B115200>65535)&&!(B230400)&&!(B460800)&&!(B921600)&&(B1152000)&&!(B1152000>65535)&&(B1000000)&&!(B1000000>65535)&&!(B2000000)&&(B3000000)&&(B3000000>65535)||!(__FreeBSD__)&&(B115200)&&!(B115200>65535)&&!(B230400)&&!(B460800)&&!(B921600)&&(B1152000)&&!(B1152000>65535)&&(B1000000)&&!(B1000000>65535)&&(B2000000)&&!(B2000000>65535)&&!(B3000000)&&(B4000000)&&(B4000000>65535)||!(__FreeBSD__)&&(B115200)&&!(B115200>65535)&&!(B230400)&&!(B460800)&&!(B921600)&&(B1152000)&&!(B1152000>65535)&&(B1000000)&&!(B1000000>65535)&&(B2000000)&&!(B2000000>65535)&&(B3000000)&&!(B3000000>65535)&&(B4000000)&&(B4000000>65535)||!(__FreeBSD__)&&(B115200)&&!(B115200>65535)&&!(B230400)&&!(B460800)&&!(B921600)&&(B1152000)&&!(B1152000>65535)&&(B1000000)&&!(B1000000>65535)&&(B2000000)&&!(B2000000>65535)&&(B3000000)&&(B3000000>65535)||!(__FreeBSD__)&&(B115200)&&!(B115200>65535)&&!(B230400)&&!(B460800)&&!(B921600)&&(B1152000)&&!(B1152000>65535)&&(B1000000)&&!(B1000000>65535)&&(B2000000)&&(B2000000>65535)||!(__FreeBSD__)&&(B115200)&&!(B115200>65535)&&!(B230400)&&!(B460800)&&!(B921600)&&(B1152000)&&!(B1152000>65535)&&(B1000000)&&(B1000000>65535)||!(__FreeBSD__)&&(B115200)&&!(B115200>65535)&&!(B230400)&&!(B460800)&&!(B921600)&&(B1152000)&&(B1152000>65535)||!(__FreeBSD__)&&(B115200)&&!(B115200>65535)&&!(B230400)&&!(B460800)&&(B921600)&&!(B921600>65535)&&!(B1152000)&&!(B1000000)&&!(B2000000)&&!(B3000000)&&(B4000000)&&(B4000000>65535)||!(__FreeBSD__)&&(B115200)&&!(B115200>65535)&&!(B230400)&&!(B460800)&&(B921600)&&!(B921600>65535)&&!(B1152000)&&!(B1000000)&&!(B2000000)&&(B3000000)&&!(B3000000>65535)&&(B4000000)&&(B4000000>65535)||!(__FreeBSD__)&&(B115200)&&!(B115200>65535)&&!(B230400)&&!(B460800)&&(B921600)&&!(B921600>65535)&&!(B1152000)&&!(B1000000)&&!(B2000000)&&(B3000000)&&(B3000000>65535)||!(__FreeBSD__)&&(B115200)&&!(B115200>65535)&&!(B230400)&&!(B460800)&&(B921600)&&!(B921600>65535)&&!(B1152000)&&!(B1000000)&&(B2000000)&&!(B2000000>65535)&&!(B3000000)&&(B4000000)&&(B4000000>65535)||!(__FreeBSD__)&&(B115200)&&!(B115200>65535)&&!(B230400)&&!(B460800)&&(B921600)&&!(B921600>65535)&&!(B1152000)&&!(B1000000)&&(B2000000)&&!(B2000000>65535)&&(B3000000)&&!(B3000000>65535)&&(B4000000)&&(B4000000>65535)||!(__FreeBSD__)&&(B115200)&&!(B115200>65535)&&!(B230400)&&!(B460800)&&(B921600)&&!(B921600>65535)&&!(B1152000)&&!(B1000000)&&(B2000000)&&!(B2000000>65535)&&(B3000000)&&(B3000000>65535)||!(__FreeBSD__)&&(B115200)&&!(B115200>65535)&&!(B230400)&&!(B460800)&&(B921600)&&!(B921600>65535)&&!(B1152000)&&!(B1000000)&&(B2000000)&&(B2000000>65535)||!(__FreeBSD__)&&(B115200)&&!(B115200>65535)&&!(B230400)&&!(B460800)&&(B921600)&&!(B921600>65535)&&!(B1152000)&&(B1000000)&&!(B1000000>65535)&&!(B2000000)&&!(B3000000)&&(B4000000)&&(B4000000>65535)||!(__FreeBSD__)&&(B115200)&&!(B115200>65535)&&!(B230400)&&!(B460800)&&(B921600)&&!(B921600>65535)&&!(B1152000)&&(B1000000)&&!(B1000000>65535)&&!(B2000000)&&(B3000000)&&!(B3000000>65535)&&(B4000000)&&(B4000000>65535)||!(__FreeBSD__)&&(B115200)&&!(B115200>65535)&&!(B230400)&&!(B460800)&&(B921600)&&!(B921600>65535)&&!(B1152000)&&(B1000000)&&!(B1000000>65535)&&!(B2000000)&&(B3000000)&&(B3000000>65535)||!(__FreeBSD__)&&(B115200)&&!(B115200>65535)&&!(B230400)&&!(B460800)&&(B921600)&&!(B921600>65535)&&!(B1152000)&&(B1000000)&&!(B1000000>65535)&&(B2000000)&&!(B2000000>65535)&&!(B3000000)&&(B4000000)&&(B4000000>65535)||!(__FreeBSD__)&&(B115200)&&!(B115200>65535)&&!(B230400)&&!(B460800)&&(B921600)&&!(B921600>65535)&&!(B1152000)&&(B1000000)&&!(B1000000>65535)&&(B2000000)&&!(B2000000>65535)&&(B3000000)&&!(B3000000>65535)&&(B4000000)&&(B4000000>65535)||!(__FreeBSD__)&&(B115200)&&!(B115200>65535)&&!(B230400)&&!(B460800)&&(B921600)&&!(B921600>65535)&&!(B1152000)&&(B1000000)&&!(B1000000>65535)&&(B2000000)&&!(B2000000>65535)&&(B3000000)&&(B3000000>65535)||!(__FreeBSD__)&&(B115200)&&!(B115200>65535)&&!(B230400)&&!(B460800)&&(B921600)&&!(B921600>65535)&&!(B1152000)&&(B1000000)&&!(B1000000>65535)&&(B2000000)&&(B2000000>65535)||!(__FreeBSD__)&&(B115200)&&!(B115200>65535)&&!(B230400)&&!(B460800)&&(B921600)&&!(B921600>65535)&&!(B1152000)&&(B1000000)&&(B1000000>65535)||!(__FreeBSD__)&&(B115200)&&!(B115200>65535)&&!(B230400)&&!(B460800)&&(B921600)&&!(B921600>65535)&&(B1152000)&&!(B1152000>65535)&&!(B1000000)&&!(B2000000)&&!(B3000000)&&(B4000000)&&(B4000000>65535)||!(__FreeBSD__)&&(B115200)&&!(B115200>65535)&&!(B230400)&&!(B460800)&&(B921600)&&!(B921600>65535)&&(B1152000)&&!(B1152000>65535)&&!(B1000000)&&!(B2000000)&&(B3000000)&&!(B3000000>65535)&&(B4000000)&&(B4000000>65535)||!(__FreeBSD__)&&(B115200)&&!(B115200>65535)&&!(B230400)&&!(B460800)&&(B921600)&&!(B921600>65535)&&(B1152000)&&!(B1152000>65535)&&!(B1000000)&&!(B2000000)&&(B3000000)&&(B3000000>65535)||!(__FreeBSD__)&&(B115200)&&!(B115200>65535)&&!(B230400)&&!(B460800)&&(B921600)&&!(B921600>65535)&&(B1152000)&&!(B1152000>65535)&&!(B1000000)&&(B2000000)&&!(B2000000>65535)&&!(B3000000)&&(B4000000)&&(B4000000>65535)||!(__FreeBSD__)&&(B115200)&&!(B115200>65535)&&!(B230400)&&!(B460800)&&(B921600)&&!(B921600>65535)&&(B1152000)&&!(B1152000>65535)&&!(B1000000)&&(B2000000)&&!(B2000000>65535)&&(B3000000)&&!(B3000000>65535)&&(B4000000)&&(B4000000>65535)||!(__FreeBSD__)&&(B115200)&&!(B115200>65535)&&!(B230400)&&!(B460800)&&(B921600)&&!(B921600>65535)&&(B1152000)&&!(B1152000>65535)&&!(B1000000)&&(B2000000)&&!(B2000000>65535)&&(B3000000)&&(B3000000>65535)||!(__FreeBSD__)&&(B115200)&&!(B115200>65535)&&!(B230400)&&!(B460800)&&(B921600)&&!(B921600>65535)&&(B1152000)&&!(B1152000>65535)&&!(B1000000)&&(B2000000)&&(B2000000>65535)||!(__FreeBSD__)&&(B115200)&&!(B115200>65535)&&!(B230400)&&!(B460800)&&(B921600)&&!(B921600>65535)&&(B1152000)&&!(B1152000>65535)&&(B1000000)&&!(B1000000>65535)&&!(B2000000)&&!(B3000000)&&(B4000000)&&(B4000000>65535)||!(__FreeBSD__)&&(B115200)&&!(B115200>65535)&&!(B230400)&&!(B460800)&&(B921600)&&!(B921600>65535)&&(B1152000)&&!(B1152000>65535)&&(B1000000)&&!(B1000000>65535)&&!(B2000000)&&(B3000000)&&!(B3000000>65535)&&(B4000000)&&(B4000000>65535)||!(__FreeBSD__)&&(B115200)&&!(B115200>65535)&&!(B230400)&&!(B460800)&&(B921600)&&!(B921600>65535)&&(B1152000)&&!(B1152000>65535)&&(B1000000)&&!(B1000000>65535)&&!(B2000000)&&(B3000000)&&(B3000000>65535)||!(__FreeBSD__)&&(B115200)&&!(B115200>65535)&&!(B230400)&&!(B460800)&&(B921600)&&!(B921600>65535)&&(B1152000)&&!(B1152000>65535)&&(B1000000)&&!(B1000000>65535)&&(B2000000)&&!(B2000000>65535)&&!(B3000000)&&(B4000000)&&(B4000000>65535)||!(__FreeBSD__)&&(B115200)&&!(B115200>65535)&&!(B230400)&&!(B460800)&&(B921600)&&!(B921600>65535)&&(B1152000)&&!(B1152000>65535)&&(B1000000)&&!(B1000000>65535)&&(B2000000)&&!(B2000000>65535)&&(B3000000)&&!(B3000000>65535)&&(B4000000)&&(B4000000>65535)||!(__FreeBSD__)&&(B115200)&&!(B115200>65535)&&!(B230400)&&!(B460800)&&(B921600)&&!(B921600>65535)&&(B1152000)&&!(B1152000>65535)&&(B1000000)&&!(B1000000>65535)&&(B2000000)&&!(B2000000>65535)&&(B3000000)&&(B3000000>65535)||!(__FreeBSD__)&&(B115200)&&!(B115200>65535)&&!(B230400)&&!(B460800)&&(B921600)&&!(B921600>65535)&&(B1152000)&&!(B1152000>65535)&&(B1000000)&&!(B1000000>65535)&&(B2000000)&&(B2000000>65535)||!(__FreeBSD__)&&(B115200)&&!(B115200>65535)&&!(B230400)&&!(B460800)&&(B921600)&&!(B921600>65535)&&(B1152000)&&!(B1152000>65535)&&(B1000000)&&(B1000000>65535)||!(__FreeBSD__)&&(B115200)&&!(B115200>65535)&&!(B230400)&&!(B460800)&&(B921600)&&!(B921600>65535)&&(B1152000)&&(B1152000>65535)||!(__FreeBSD__)&&(B115200)&&!(B115200>65535)&&!(B230400)&&!(B460800)&&(B921600)&&(B921600>65535)||!(__FreeBSD__)&&(B115200)&&!(B115200>65535)&&!(B230400)&&(B460800)&&!(B460800>65535)&&!(B921600)&&!(B1152000)&&!(B1000000)&&!(B2000000)&&!(B3000000)&&(B4000000)&&(B4000000>65535)||!(__FreeBSD__)&&(B115200)&&!(B115200>65535)&&!(B230400)&&(B460800)&&!(B460800>65535)&&!(B921600)&&!(B1152000)&&!(B1000000)&&!(B2000000)&&(B3000000)&&!(B3000000>65535)&&(B4000000)&&(B4000000>65535)||!(__FreeBSD__)&&(B115200)&&!(B115200>65535)&&!(B230400)&&(B460800)&&!(B460800>65535)&&!(B921600)&&!(B1152000)&&!(B1000000)&&!(B2000000)&&(B3000000)&&(B3000000>65535)||!(__FreeBSD__)&&(B115200)&&!(B115200>65535)&&!(B230400)&&(B460800)&&!(B460800>65535)&&!(B921600)&&!(B1152000)&&!(B1000000)&&(B2000000)&&!(B2000000>65535)&&!(B3000000)&&(B4000000)&&(B4000000>65535)||!(__FreeBSD__)&&(B115200)&&!(B115200>65535)&&!(B230400)&&(B460800)&&!(B460800>65535)&&!(B921600)&&!(B1152000)&&!(B1000000)&&(B2000000)&&!(B2000000>65535)&&(B3000000)&&!(B3000000>65535)&&(B4000000)&&(B4000000>65535)||!(__FreeBSD__)&&(B115200)&&!(B115200>65535)&&!(B230400)&&(B460800)&&!(B460800>65535)&&!(B921600)&&!(B1152000)&&!(B1000000)&&(B2000000)&&!(B2000000>65535)&&(B3000000)&&(B3000000>65535)||!(__FreeBSD__)&&(B115200)&&!(B115200>65535)&&!(B230400)&&(B460800)&&!(B460800>65535)&&!(B921600)&&!(B1152000)&&!(B1000000)&&(B2000000)&&(B2000000>65535)||!(__FreeBSD__)&&(B115200)&&!(B115200>65535)&&!(B230400)&&(B460800)&&!(B460800>65535)&&!(B921600)&&!(B1152000)&&(B1000000)&&!(B1000000>65535)&&!(B2000000)&&!(B3000000)&&(B4000000)&&(B4000000>65535)||!(__FreeBSD__)&&(B115200)&&!(B115200>65535)&&!(B230400)&&(B460800)&&!(B460800>65535)&&!(B921600)&&!(B1152000)&&(B1000000)&&!(B1000000>65535)&&!(B2000000)&&(B3000000)&&!(B3000000>65535)&&(B4000000)&&(B4000000>65535)||!(__FreeBSD__)&&(B115200)&&!(B115200>65535)&&!(B230400)&&(B460800)&&!(B460800>65535)&&!(B921600)&&!(B1152000)&&(B1000000)&&!(B1000000>65535)&&!(B2000000)&&(B3000000)&&(B3000000>65535)||!(__FreeBSD__)&&(B115200)&&!(B115200>65535)&&!(B230400)&&(B460800)&&!(B460800>65535)&&!(B921600)&&!(B1152000)&&(B1000000)&&!(B1000000>65535)&&(B2000000)&&!(B2000000>65535)&&!(B3000000)&&(B4000000)&&(B4000000>65535)||!(__FreeBSD__)&&(B115200)&&!(B115200>65535)&&!(B230400)&&(B460800)&&!(B460800>65535)&&!(B921600)&&!(B1152000)&&(B1000000)&&!(B1000000>65535)&&(B2000000)&&!(B2000000>65535)&&(B3000000)&&!(B3000000>65535)&&(B4000000)&&(B4000000>65535)||!(__FreeBSD__)&&(B115200)&&!(B115200>65535)&&!(B230400)&&(B460800)&&!(B460800>65535)&&!(B921600)&&!(B1152000)&&(B1000000)&&!(B1000000>65535)&&(B2000000)&&!(B2000000>65535)&&(B3000000)&&(B3000000>65535)||!(__FreeBSD__)&&(B115200)&&!(B115200>65535)&&!(B230400)&&(B460800)&&!(B460800>65535)&&!(B921600)&&!(B1152000)&&(B1000000)&&!(B1000000>65535)&&(B2000000)&&(B2000000>65535)||!(__FreeBSD__)&&(B115200)&&!(B115200>65535)&&!(B230400)&&(B460800)&&!(B460800>65535)&&!(B921600)&&!(B1152000)&&(B1000000)&&(B1000000>65535)||!(__FreeBSD__)&&(B115200)&&!(B115200>65535)&&!(B230400)&&(B460800)&&!(B460800>65535)&&!(B921600)&&(B1152000)&&!(B1152000>65535)&&!(B1000000)&&!(B2000000)&&!(B3000000)&&(B4000000)&&(B4000000>65535)||!(__FreeBSD__)&&(B115200)&&!(B115200>65535)&&!(B230400)&&(B460800)&&!(B460800>65535)&&!(B921600)&&(B1152000)&&!(B1152000>65535)&&!(B1000000)&&!(B2000000)&&(B3000000)&&!(B3000000>65535)&&(B4000000)&&(B4000000>65535)||!(__FreeBSD__)&&(B115200)&&!(B115200>65535)&&!(B230400)&&(B460800)&&!(B460800>65535)&&!(B921600)&&(B1152000)&&!(B1152000>65535)&&!(B1000000)&&!(B2000000)&&(B3000000)&&(B3000000>65535)||!(__FreeBSD__)&&(B115200)&&!(B115200>65535)&&!(B230400)&&(B460800)&&!(B460800>65535)&&!(B921600)&&(B1152000)&&!(B1152000>65535)&&!(B1000000)&&(B2000000)&&!(B2000000>65535)&&!(B3000000)&&(B4000000)&&(B4000000>65535)||!(__FreeBSD__)&&(B115200)&&!(B115200>65535)&&!(B230400)&&(B460800)&&!(B460800>65535)&&!(B921600)&&(B1152000)&&!(B1152000>65535)&&!(B1000000)&&(B2000000)&&!(B2000000>65535)&&(B3000000)&&!(B3000000>65535)&&(B4000000)&&(B4000000>65535)||!(__FreeBSD__)&&(B115200)&&!(B115200>65535)&&!(B230400)&&(B460800)&&!(B460800>65535)&&!(B921600)&&(B1152000)&&!(B1152000>65535)&&!(B1000000)&&(B2000000)&&!(B2000000>65535)&&(B3000000)&&(B3000000>65535)||!(__FreeBSD__)&&(B115200)&&!(B115200>65535)&&!(B230400)&&(B460800)&&!(B460800>65535)&&!(B921600)&&(B1152000)&&!(B1152000>65535)&&!(B1000000)&&(B2000000)&&(B2000000>65535)||!(__FreeBSD__)&&(B115200)&&!(B115200>65535)&&!(B230400)&&(B460800)&&!(B460800>65535)&&!(B921600)&&(B1152000)&&!(B1152000>65535)&&(B1000000)&&!(B1000000>65535)&&!(B2000000)&&!(B3000000)&&(B4000000)&&(B4000000>65535)||!(__FreeBSD__)&&(B115200)&&!(B115200>65535)&&!(B230400)&&(B460800)&&!(B460800>65535)&&!(B921600)&&(B1152000)&&!(B1152000>65535)&&(B1000000)&&!(B1000000>65535)&&!(B2000000)&&(B3000000)&&!(B3000000>65535)&&(B4000000)&&(B4000000>65535)||!(__FreeBSD__)&&(B115200)&&!(B115200>65535)&&!(B230400)&&(B460800)&&!(B460800>65535)&&!(B921600)&&(B1152000)&&!(B1152000>65535)&&(B1000000)&&!(B1000000>65535)&&!(B2000000)&&(B3000000)&&(B3000000>65535)||!(__FreeBSD__)&&(B115200)&&!(B115200>65535)&&!(B230400)&&(B460800)&&!(B460800>65535)&&!(B921600)&&(B1152000)&&!(B1152000>65535)&&(B1000000)&&!(B1000000>65535)&&(B2000000)&&!(B2000000>65535)&&!(B3000000)&&(B4000000)&&(B4000000>65535)||!(__FreeBSD__)&&(B115200)&&!(B115200>65535)&&!(B230400)&&(B460800)&&!(B460800>65535)&&!(B921600)&&(B1152000)&&!(B1152000>65535)&&(B1000000)&&!(B1000000>65535)&&(B2000000)&&!(B2000000>65535)&&(B3000000)&&!(B3000000>65535)&&(B4000000)&&(B4000000>65535)||!(__FreeBSD__)&&(B115200)&&!(B115200>65535)&&!(B230400)&&(B460800)&&!(B460800>65535)&&!(B921600)&&(B1152000)&&!(B1152000>65535)&&(B1000000)&&!(B1000000>65535)&&(B2000000)&&!(B2000000>65535)&&(B3000000)&&(B3000000>65535)||!(__FreeBSD__)&&(B115200)&&!(B115200>65535)&&!(B230400)&&(B460800)&&!(B460800>65535)&&!(B921600)&&(B1152000)&&!(B1152000>65535)&&(B1000000)&&!(B1000000>65535)&&(B2000000)&&(B2000000>65535)||!(__FreeBSD__)&&(B115200)&&!(B115200>65535)&&!(B230400)&&(B460800)&&!(B460800>65535)&&!(B921600)&&(B1152000)&&!(B1152000>65535)&&(B1000000)&&(B1000000>65535)||!(__FreeBSD__)&&(B115200)&&!(B115200>65535)&&!(B230400)&&(B460800)&&!(B460800>65535)&&!(B921600)&&(B1152000)&&(B1152000>65535)||!(__FreeBSD__)&&(B115200)&&!(B115200>65535)&&!(B230400)&&(B460800)&&!(B460800>65535)&&(B921600)&&!(B921600>65535)&&!(B1152000)&&!(B1000000)&&!(B2000000)&&!(B3000000)&&(B4000000)&&(B4000000>65535)||!(__FreeBSD__)&&(B115200)&&!(B115200>65535)&&!(B230400)&&(B460800)&&!(B460800>65535)&&(B921600)&&!(B921600>65535)&&!(B1152000)&&!(B1000000)&&!(B2000000)&&(B3000000)&&!(B3000000>65535)&&(B4000000)&&(B4000000>65535)||!(__FreeBSD__)&&(B115200)&&!(B115200>65535)&&!(B230400)&&(B460800)&&!(B460800>65535)&&(B921600)&&!(B921600>65535)&&!(B1152000)&&!(B1000000)&&!(B2000000)&&(B3000000)&&(B3000000>65535)||!(__FreeBSD__)&&(B115200)&&!(B115200>65535)&&!(B230400)&&(B460800)&&!(B460800>65535)&&(B921600)&&!(B921600>65535)&&!(B1152000)&&!(B1000000)&&(B2000000)&&!(B2000000>65535)&&!(B3000000)&&(B4000000)&&(B4000000>65535)||!(__FreeBSD__)&&(B115200)&&!(B115200>65535)&&!(B230400)&&(B460800)&&!(B460800>65535)&&(B921600)&&!(B921600>65535)&&!(B1152000)&&!(B1000000)&&(B2000000)&&!(B2000000>65535)&&(B3000000)&&!(B3000000>65535)&&(B4000000)&&(B4000000>65535)||!(__FreeBSD__)&&(B115200)&&!(B115200>65535)&&!(B230400)&&(B460800)&&!(B460800>65535)&&(B921600)&&!(B921600>65535)&&!(B1152000)&&!(B1000000)&&(B2000000)&&!(B2000000>65535)&&(B3000000)&&(B3000000>65535)||!(__FreeBSD__)&&(B115200)&&!(B115200>65535)&&!(B230400)&&(B460800)&&!(B460800>65535)&&(B921600)&&!(B921600>65535)&&!(B1152000)&&!(B1000000)&&(B2000000)&&(B2000000>65535)||!(__FreeBSD__)&&(B115200)&&!(B115200>65535)&&!(B230400)&&(B460800)&&!(B460800>65535)&&(B921600)&&!(B921600>65535)&&!(B1152000)&&(B1000000)&&!(B1000000>65535)&&!(B2000000)&&!(B3000000)&&(B4000000)&&(B4000000>65535)||!(__FreeBSD__)&&(B115200)&&!(B115200>65535)&&!(B230400)&&(B460800)&&!(B460800>65535)&&(B921600)&&!(B921600>65535)&&!(B1152000)&&(B1000000)&&!(B1000000>65535)&&!(B2000000)&&(B3000000)&&!(B3000000>65535)&&(B4000000)&&(B4000000>65535)||!(__FreeBSD__)&&(B115200)&&!(B115200>65535)&&!(B230400)&&(B460800)&&!(B460800>65535)&&(B921600)&&!(B921600>65535)&&!(B1152000)&&(B1000000)&&!(B1000000>65535)&&!(B2000000)&&(B3000000)&&(B3000000>65535)||!(__FreeBSD__)&&(B115200)&&!(B115200>65535)&&!(B230400)&&(B460800)&&!(B460800>65535)&&(B921600)&&!(B921600>65535)&&!(B1152000)&&(B1000000)&&!(B1000000>65535)&&(B2000000)&&!(B2000000>65535)&&!(B3000000)&&(B4000000)&&(B4000000>65535)||!(__FreeBSD__)&&(B115200)&&!(B115200>65535)&&!(B230400)&&(B460800)&&!(B460800>65535)&&(B921600)&&!(B921600>65535)&&!(B1152000)&&(B1000000)&&!(B1000000>65535)&&(B2000000)&&!(B2000000>65535)&&(B3000000)&&!(B3000000>65535)&&(B4000000)&&(B4000000>65535)||!(__FreeBSD__)&&(B115200)&&!(B115200>65535)&&!(B230400)&&(B460800)&&!(B460800>65535)&&(B921600)&&!(B921600>65535)&&!(B1152000)&&(B1000000)&&!(B1000000>65535)&&(B2000000)&&!(B2000000>65535)&&(B3000000)&&(B3000000>65535)||!(__FreeBSD__)&&(B115200)&&!(B115200>65535)&&!(B230400)&&(B460800)&&!(B460800>65535)&&(B921600)&&!(B921600>65535)&&!(B1152000)&&(B1000000)&&!(B1000000>65535)&&(B2000000)&&(B2000000>65535)||!(__FreeBSD__)&&(B115200)&&!(B115200>65535)&&!(B230400)&&(B460800)&&!(B460800>65535)&&(B921600)&&!(B921600>65535)&&!(B1152000)&&(B1000000)&&(B1000000>65535)||!(__FreeBSD__)&&(B115200)&&!(B115200>65535)&&!(B230400)&&(B460800)&&!(B460800>65535)&&(B921600)&&!(B921600>65535)&&(B1152000)&&!(B1152000>65535)&&!(B1000000)&&!(B2000000)&&!(B3000000)&&(B4000000)&&(B4000000>65535)||!(__FreeBSD__)&&(B115200)&&!(B115200>65535)&&!(B230400)&&(B460800)&&!(B460800>65535)&&(B921600)&&!(B921600>65535)&&(B1152000)&&!(B1152000>65535)&&!(B1000000)&&!(B2000000)&&(B3000000)&&!(B3000000>65535)&&(B4000000)&&(B4000000>65535)||!(__FreeBSD__)&&(B115200)&&!(B115200>65535)&&!(B230400)&&(B460800)&&!(B460800>65535)&&(B921600)&&!(B921600>65535)&&(B1152000)&&!(B1152000>65535)&&!(B1000000)&&!(B2000000)&&(B3000000)&&(B3000000>65535)||!(__FreeBSD__)&&(B115200)&&!(B115200>65535)&&!(B230400)&&(B460800)&&!(B460800>65535)&&(B921600)&&!(B921600>65535)&&(B1152000)&&!(B1152000>65535)&&!(B1000000)&&(B2000000)&&!(B2000000>65535)&&!(B3000000)&&(B4000000)&&(B4000000>65535)||!(__FreeBSD__)&&(B115200)&&!(B115200>65535)&&!(B230400)&&(B460800)&&!(B460800>65535)&&(B921600)&&!(B921600>65535)&&(B1152000)&&!(B1152000>65535)&&!(B1000000)&&(B2000000)&&!(B2000000>65535)&&(B3000000)&&!(B3000000>65535)&&(B4000000)&&(B4000000>65535)||!(__FreeBSD__)&&(B115200)&&!(B115200>65535)&&!(B230400)&&(B460800)&&!(B460800>65535)&&(B921600)&&!(B921600>65535)&&(B1152000)&&!(B1152000>65535)&&!(B1000000)&&(B2000000)&&!(B2000000>65535)&&(B3000000)&&(B3000000>65535)||!(__FreeBSD__)&&(B115200)&&!(B115200>65535)&&!(B230400)&&(B460800)&&!(B460800>65535)&&(B921600)&&!(B921600>65535)&&(B1152000)&&!(B1152000>65535)&&!(B1000000)&&(B2000000)&&(B2000000>65535)||!(__FreeBSD__)&&(B115200)&&!(B115200>65535)&&!(B230400)&&(B460800)&&!(B460800>65535)&&(B921600)&&!(B921600>65535)&&(B1152000)&&!(B1152000>65535)&&(B1000000)&&!(B1000000>65535)&&!(B2000000)&&!(B3000000)&&(B4000000)&&(B4000000>65535)||!(__FreeBSD__)&&(B115200)&&!(B115200>65535)&&!(B230400)&&(B460800)&&!(B460800>65535)&&(B921600)&&!(B921600>65535)&&(B1152000)&&!(B1152000>65535)&&(B1000000)&&!(B1000000>65535)&&!(B2000000)&&(B3000000)&&!(B3000000>65535)&&(B4000000)&&(B4000000>65535)||!(__FreeBSD__)&&(B115200)&&!(B115200>65535)&&!(B230400)&&(B460800)&&!(B460800>65535)&&(B921600)&&!(B921600>65535)&&(B1152000)&&!(B1152000>65535)&&(B1000000)&&!(B1000000>65535)&&!(B2000000)&&(B3000000)&&(B3000000>65535)||!(__FreeBSD__)&&(B115200)&&!(B115200>65535)&&!(B230400)&&(B460800)&&!(B460800>65535)&&(B921600)&&!(B921600>65535)&&(B1152000)&&!(B1152000>65535)&&(B1000000)&&!(B1000000>65535)&&(B2000000)&&!(B2000000>65535)&&!(B3000000)&&(B4000000)&&(B4000000>65535)||!(__FreeBSD__)&&(B115200)&&!(B115200>65535)&&!(B230400)&&(B460800)&&!(B460800>65535)&&(B921600)&&!(B921600>65535)&&(B1152000)&&!(B1152000>65535)&&(B1000000)&&!(B1000000>65535)&&(B2000000)&&!(B2000000>65535)&&(B3000000)&&!(B3000000>65535)&&(B4000000)&&(B4000000>65535)||!(__FreeBSD__)&&(B115200)&&!(B115200>65535)&&!(B230400)&&(B460800)&&!(B460800>65535)&&(B921600)&&!(B921600>65535)&&(B1152000)&&!(B1152000>65535)&&(B1000000)&&!(B1000000>65535)&&(B2000000)&&!(B2000000>65535)&&(B3000000)&&(B3000000>65535)||!(__FreeBSD__)&&(B115200)&&!(B115200>65535)&&!(B230400)&&(B460800)&&!(B460800>65535)&&(B921600)&&!(B921600>65535)&&(B1152000)&&!(B1152000>65535)&&(B1000000)&&!(B1000000>65535)&&(B2000000)&&(B2000000>65535)||!(__FreeBSD__)&&(B115200)&&!(B115200>65535)&&!(B230400)&&(B460800)&&!(B460800>65535)&&(B921600)&&!(B921600>65535)&&(B1152000)&&!(B1152000>65535)&&(B1000000)&&(B1000000>65535)||!(__FreeBSD__)&&(B115200)&&!(B115200>65535)&&!(B230400)&&(B460800)&&!(B460800>65535)&&(B921600)&&!(B921600>65535)&&(B1152000)&&(B1152000>65535)||!(__FreeBSD__)&&(B115200)&&!(B115200>65535)&&!(B230400)&&(B460800)&&!(B460800>65535)&&(B921600)&&(B921600>65535)||!(__FreeBSD__)&&(B115200)&&!(B115200>65535)&&!(B230400)&&(B460800)&&(B460800>65535)||!(__FreeBSD__)&&(B115200)&&!(B115200>65535)&&(B230400)&&!(B230400>65535)&&!(B460800)&&!(B921600)&&!(B1152000)&&!(B1000000)&&!(B2000000)&&!(B3000000)&&(B4000000)&&(B4000000>65535)||!(__FreeBSD__)&&(B115200)&&!(B115200>65535)&&(B230400)&&!(B230400>65535)&&!(B460800)&&!(B921600)&&!(B1152000)&&!(B1000000)&&!(B2000000)&&(B3000000)&&!(B3000000>65535)&&(B4000000)&&(B4000000>65535)||!(__FreeBSD__)&&(B115200)&&!(B115200>65535)&&(B230400)&&!(B230400>65535)&&!(B460800)&&!(B921600)&&!(B1152000)&&!(B1000000)&&!(B2000000)&&(B3000000)&&(B3000000>65535)||!(__FreeBSD__)&&(B115200)&&!(B115200>65535)&&(B230400)&&!(B230400>65535)&&!(B460800)&&!(B921600)&&!(B1152000)&&!(B1000000)&&(B2000000)&&!(B2000000>65535)&&!(B3000000)&&(B4000000)&&(B4000000>65535)||!(__FreeBSD__)&&(B115200)&&!(B115200>65535)&&(B230400)&&!(B230400>65535)&&!(B460800)&&!(B921600)&&!(B1152000)&&!(B1000000)&&(B2000000)&&!(B2000000>65535)&&(B3000000)&&!(B3000000>65535)&&(B4000000)&&(B4000000>65535)||!(__FreeBSD__)&&(B115200)&&!(B115200>65535)&&(B230400)&&!(B230400>65535)&&!(B460800)&&!(B921600)&&!(B1152000)&&!(B1000000)&&(B2000000)&&!(B2000000>65535)&&(B3000000)&&(B3000000>65535)||!(__FreeBSD__)&&(B115200)&&!(B115200>65535)&&(B230400)&&!(B230400>65535)&&!(B460800)&&!(B921600)&&!(B1152000)&&!(B1000000)&&(B2000000)&&(B2000000>65535)||!(__FreeBSD__)&&(B115200)&&!(B115200>65535)&&(B230400)&&!(B230400>65535)&&!(B460800)&&!(B921600)&&!(B1152000)&&(B1000000)&&!(B1000000>65535)&&!(B2000000)&&!(B3000000)&&(B4000000)&&(B4000000>65535)||!(__FreeBSD__)&&(B115200)&&!(B115200>65535)&&(B230400)&&!(B230400>65535)&&!(B460800)&&!(B921600)&&!(B1152000)&&(B1000000)&&!(B1000000>65535)&&!(B2000000)&&(B3000000)&&!(B3000000>65535)&&(B4000000)&&(B4000000>65535)||!(__FreeBSD__)&&(B115200)&&!(B115200>65535)&&(B230400)&&!(B230400>65535)&&!(B460800)&&!(B921600)&&!(B1152000)&&(B1000000)&&!(B1000000>65535)&&!(B2000000)&&(B3000000)&&(B3000000>65535)||!(__FreeBSD__)&&(B115200)&&!(B115200>65535)&&(B230400)&&!(B230400>65535)&&!(B460800)&&!(B921600)&&!(B1152000)&&(B1000000)&&!(B1000000>65535)&&(B2000000)&&!(B2000000>65535)&&!(B3000000)&&(B4000000)&&(B4000000>65535)||!(__FreeBSD__)&&(B115200)&&!(B115200>65535)&&(B230400)&&!(B230400>65535)&&!(B460800)&&!(B921600)&&!(B1152000)&&(B1000000)&&!(B1000000>65535)&&(B2000000)&&!(B2000000>65535)&&(B3000000)&&!(B3000000>65535)&&(B4000000)&&(B4000000>65535)||!(__FreeBSD__)&&(B115200)&&!(B115200>65535)&&(B230400)&&!(B230400>65535)&&!(B460800)&&!(B921600)&&!(B1152000)&&(B1000000)&&!(B1000000>65535)&&(B2000000)&&!(B2000000>65535)&&(B3000000)&&(B3000000>65535)||!(__FreeBSD__)&&(B115200)&&!(B115200>65535)&&(B230400)&&!(B230400>65535)&&!(B460800)&&!(B921600)&&!(B1152000)&&(B1000000)&&!(B1000000>65535)&&(B2000000)&&(B2000000>65535)||!(__FreeBSD__)&&(B115200)&&!(B115200>65535)&&(B230400)&&!(B230400>65535)&&!(B460800)&&!(B921600)&&!(B1152000)&&(B1000000)&&(B1000000>65535)||!(__FreeBSD__)&&(B115200)&&!(B115200>65535)&&(B230400)&&!(B230400>65535)&&!(B460800)&&!(B921600)&&(B1152000)&&!(B1152000>65535)&&!(B1000000)&&!(B2000000)&&!(B3000000)&&(B4000000)&&(B4000000>65535)||!(__FreeBSD__)&&(B115200)&&!(B115200>65535)&&(B230400)&&!(B230400>65535)&&!(B460800)&&!(B921600)&&(B1152000)&&!(B1152000>65535)&&!(B1000000)&&!(B2000000)&&(B3000000)&&!(B3000000>65535)&&(B4000000)&&(B4000000>65535)||!(__FreeBSD__)&&(B115200)&&!(B115200>65535)&&(B230400)&&!(B230400>65535)&&!(B460800)&&!(B921600)&&(B1152000)&&!(B1152000>65535)&&!(B1000000)&&!(B2000000)&&(B3000000)&&(B3000000>65535)||!(__FreeBSD__)&&(B115200)&&!(B115200>65535)&&(B230400)&&!(B230400>65535)&&!(B460800)&&!(B921600)&&(B1152000)&&!(B1152000>65535)&&!(B1000000)&&(B2000000)&&!(B2000000>65535)&&!(B3000000)&&(B4000000)&&(B4000000>65535)||!(__FreeBSD__)&&(B115200)&&!(B115200>65535)&&(B230400)&&!(B230400>65535)&&!(B460800)&&!(B921600)&&(B1152000)&&!(B1152000>65535)&&!(B1000000)&&(B2000000)&&!(B2000000>65535)&&(B3000000)&&!(B3000000>65535)&&(B4000000)&&(B4000000>65535)||!(__FreeBSD__)&&(B115200)&&!(B115200>65535)&&(B230400)&&!(B230400>65535)&&!(B460800)&&!(B921600)&&(B1152000)&&!(B1152000>65535)&&!(B1000000)&&(B2000000)&&!(B2000000>65535)&&(B3000000)&&(B3000000>65535)||!(__FreeBSD__)&&(B115200)&&!(B115200>65535)&&(B230400)&&!(B230400>65535)&&!(B460800)&&!(B921600)&&(B1152000)&&!(B1152000>65535)&&!(B1000000)&&(B2000000)&&(B2000000>65535)||!(__FreeBSD__)&&(B115200)&&!(B115200>65535)&&(B230400)&&!(B230400>65535)&&!(B460800)&&!(B921600)&&(B1152000)&&!(B1152000>65535)&&(B1000000)&&!(B1000000>65535)&&!(B2000000)&&!(B3000000)&&(B4000000)&&(B4000000>65535)||!(__FreeBSD__)&&(B115200)&&!(B115200>65535)&&(B230400)&&!(B230400>65535)&&!(B460800)&&!(B921600)&&(B1152000)&&!(B1152000>65535)&&(B1000000)&&!(B1000000>65535)&&!(B2000000)&&(B3000000)&&!(B3000000>65535)&&(B4000000)&&(B4000000>65535)||!(__FreeBSD__)&&(B115200)&&!(B115200>65535)&&(B230400)&&!(B230400>65535)&&!(B460800)&&!(B921600)&&(B1152000)&&!(B1152000>65535)&&(B1000000)&&!(B1000000>65535)&&!(B2000000)&&(B3000000)&&(B3000000>65535)||!(__FreeBSD__)&&(B115200)&&!(B115200>65535)&&(B230400)&&!(B230400>65535)&&!(B460800)&&!(B921600)&&(B1152000)&&!(B1152000>65535)&&(B1000000)&&!(B1000000>65535)&&(B2000000)&&!(B2000000>65535)&&!(B3000000)&&(B4000000)&&(B4000000>65535)||!(__FreeBSD__)&&(B115200)&&!(B115200>65535)&&(B230400)&&!(B230400>65535)&&!(B460800)&&!(B921600)&&(B1152000)&&!(B1152000>65535)&&(B1000000)&&!(B1000000>65535)&&(B2000000)&&!(B2000000>65535)&&(B3000000)&&!(B3000000>65535)&&(B4000000)&&(B4000000>65535)||!(__FreeBSD__)&&(B115200)&&!(B115200>65535)&&(B230400)&&!(B230400>65535)&&!(B460800)&&!(B921600)&&(B1152000)&&!(B1152000>65535)&&(B1000000)&&!(B1000000>65535)&&(B2000000)&&!(B2000000>65535)&&(B3000000)&&(B3000000>65535)||!(__FreeBSD__)&&(B115200)&&!(B115200>65535)&&(B230400)&&!(B230400>65535)&&!(B460800)&&!(B921600)&&(B1152000)&&!(B1152000>65535)&&(B1000000)&&!(B1000000>65535)&&(B2000000)&&(B2000000>65535)||!(__FreeBSD__)&&(B115200)&&!(B115200>65535)&&(B230400)&&!(B230400>65535)&&!(B460800)&&!(B921600)&&(B1152000)&&!(B1152000>65535)&&(B1000000)&&(B1000000>65535)||!(__FreeBSD__)&&(B115200)&&!(B115200>65535)&&(B230400)&&!(B230400>65535)&&!(B460800)&&!(B921600)&&(B1152000)&&(B1152000>65535)||!(__FreeBSD__)&&(B115200)&&!(B115200>65535)&&(B230400)&&!(B230400>65535)&&!(B460800)&&(B921600)&&!(B921600>65535)&&!(B1152000)&&!(B1000000)&&!(B2000000)&&!(B3000000)&&(B4000000)&&(B4000000>65535)||!(__FreeBSD__)&&(B115200)&&!(B115200>65535)&&(B230400)&&!(B230400>65535)&&!(B460800)&&(B921600)&&!(B921600>65535)&&!(B1152000)&&!(B1000000)&&!(B2000000)&&(B3000000)&&!(B3000000>65535)&&(B4000000)&&(B4000000>65535)||!(__FreeBSD__)&&(B115200)&&!(B115200>65535)&&(B230400)&&!(B230400>65535)&&!(B460800)&&(B921600)&&!(B921600>65535)&&!(B1152000)&&!(B1000000)&&!(B2000000)&&(B3000000)&&(B3000000>65535)||!(__FreeBSD__)&&(B115200)&&!(B115200>65535)&&(B230400)&&!(B230400>65535)&&!(B460800)&&(B921600)&&!(B921600>65535)&&!(B1152000)&&!(B1000000)&&(B2000000)&&!(B2000000>65535)&&!(B3000000)&&(B4000000)&&(B4000000>65535)||!(__FreeBSD__)&&(B115200)&&!(B115200>65535)&&(B230400)&&!(B230400>65535)&&!(B460800)&&(B921600)&&!(B921600>65535)&&!(B1152000)&&!(B1000000)&&(B2000000)&&!(B2000000>65535)&&(B3000000)&&!(B3000000>65535)&&(B4000000)&&(B4000000>65535)||!(__FreeBSD__)&&(B115200)&&!(B115200>65535)&&(B230400)&&!(B230400>65535)&&!(B460800)&&(B921600)&&!(B921600>65535)&&!(B1152000)&&!(B1000000)&&(B2000000)&&!(B2000000>65535)&&(B3000000)&&(B3000000>65535)||!(__FreeBSD__)&&(B115200)&&!(B115200>65535)&&(B230400)&&!(B230400>65535)&&!(B460800)&&(B921600)&&!(B921600>65535)&&!(B1152000)&&!(B1000000)&&(B2000000)&&(B2000000>65535)||!(__FreeBSD__)&&(B115200)&&!(B115200>65535)&&(B230400)&&!(B230400>65535)&&!(B460800)&&(B921600)&&!(B921600>65535)&&!(B1152000)&&(B1000000)&&!(B1000000>65535)&&!(B2000000)&&!(B3000000)&&(B4000000)&&(B4000000>65535)||!(__FreeBSD__)&&(B115200)&&!(B115200>65535)&&(B230400)&&!(B230400>65535)&&!(B460800)&&(B921600)&&!(B921600>65535)&&!(B1152000)&&(B1000000)&&!(B1000000>65535)&&!(B2000000)&&(B3000000)&&!(B3000000>65535)&&(B4000000)&&(B4000000>65535)||!(__FreeBSD__)&&(B115200)&&!(B115200>65535)&&(B230400)&&!(B230400>65535)&&!(B460800)&&(B921600)&&!(B921600>65535)&&!(B1152000)&&(B1000000)&&!(B1000000>65535)&&!(B2000000)&&(B3000000)&&(B3000000>65535)||!(__FreeBSD__)&&(B115200)&&!(B115200>65535)&&(B230400)&&!(B230400>65535)&&!(B460800)&&(B921600)&&!(B921600>65535)&&!(B1152000)&&(B1000000)&&!(B1000000>65535)&&(B2000000)&&!(B2000000>65535)&&!(B3000000)&&(B4000000)&&(B4000000>65535)||!(__FreeBSD__)&&(B115200)&&!(B115200>65535)&&(B230400)&&!(B230400>65535)&&!(B460800)&&(B921600)&&!(B921600>65535)&&!(B1152000)&&(B1000000)&&!(B1000000>65535)&&(B2000000)&&!(B2000000>65535)&&(B3000000)&&!(B3000000>65535)&&(B4000000)&&(B4000000>65535)||!(__FreeBSD__)&&(B115200)&&!(B115200>65535)&&(B230400)&&!(B230400>65535)&&!(B460800)&&(B921600)&&!(B921600>65535)&&!(B1152000)&&(B1000000)&&!(B1000000>65535)&&(B2000000)&&!(B2000000>65535)&&(B3000000)&&(B3000000>65535)||!(__FreeBSD__)&&(B115200)&&!(B115200>65535)&&(B230400)&&!(B230400>65535)&&!(B460800)&&(B921600)&&!(B921600>65535)&&!(B1152000)&&(B1000000)&&!(B1000000>65535)&&(B2000000)&&(B2000000>65535)||!(__FreeBSD__)&&(B115200)&&!(B115200>65535)&&(B230400)&&!(B230400>65535)&&!(B460800)&&(B921600)&&!(B921600>65535)&&!(B1152000)&&(B1000000)&&(B1000000>65535)||!(__FreeBSD__)&&(B115200)&&!(B115200>65535)&&(B230400)&&!(B230400>65535)&&!(B460800)&&(B921600)&&!(B921600>65535)&&(B1152000)&&!(B1152000>65535)&&!(B1000000)&&!(B2000000)&&!(B3000000)&&(B4000000)&&(B4000000>65535)||!(__FreeBSD__)&&(B115200)&&!(B115200>65535)&&(B230400)&&!(B230400>65535)&&!(B460800)&&(B921600)&&!(B921600>65535)&&(B1152000)&&!(B1152000>65535)&&!(B1000000)&&!(B2000000)&&(B3000000)&&!(B3000000>65535)&&(B4000000)&&(B4000000>65535)||!(__FreeBSD__)&&(B115200)&&!(B115200>65535)&&(B230400)&&!(B230400>65535)&&!(B460800)&&(B921600)&&!(B921600>65535)&&(B1152000)&&!(B1152000>65535)&&!(B1000000)&&!(B2000000)&&(B3000000)&&(B3000000>65535)||!(__FreeBSD__)&&(B115200)&&!(B115200>65535)&&(B230400)&&!(B230400>65535)&&!(B460800)&&(B921600)&&!(B921600>65535)&&(B1152000)&&!(B1152000>65535)&&!(B1000000)&&(B2000000)&&!(B2000000>65535)&&!(B3000000)&&(B4000000)&&(B4000000>65535)||!(__FreeBSD__)&&(B115200)&&!(B115200>65535)&&(B230400)&&!(B230400>65535)&&!(B460800)&&(B921600)&&!(B921600>65535)&&(B1152000)&&!(B1152000>65535)&&!(B1000000)&&(B2000000)&&!(B2000000>65535)&&(B3000000)&&!(B3000000>65535)&&(B4000000)&&(B4000000>65535)||!(__FreeBSD__)&&(B115200)&&!(B115200>65535)&&(B230400)&&!(B230400>65535)&&!(B460800)&&(B921600)&&!(B921600>65535)&&(B1152000)&&!(B1152000>65535)&&!(B1000000)&&(B2000000)&&!(B2000000>65535)&&(B3000000)&&(B3000000>65535)||!(__FreeBSD__)&&(B115200)&&!(B115200>65535)&&(B230400)&&!(B230400>65535)&&!(B460800)&&(B921600)&&!(B921600>65535)&&(B1152000)&&!(B1152000>65535)&&!(B1000000)&&(B2000000)&&(B2000000>65535)||!(__FreeBSD__)&&(B115200)&&!(B115200>65535)&&(B230400)&&!(B230400>65535)&&!(B460800)&&(B921600)&&!(B921600>65535)&&(B1152000)&&!(B1152000>65535)&&(B1000000)&&!(B1000000>65535)&&!(B2000000)&&!(B3000000)&&(B4000000)&&(B4000000>65535)||!(__FreeBSD__)&&(B115200)&&!(B115200>65535)&&(B230400)&&!(B230400>65535)&&!(B460800)&&(B921600)&&!(B921600>65535)&&(B1152000)&&!(B1152000>65535)&&(B1000000)&&!(B1000000>65535)&&!(B2000000)&&(B3000000)&&!(B3000000>65535)&&(B4000000)&&(B4000000>65535)||!(__FreeBSD__)&&(B115200)&&!(B115200>65535)&&(B230400)&&!(B230400>65535)&&!(B460800)&&(B921600)&&!(B921600>65535)&&(B1152000)&&!(B1152000>65535)&&(B1000000)&&!(B1000000>65535)&&!(B2000000)&&(B3000000)&&(B3000000>65535)||!(__FreeBSD__)&&(B115200)&&!(B115200>65535)&&(B230400)&&!(B230400>65535)&&!(B460800)&&(B921600)&&!(B921600>65535)&&(B1152000)&&!(B1152000>65535)&&(B1000000)&&!(B1000000>65535)&&(B2000000)&&!(B2000000>65535)&&!(B3000000)&&(B4000000)&&(B4000000>65535)||!(__FreeBSD__)&&(B115200)&&!(B115200>65535)&&(B230400)&&!(B230400>65535)&&!(B460800)&&(B921600)&&!(B921600>65535)&&(B1152000)&&!(B1152000>65535)&&(B1000000)&&!(B1000000>65535)&&(B2000000)&&!(B2000000>65535)&&(B3000000)&&!(B3000000>65535)&&(B4000000)&&(B4000000>65535)||!(__FreeBSD__)&&(B115200)&&!(B115200>65535)&&(B230400)&&!(B230400>65535)&&!(B460800)&&(B921600)&&!(B921600>65535)&&(B1152000)&&!(B1152000>65535)&&(B1000000)&&!(B1000000>65535)&&(B2000000)&&!(B2000000>65535)&&(B3000000)&&(B3000000>65535)||!(__FreeBSD__)&&(B115200)&&!(B115200>65535)&&(B230400)&&!(B230400>65535)&&!(B460800)&&(B921600)&&!(B921600>65535)&&(B1152000)&&!(B1152000>65535)&&(B1000000)&&!(B1000000>65535)&&(B2000000)&&(B2000000>65535)||!(__FreeBSD__)&&(B115200)&&!(B115200>65535)&&(B230400)&&!(B230400>65535)&&!(B460800)&&(B921600)&&!(B921600>65535)&&(B1152000)&&!(B1152000>65535)&&(B1000000)&&(B1000000>65535)||!(__FreeBSD__)&&(B115200)&&!(B115200>65535)&&(B230400)&&!(B230400>65535)&&!(B460800)&&(B921600)&&!(B921600>65535)&&(B1152000)&&(B1152000>65535)||!(__FreeBSD__)&&(B115200)&&!(B115200>65535)&&(B230400)&&!(B230400>65535)&&!(B460800)&&(B921600)&&(B921600>65535)||!(__FreeBSD__)&&(B115200)&&!(B115200>65535)&&(B230400)&&!(B230400>65535)&&(B460800)&&!(B460800>65535)&&!(B921600)&&!(B1152000)&&!(B1000000)&&!(B2000000)&&!(B3000000)&&(B4000000)&&(B4000000>65535)||!(__FreeBSD__)&&(B115200)&&!(B115200>65535)&&(B230400)&&!(B230400>65535)&&(B460800)&&!(B460800>65535)&&!(B921600)&&!(B1152000)&&!(B1000000)&&!(B2000000)&&(B3000000)&&!(B3000000>65535)&&(B4000000)&&(B4000000>65535)||!(__FreeBSD__)&&(B115200)&&!(B115200>65535)&&(B230400)&&!(B230400>65535)&&(B460800)&&!(B460800>65535)&&!(B921600)&&!(B1152000)&&!(B1000000)&&!(B2000000)&&(B3000000)&&(B3000000>65535)||!(__FreeBSD__)&&(B115200)&&!(B115200>65535)&&(B230400)&&!(B230400>65535)&&(B460800)&&!(B460800>65535)&&!(B921600)&&!(B1152000)&&!(B1000000)&&(B2000000)&&!(B2000000>65535)&&!(B3000000)&&(B4000000)&&(B4000000>65535)||!(__FreeBSD__)&&(B115200)&&!(B115200>65535)&&(B230400)&&!(B230400>65535)&&(B460800)&&!(B460800>65535)&&!(B921600)&&!(B1152000)&&!(B1000000)&&(B2000000)&&!(B2000000>65535)&&(B3000000)&&!(B3000000>65535)&&(B4000000)&&(B4000000>65535)||!(__FreeBSD__)&&(B115200)&&!(B115200>65535)&&(B230400)&&!(B230400>65535)&&(B460800)&&!(B460800>65535)&&!(B921600)&&!(B1152000)&&!(B1000000)&&(B2000000)&&!(B2000000>65535)&&(B3000000)&&(B3000000>65535)||!(__FreeBSD__)&&(B115200)&&!(B115200>65535)&&(B230400)&&!(B230400>65535)&&(B460800)&&!(B460800>65535)&&!(B921600)&&!(B1152000)&&!(B1000000)&&(B2000000)&&(B2000000>65535)||!(__FreeBSD__)&&(B115200)&&!(B115200>65535)&&(B230400)&&!(B230400>65535)&&(B460800)&&!(B460800>65535)&&!(B921600)&&!(B1152000)&&(B1000000)&&!(B1000000>65535)&&!(B2000000)&&!(B3000000)&&(B4000000)&&(B4000000>65535)||!(__FreeBSD__)&&(B115200)&&!(B115200>65535)&&(B230400)&&!(B230400>65535)&&(B460800)&&!(B460800>65535)&&!(B921600)&&!(B1152000)&&(B1000000)&&!(B1000000>65535)&&!(B2000000)&&(B3000000)&&!(B3000000>65535)&&(B4000000)&&(B4000000>65535)||!(__FreeBSD__)&&(B115200)&&!(B115200>65535)&&(B230400)&&!(B230400>65535)&&(B460800)&&!(B460800>65535)&&!(B921600)&&!(B1152000)&&(B1000000)&&!(B1000000>65535)&&!(B2000000)&&(B3000000)&&(B3000000>65535)||!(__FreeBSD__)&&(B115200)&&!(B115200>65535)&&(B230400)&&!(B230400>65535)&&(B460800)&&!(B460800>65535)&&!(B921600)&&!(B1152000)&&(B1000000)&&!(B1000000>65535)&&(B2000000)&&!(B2000000>65535)&&!(B3000000)&&(B4000000)&&(B4000000>65535)||!(__FreeBSD__)&&(B115200)&&!(B115200>65535)&&(B230400)&&!(B230400>65535)&&(B460800)&&!(B460800>65535)&&!(B921600)&&!(B1152000)&&(B1000000)&&!(B1000000>65535)&&(B2000000)&&!(B2000000>65535)&&(B3000000)&&!(B3000000>65535)&&(B4000000)&&(B4000000>65535)||!(__FreeBSD__)&&(B115200)&&!(B115200>65535)&&(B230400)&&!(B230400>65535)&&(B460800)&&!(B460800>65535)&&!(B921600)&&!(B1152000)&&(B1000000)&&!(B1000000>65535)&&(B2000000)&&!(B2000000>65535)&&(B3000000)&&(B3000000>65535)||!(__FreeBSD__)&&(B115200)&&!(B115200>65535)&&(B230400)&&!(B230400>65535)&&(B460800)&&!(B460800>65535)&&!(B921600)&&!(B1152000)&&(B1000000)&&!(B1000000>65535)&&(B2000000)&&(B2000000>65535)||!(__FreeBSD__)&&(B115200)&&!(B115200>65535)&&(B230400)&&!(B230400>65535)&&(B460800)&&!(B460800>65535)&&!(B921600)&&!(B1152000)&&(B1000000)&&(B1000000>65535)||!(__FreeBSD__)&&(B115200)&&!(B115200>65535)&&(B230400)&&!(B230400>65535)&&(B460800)&&!(B460800>65535)&&!(B921600)&&(B1152000)&&!(B1152000>65535)&&!(B1000000)&&!(B2000000)&&!(B3000000)&&(B4000000)&&(B4000000>65535)||!(__FreeBSD__)&&(B115200)&&!(B115200>65535)&&(B230400)&&!(B230400>65535)&&(B460800)&&!(B460800>65535)&&!(B921600)&&(B1152000)&&!(B1152000>65535)&&!(B1000000)&&!(B2000000)&&(B3000000)&&!(B3000000>65535)&&(B4000000)&&(B4000000>65535)||!(__FreeBSD__)&&(B115200)&&!(B115200>65535)&&(B230400)&&!(B230400>65535)&&(B460800)&&!(B460800>65535)&&!(B921600)&&(B1152000)&&!(B1152000>65535)&&!(B1000000)&&!(B2000000)&&(B3000000)&&(B3000000>65535)||!(__FreeBSD__)&&(B115200)&&!(B115200>65535)&&(B230400)&&!(B230400>65535)&&(B460800)&&!(B460800>65535)&&!(B921600)&&(B1152000)&&!(B1152000>65535)&&!(B1000000)&&(B2000000)&&!(B2000000>65535)&&!(B3000000)&&(B4000000)&&(B4000000>65535)||!(__FreeBSD__)&&(B115200)&&!(B115200>65535)&&(B230400)&&!(B230400>65535)&&(B460800)&&!(B460800>65535)&&!(B921600)&&(B1152000)&&!(B1152000>65535)&&!(B1000000)&&(B2000000)&&!(B2000000>65535)&&(B3000000)&&!(B3000000>65535)&&(B4000000)&&(B4000000>65535)||!(__FreeBSD__)&&(B115200)&&!(B115200>65535)&&(B230400)&&!(B230400>65535)&&(B460800)&&!(B460800>65535)&&!(B921600)&&(B1152000)&&!(B1152000>65535)&&!(B1000000)&&(B2000000)&&!(B2000000>65535)&&(B3000000)&&(B3000000>65535)||!(__FreeBSD__)&&(B115200)&&!(B115200>65535)&&(B230400)&&!(B230400>65535)&&(B460800)&&!(B460800>65535)&&!(B921600)&&(B1152000)&&!(B1152000>65535)&&!(B1000000)&&(B2000000)&&(B2000000>65535)||!(__FreeBSD__)&&(B115200)&&!(B115200>65535)&&(B230400)&&!(B230400>65535)&&(B460800)&&!(B460800>65535)&&!(B921600)&&(B1152000)&&!(B1152000>65535)&&(B1000000)&&!(B1000000>65535)&&!(B2000000)&&!(B3000000)&&(B4000000)&&(B4000000>65535)||!(__FreeBSD__)&&(B115200)&&!(B115200>65535)&&(B230400)&&!(B230400>65535)&&(B460800)&&!(B460800>65535)&&!(B921600)&&(B1152000)&&!(B1152000>65535)&&(B1000000)&&!(B1000000>65535)&&!(B2000000)&&(B3000000)&&!(B3000000>65535)&&(B4000000)&&(B4000000>65535)||!(__FreeBSD__)&&(B115200)&&!(B115200>65535)&&(B230400)&&!(B230400>65535)&&(B460800)&&!(B460800>65535)&&!(B921600)&&(B1152000)&&!(B1152000>65535)&&(B1000000)&&!(B1000000>65535)&&!(B2000000)&&(B3000000)&&(B3000000>65535)||!(__FreeBSD__)&&(B115200)&&!(B115200>65535)&&(B230400)&&!(B230400>65535)&&(B460800)&&!(B460800>65535)&&!(B921600)&&(B1152000)&&!(B1152000>65535)&&(B1000000)&&!(B1000000>65535)&&(B2000000)&&!(B2000000>65535)&&!(B3000000)&&(B4000000)&&(B4000000>65535)||!(__FreeBSD__)&&(B115200)&&!(B115200>65535)&&(B230400)&&!(B230400>65535)&&(B460800)&&!(B460800>65535)&&!(B921600)&&(B1152000)&&!(B1152000>65535)&&(B1000000)&&!(B1000000>65535)&&(B2000000)&&!(B2000000>65535)&&(B3000000)&&!(B3000000>65535)&&(B4000000)&&(B4000000>65535)||!(__FreeBSD__)&&(B115200)&&!(B115200>65535)&&(B230400)&&!(B230400>65535)&&(B460800)&&!(B460800>65535)&&!(B921600)&&(B1152000)&&!(B1152000>65535)&&(B1000000)&&!(B1000000>65535)&&(B2000000)&&!(B2000000>65535)&&(B3000000)&&(B3000000>65535)||!(__FreeBSD__)&&(B115200)&&!(B115200>65535)&&(B230400)&&!(B230400>65535)&&(B460800)&&!(B460800>65535)&&!(B921600)&&(B1152000)&&!(B1152000>65535)&&(B1000000)&&!(B1000000>65535)&&(B2000000)&&(B2000000>65535)||!(__FreeBSD__)&&(B115200)&&!(B115200>65535)&&(B230400)&&!(B230400>65535)&&(B460800)&&!(B460800>65535)&&!(B921600)&&(B1152000)&&!(B1152000>65535)&&(B1000000)&&(B1000000>65535)||!(__FreeBSD__)&&(B115200)&&!(B115200>65535)&&(B230400)&&!(B230400>65535)&&(B460800)&&!(B460800>65535)&&!(B921600)&&(B1152000)&&(B1152000>65535)||!(__FreeBSD__)&&(B115200)&&!(B115200>65535)&&(B230400)&&!(B230400>65535)&&(B460800)&&!(B460800>65535)&&(B921600)&&!(B921600>65535)&&!(B1152000)&&!(B1000000)&&!(B2000000)&&!(B3000000)&&(B4000000)&&(B4000000>65535)||!(__FreeBSD__)&&(B115200)&&!(B115200>65535)&&(B230400)&&!(B230400>65535)&&(B460800)&&!(B460800>65535)&&(B921600)&&!(B921600>65535)&&!(B1152000)&&!(B1000000)&&!(B2000000)&&(B3000000)&&!(B3000000>65535)&&(B4000000)&&(B4000000>65535)||!(__FreeBSD__)&&(B115200)&&!(B115200>65535)&&(B230400)&&!(B230400>65535)&&(B460800)&&!(B460800>65535)&&(B921600)&&!(B921600>65535)&&!(B1152000)&&!(B1000000)&&!(B2000000)&&(B3000000)&&(B3000000>65535)||!(__FreeBSD__)&&(B115200)&&!(B115200>65535)&&(B230400)&&!(B230400>65535)&&(B460800)&&!(B460800>65535)&&(B921600)&&!(B921600>65535)&&!(B1152000)&&!(B1000000)&&(B2000000)&&!(B2000000>65535)&&!(B3000000)&&(B4000000)&&(B4000000>65535)||!(__FreeBSD__)&&(B115200)&&!(B115200>65535)&&(B230400)&&!(B230400>65535)&&(B460800)&&!(B460800>65535)&&(B921600)&&!(B921600>65535)&&!(B1152000)&&!(B1000000)&&(B2000000)&&!(B2000000>65535)&&(B3000000)&&!(B3000000>65535)&&(B4000000)&&(B4000000>65535)||!(__FreeBSD__)&&(B115200)&&!(B115200>65535)&&(B230400)&&!(B230400>65535)&&(B460800)&&!(B460800>65535)&&(B921600)&&!(B921600>65535)&&!(B1152000)&&!(B1000000)&&(B2000000)&&!(B2000000>65535)&&(B3000000)&&(B3000000>65535)||!(__FreeBSD__)&&(B115200)&&!(B115200>65535)&&(B230400)&&!(B230400>65535)&&(B460800)&&!(B460800>65535)&&(B921600)&&!(B921600>65535)&&!(B1152000)&&!(B1000000)&&(B2000000)&&(B2000000>65535)||!(__FreeBSD__)&&(B115200)&&!(B115200>65535)&&(B230400)&&!(B230400>65535)&&(B460800)&&!(B460800>65535)&&(B921600)&&!(B921600>65535)&&!(B1152000)&&(B1000000)&&!(B1000000>65535)&&!(B2000000)&&!(B3000000)&&(B4000000)&&(B4000000>65535)||!(__FreeBSD__)&&(B115200)&&!(B115200>65535)&&(B230400)&&!(B230400>65535)&&(B460800)&&!(B460800>65535)&&(B921600)&&!(B921600>65535)&&!(B1152000)&&(B1000000)&&!(B1000000>65535)&&!(B2000000)&&(B3000000)&&!(B3000000>65535)&&(B4000000)&&(B4000000>65535)||!(__FreeBSD__)&&(B115200)&&!(B115200>65535)&&(B230400)&&!(B230400>65535)&&(B460800)&&!(B460800>65535)&&(B921600)&&!(B921600>65535)&&!(B1152000)&&(B1000000)&&!(B1000000>65535)&&!(B2000000)&&(B3000000)&&(B3000000>65535)||!(__FreeBSD__)&&(B115200)&&!(B115200>65535)&&(B230400)&&!(B230400>65535)&&(B460800)&&!(B460800>65535)&&(B921600)&&!(B921600>65535)&&!(B1152000)&&(B1000000)&&!(B1000000>65535)&&(B2000000)&&!(B2000000>65535)&&!(B3000000)&&(B4000000)&&(B4000000>65535)||!(__FreeBSD__)&&(B115200)&&!(B115200>65535)&&(B230400)&&!(B230400>65535)&&(B460800)&&!(B460800>65535)&&(B921600)&&!(B921600>65535)&&!(B1152000)&&(B1000000)&&!(B1000000>65535)&&(B2000000)&&!(B2000000>65535)&&(B3000000)&&!(B3000000>65535)&&(B4000000)&&(B4000000>65535)||!(__FreeBSD__)&&(B115200)&&!(B115200>65535)&&(B230400)&&!(B230400>65535)&&(B460800)&&!(B460800>65535)&&(B921600)&&!(B921600>65535)&&!(B1152000)&&(B1000000)&&!(B1000000>65535)&&(B2000000)&&!(B2000000>65535)&&(B3000000)&&(B3000000>65535)||!(__FreeBSD__)&&(B115200)&&!(B115200>65535)&&(B230400)&&!(B230400>65535)&&(B460800)&&!(B460800>65535)&&(B921600)&&!(B921600>65535)&&!(B1152000)&&(B1000000)&&!(B1000000>65535)&&(B2000000)&&(B2000000>65535)||!(__FreeBSD__)&&(B115200)&&!(B115200>65535)&&(B230400)&&!(B230400>65535)&&(B460800)&&!(B460800>65535)&&(B921600)&&!(B921600>65535)&&!(B1152000)&&(B1000000)&&(B1000000>65535)||!(__FreeBSD__)&&(B115200)&&!(B115200>65535)&&(B230400)&&!(B230400>65535)&&(B460800)&&!(B460800>65535)&&(B921600)&&!(B921600>65535)&&(B1152000)&&!(B1152000>65535)&&!(B1000000)&&!(B2000000)&&!(B3000000)&&(B4000000)&&(B4000000>65535)||!(__FreeBSD__)&&(B115200)&&!(B115200>65535)&&(B230400)&&!(B230400>65535)&&(B460800)&&!(B460800>65535)&&(B921600)&&!(B921600>65535)&&(B1152000)&&!(B1152000>65535)&&!(B1000000)&&!(B2000000)&&(B3000000)&&!(B3000000>65535)&&(B4000000)&&(B4000000>65535)||!(__FreeBSD__)&&(B115200)&&!(B115200>65535)&&(B230400)&&!(B230400>65535)&&(B460800)&&!(B460800>65535)&&(B921600)&&!(B921600>65535)&&(B1152000)&&!(B1152000>65535)&&!(B1000000)&&!(B2000000)&&(B3000000)&&(B3000000>65535)||!(__FreeBSD__)&&(B115200)&&!(B115200>65535)&&(B230400)&&!(B230400>65535)&&(B460800)&&!(B460800>65535)&&(B921600)&&!(B921600>65535)&&(B1152000)&&!(B1152000>65535)&&!(B1000000)&&(B2000000)&&!(B2000000>65535)&&!(B3000000)&&(B4000000)&&(B4000000>65535)||!(__FreeBSD__)&&(B115200)&&!(B115200>65535)&&(B230400)&&!(B230400>65535)&&(B460800)&&!(B460800>65535)&&(B921600)&&!(B921600>65535)&&(B1152000)&&!(B1152000>65535)&&!(B1000000)&&(B2000000)&&!(B2000000>65535)&&(B3000000)&&!(B3000000>65535)&&(B4000000)&&(B4000000>65535)||!(__FreeBSD__)&&(B115200)&&!(B115200>65535)&&(B230400)&&!(B230400>65535)&&(B460800)&&!(B460800>65535)&&(B921600)&&!(B921600>65535)&&(B1152000)&&!(B1152000>65535)&&!(B1000000)&&(B2000000)&&!(B2000000>65535)&&(B3000000)&&(B3000000>65535)||!(__FreeBSD__)&&(B115200)&&!(B115200>65535)&&(B230400)&&!(B230400>65535)&&(B460800)&&!(B460800>65535)&&(B921600)&&!(B921600>65535)&&(B1152000)&&!(B1152000>65535)&&!(B1000000)&&(B2000000)&&(B2000000>65535)||!(__FreeBSD__)&&(B115200)&&!(B115200>65535)&&(B230400)&&!(B230400>65535)&&(B460800)&&!(B460800>65535)&&(B921600)&&!(B921600>65535)&&(B1152000)&&!(B1152000>65535)&&(B1000000)&&!(B1000000>65535)&&!(B2000000)&&!(B3000000)&&(B4000000)&&(B4000000>65535)||!(__FreeBSD__)&&(B115200)&&!(B115200>65535)&&(B230400)&&!(B230400>65535)&&(B460800)&&!(B460800>65535)&&(B921600)&&!(B921600>65535)&&(B1152000)&&!(B1152000>65535)&&(B1000000)&&!(B1000000>65535)&&!(B2000000)&&(B3000000)&&!(B3000000>65535)&&(B4000000)&&(B4000000>65535)||!(__FreeBSD__)&&(B115200)&&!(B115200>65535)&&(B230400)&&!(B230400>65535)&&(B460800)&&!(B460800>65535)&&(B921600)&&!(B921600>65535)&&(B1152000)&&!(B1152000>65535)&&(B1000000)&&!(B1000000>65535)&&!(B2000000)&&(B3000000)&&(B3000000>65535)||!(__FreeBSD__)&&(B115200)&&!(B115200>65535)&&(B230400)&&!(B230400>65535)&&(B460800)&&!(B460800>65535)&&(B921600)&&!(B921600>65535)&&(B1152000)&&!(B1152000>65535)&&(B1000000)&&!(B1000000>65535)&&(B2000000)&&!(B2000000>65535)&&!(B3000000)&&(B4000000)&&(B4000000>65535)||!(__FreeBSD__)&&(B115200)&&!(B115200>65535)&&(B230400)&&!(B230400>65535)&&(B460800)&&!(B460800>65535)&&(B921600)&&!(B921600>65535)&&(B1152000)&&!(B1152000>65535)&&(B1000000)&&!(B1000000>65535)&&(B2000000)&&!(B2000000>65535)&&(B3000000)&&!(B3000000>65535)&&(B4000000)&&(B4000000>65535)||!(__FreeBSD__)&&(B115200)&&!(B115200>65535)&&(B230400)&&!(B230400>65535)&&(B460800)&&!(B460800>65535)&&(B921600)&&!(B921600>65535)&&(B1152000)&&!(B1152000>65535)&&(B1000000)&&!(B1000000>65535)&&(B2000000)&&!(B2000000>65535)&&(B3000000)&&(B3000000>65535)||!(__FreeBSD__)&&(B115200)&&!(B115200>65535)&&(B230400)&&!(B230400>65535)&&(B460800)&&!(B460800>65535)&&(B921600)&&!(B921600>65535)&&(B1152000)&&!(B1152000>65535)&&(B1000000)&&!(B1000000>65535)&&(B2000000)&&(B2000000>65535)||!(__FreeBSD__)&&(B115200)&&!(B115200>65535)&&(B230400)&&!(B230400>65535)&&(B460800)&&!(B460800>65535)&&(B921600)&&!(B921600>65535)&&(B1152000)&&!(B1152000>65535)&&(B1000000)&&(B1000000>65535)||!(__FreeBSD__)&&(B115200)&&!(B115200>65535)&&(B230400)&&!(B230400>65535)&&(B460800)&&!(B460800>65535)&&(B921600)&&!(B921600>65535)&&(B1152000)&&(B1152000>65535)||!(__FreeBSD__)&&(B115200)&&!(B115200>65535)&&(B230400)&&!(B230400>65535)&&(B460800)&&!(B460800>65535)&&(B921600)&&(B921600>65535)||!(__FreeBSD__)&&(B115200)&&!(B115200>65535)&&(B230400)&&!(B230400>65535)&&(B460800)&&(B460800>65535)||!(__FreeBSD__)&&(B115200)&&!(B115200>65535)&&(B230400)&&(B230400>65535)||!(__FreeBSD__)&&(B115200)&&(B115200>65535)||(__FreeBSD__),10,11,"13,14,15,16,17,18,19,20,21,22,23"
speed_table.txt,!(__FreeBSD__)&&!(B115200)&&!(B230400)&&!(B460800)&&!(B921600)&&!(B1152000)&&!(B1000000)&&!(B2000000)&&!(B3000000)&&!(B4000000)||!(__FreeBSD__)&&!(B115200)&&!(B230400)&&!(B460800)&&!(B921600)&&!(B1152000)&&!(B1000000)&&!(B2000000)&&!(B3000000)&&(B4000000)&&!(B4000000>65535)||!(__FreeBSD__)&&!(B115200)&&!(B230400)&&!(B460800)&&!(B921600)&&!(B1152000)&&!(B1000000)&&!(B2000000)&&(B3000000)&&!(B3000000>65535)&&!(B4000000)||!(__FreeBSD__)&&!(B115200)&&!(B230400)&&!(B460800)&&!(B921600)&&!(B1152000)&&!(B1000000)&&!(B2000000)&&(B3000000)&&!(B3000000>65535)&&(B4000000)&&!(B4000000>65535)||!(__FreeBSD__)&&!(B115200)&&!(B230400)&&!(B460800)&&!(B921600)&&!(B1152000)&&!(B1000000)&&(B2000000)&&!(B2000000>65535)&&!(B3000000)&&!(B4000000)||!(__FreeBSD__)&&!(B115200)&&!(B230400)&&!(B460800)&&!(B921600)&&!(B1152000)&&!(B1000000)&&(B2000000)&&!(B2000000>65535)&&!(B3000000)&&(B4000000)&&!(B4000000>65535)||!(__FreeBSD__)&&!(B115200)&&!(B230400)&&!(B460800)&&!(B921600)&&!(B1152000)&&!(B1000000)&&(B2000000)&&!(B2000000>65535)&&(B3000000)&&!(B3000000>65535)&&!(B4000000)||!(__FreeBSD__)&&!(B115200)&&!(B230400)&&!(B460800)&&!(B921600)&&!(B1152000)&&!(B1000000)&&(B2000000)&&!(B2000000>65535)&&(B3000000)&&!(B3000000>65535)&&(B4000000)&&!(B4000000>65535)||!(__FreeBSD__)&&!(B115200)&&!(B230400)&&!(B460800)&&!(B921600)&&!(B1152000)&&(B1000000)&&!(B1000000>65535)&&!(B2000000)&&!(B3000000)&&!(B4000000)||!(__FreeBSD__)&&!(B115200)&&!(B230400)&&!(B460800)&&!(B921600)&&!(B1152000)&&(B1000000)&&!(B1000000>65535)&&!(B2000000)&&!(B3000000)&&(B4000000)&&!(B4000000>65535)||!(__FreeBSD__)&&!(B115200)&&!(B230400)&&!(B460800)&&!(B921600)&&!(B1152000)&&(B1000000)&&!(B1000000>65535)&&!(B2000000)&&(B3000000)&&!(B3000000>65535)&&!(B4000000)||!(__FreeBSD__)&&!(B115200)&&!(B230400)&&!(B460800)&&!(B921600)&&!(B1152000)&&(B1000000)&&!(B1000000>65535)&&!(B2000000)&&(B3000000)&&!(B3000000>65535)&&(B4000000)&&!(B4000000>65535)||!(__FreeBSD__)&&!(B115200)&&!(B230400)&&!(B460800)&&!(B921600)&&!(B1152000)&&(B1000000)&&!(B1000000>65535)&&(B2000000)&&!(B2000000>65535)&&!(B3000000)&&!(B4000000)||!(__FreeBSD__)&&!(B115200)&&!(B230400)&&!(B460800)&&!(B921600)&&!(B1152000)&&(B1000000)&&!(B1000000>65535)&&(B2000000)&&!(B2000000>65535)&&!(B3000000)&&(B4000000)&&!(B4000000>65535)||!(__FreeBSD__)&&!(B115200)&&!(B230400)&&!(B460800)&&!(B921600)&&!(B1152000)&&(B1000000)&&!(B1000000>65535)&&(B2000000)&&!(B2000000>65535)&&(B3000000)&&!(B3000000>65535)&&!(B4000000)||!(__FreeBSD__)&&!(B115200)&&!(B230400)&&!(B460800)&&!(B921600)&&!(B1152000)&&(B1000000)&&!(B1000000>65535)&&(B2000000)&&!(B2000000>65535)&&(B3000000)&&!(B3000000>65535)&&(B4000000)&&!(B4000000>65535)||!(__FreeBSD__)&&!(B115200)&&!(B230400)&&!(B460800)&&!(B921600)&&(B1152000)&&!(B1152000>65535)&&!(B1000000)&&!(B2000000)&&!(B3000000)&&!(B4000000)||!(__FreeBSD__)&&!(B115200)&&!(B230400)&&!(B460800)&&!(B921600)&&(B1152000)&&!(B1152000>65535)&&!(B1000000)&&!(B2000000)&&!(B3000000)&&(B4000000)&&!(B4000000>65535)||!(__FreeBSD__)&&!(B115200)&&!(B230400)&&!(B460800)&&!(B921600)&&(B1152000)&&!(B1152000>65535)&&!(B1000000)&&!(B2000000)&&(B3000000)&&!(B3000000>65535)&&!(B4000000)||!(__FreeBSD__)&&!(B115200)&&!(B230400)&&!(B460800)&&!(B921600)&&(B1152000)&&!(B1152000>65535)&&!(B1000000)&&!(B2000000)&&(B3000000)&&!(B3000000>65535)&&(B4000000)&&!(B4000000>65535)||!(__FreeBSD__)&&!(B115200)&&!(B230400)&&!(B460800)&&!(B921600)&&(B1152000)&&!(B1152000>65535)&&!(B1000000)&&(B2000000)&&!(B2000000>65535)&&!(B3000000)&&!(B4000000)||!(__FreeBSD__)&&!(B115200)&&!(B230400)&&!(B460800)&&!(B921600)&&(B1152000)&&!(B1152000>65535)&&!(B1000000)&&(B2000000)&&!(B2000000>65535)&&!(B3000000)&&(B4000000)&&!(B4000000>65535)||!(__FreeBSD__)&&!(B115200)&&!(B230400)&&!(B460800)&&!(B921600)&&(B1152000)&&!(B1152000>65535)&&!(B1000000)&&(B2000000)&&!(B2000000>65535)&&(B3000000)&&!(B3000000>65535)&&!(B4000000)||!(__FreeBSD__)&&!(B115200)&&!(B230400)&&!(B460800)&&!(B921600)&&(B1152000)&&!(B1152000>65535)&&!(B1000000)&&(B2000000)&&!(B2000000>65535)&&(B3000000)&&!(B3000000>65535)&&(B4000000)&&!(B4000000>65535)||!(__FreeBSD__)&&!(B115200)&&!(B230400)&&!(B460800)&&!(B921600)&&(B1152000)&&!(B1152000>65535)&&(B1000000)&&!(B1000000>65535)&&!(B2000000)&&!(B3000000)&&!(B4000000)||!(__FreeBSD__)&&!(B115200)&&!(B230400)&&!(B460800)&&!(B921600)&&(B1152000)&&!(B1152000>65535)&&(B1000000)&&!(B1000000>65535)&&!(B2000000)&&!(B3000000)&&(B4000000)&&!(B4000000>65535)||!(__FreeBSD__)&&!(B115200)&&!(B230400)&&!(B460800)&&!(B921600)&&(B1152000)&&!(B1152000>65535)&&(B1000000)&&!(B1000000>65535)&&!(B2000000)&&(B3000000)&&!(B3000000>65535)&&!(B4000000)||!(__FreeBSD__)&&!(B115200)&&!(B230400)&&!(B460800)&&!(B921600)&&(B1152000)&&!(B1152000>65535)&&(B1000000)&&!(B1000000>65535)&&!(B2000000)&&(B3000000)&&!(B3000000>65535)&&(B4000000)&&!(B4000000>65535)||!(__FreeBSD__)&&!(B115200)&&!(B230400)&&!(B460800)&&!(B921600)&&(B1152000)&&!(B1152000>65535)&&(B1000000)&&!(B1000000>65535)&&(B2000000)&&!(B2000000>65535)&&!(B3000000)&&!(B4000000)||!(__FreeBSD__)&&!(B115200)&&!(B230400)&&!(B460800)&&!(B921600)&&(B1152000)&&!(B1152000>65535)&&(B1000000)&&!(B1000000>65535)&&(B2000000)&&!(B2000000>65535)&&!(B3000000)&&(B4000000)&&!(B4000000>65535)||!(__FreeBSD__)&&!(B115200)&&!(B230400)&&!(B460800)&&!(B921600)&&(B1152000)&&!(B1152000>65535)&&(B1000000)&&!(B1000000>65535)&&(B2000000)&&!(B2000000>65535)&&(B3000000)&&!(B3000000>65535)&&!(B4000000)||!(__FreeBSD__)&&!(B115200)&&!(B230400)&&!(B460800)&&!(B921600)&&(B1152000)&&!(B1152000>65535)&&(B1000000)&&!(B1000000>65535)&&(B2000000)&&!(B2000000>65535)&&(B3000000)&&!(B3000000>65535)&&(B4000000)&&!(B4000000>65535)||!(__FreeBSD__)&&!(B115200)&&!(B230400)&&!(B460800)&&(B921600)&&!(B921600>65535)&&!(B1152000)&&!(B1000000)&&!(B2000000)&&!(B3000000)&&!(B4000000)||!(__FreeBSD__)&&!(B115200)&&!(B230400)&&!(B460800)&&(B921600)&&!(B921600>65535)&&!(B1152000)&&!(B1000000)&&!(B2000000)&&!(B3000000)&&(B4000000)&&!(B4000000>65535)||!(__FreeBSD__)&&!(B115200)&&!(B230400)&&!(B460800)&&(B921600)&&!(B921600>65535)&&!(B1152000)&&!(B1000000)&&!(B2000000)&&(B3000000)&&!(B3000000>65535)&&!(B4000000)||!(__FreeBSD__)&&!(B115200)&&!(B230400)&&!(B460800)&&(B921600)&&!(B921600>65535)&&!(B1152000)&&!(B1000000)&&!(B2000000)&&(B3000000)&&!(B3000000>65535)&&(B4000000)&&!(B4000000>65535)||!(__FreeBSD__)&&!(B115200)&&!(B230400)&&!(B460800)&&(B921600)&&!(B921600>65535)&&!(B1152000)&&!(B1000000)&&(B2000000)&&!(B2000000>65535)&&!(B3000000)&&!(B4000000)||!(__FreeBSD__)&&!(B115200)&&!(B230400)&&!(B460800)&&(B921600)&&!(B921600>65535)&&!(B1152000)&&!(B1000000)&&(B2000000)&&!(B2000000>65535)&&!(B3000000)&&(B4000000)&&!(B4000000>65535)||!(__FreeBSD__)&&!(B115200)&&!(B230400)&&!(B460800)&&(B921600)&&!(B921600>65535)&&!(B1152000)&&!(B1000000)&&(B2000000)&&!(B2000000>65535)&&(B3000000)&&!(B3000000>65535)&&!(B4000000)||!(__FreeBSD__)&&!(B115200)&&!(B230400)&&!(B460800)&&(B921600)&&!(B921600>65535)&&!(B1152000)&&!(B1000000)&&(B2000000)&&!(B2000000>65535)&&(B3000000)&&!(B3000000>65535)&&(B4000000)&&!(B4000000>65535)||!(__FreeBSD__)&&!(B115200)&&!(B230400)&&!(B460800)&&(B921600)&&!(B921600>65535)&&!(B1152000)&&(B1000000)&&!(B1000000>65535)&&!(B2000000)&&!(B3000000)&&!(B4000000)||!(__FreeBSD__)&&!(B115200)&&!(B230400)&&!(B460800)&&(B921600)&&!(B921600>65535)&&!(B1152000)&&(B1000000)&&!(B1000000>65535)&&!(B2000000)&&!(B3000000)&&(B4000000)&&!(B4000000>65535)||!(__FreeBSD__)&&!(B115200)&&!(B230400)&&!(B460800)&&(B921600)&&!(B921600>65535)&&!(B1152000)&&(B1000000)&&!(B1000000>65535)&&!(B2000000)&&(B3000000)&&!(B3000000>65535)&&!(B4000000)||!(__FreeBSD__)&&!(B115200)&&!(B230400)&&!(B460800)&&(B921600)&&!(B921600>65535)&&!(B1152000)&&(B1000000)&&!(B1000000>65535)&&!(B2000000)&&(B3000000)&&!(B3000000>65535)&&(B4000000)&&!(B4000000>65535)||!(__FreeBSD__)&&!(B115200)&&!(B230400)&&!(B460800)&&(B921600)&&!(B921600>65535)&&!(B1152000)&&(B1000000)&&!(B1000000>65535)&&(B2000000)&&!(B2000000>65535)&&!(B3000000)&&!(B4000000)||!(__FreeBSD__)&&!(B115200)&&!(B230400)&&!(B460800)&&(B921600)&&!(B921600>65535)&&!(B1152000)&&(B1000000)&&!(B1000000>65535)&&(B2000000)&&!(B2000000>65535)&&!(B3000000)&&(B4000000)&&!(B4000000>65535)||!(__FreeBSD__)&&!(B115200)&&!(B230400)&&!(B460800)&&(B921600)&&!(B921600>65535)&&!(B1152000)&&(B1000000)&&!(B1000000>65535)&&(B2000000)&&!(B2000000>65535)&&(B3000000)&&!(B3000000>65535)&&!(B4000000)||!(__FreeBSD__)&&!(B115200)&&!(B230400)&&!(B460800)&&(B921600)&&!(B921600>65535)&&!(B1152000)&&(B1000000)&&!(B1000000>65535)&&(B2000000)&&!(B2000000>65535)&&(B3000000)&&!(B3000000>65535)&&(B4000000)&&!(B4000000>65535)||!(__FreeBSD__)&&!(B115200)&&!(B230400)&&!(B460800)&&(B921600)&&!(B921600>65535)&&(B1152000)&&!(B1152000>65535)&&!(B1000000)&&!(B2000000)&&!(B3000000)&&!(B4000000)||!(__FreeBSD__)&&!(B115200)&&!(B230400)&&!(B460800)&&(B921600)&&!(B921600>65535)&&(B1152000)&&!(B1152000>65535)&&!(B1000000)&&!(B2000000)&&!(B3000000)&&(B4000000)&&!(B4000000>65535)||!(__FreeBSD__)&&!(B115200)&&!(B230400)&&!(B460800)&&(B921600)&&!(B921600>65535)&&(B1152000)&&!(B1152000>65535)&&!(B1000000)&&!(B2000000)&&(B3000000)&&!(B3000000>65535)&&!(B4000000)||!(__FreeBSD__)&&!(B115200)&&!(B230400)&&!(B460800)&&(B921600)&&!(B921600>65535)&&(B1152000)&&!(B1152000>65535)&&!(B1000000)&&!(B2000000)&&(B3000000)&&!(B3000000>65535)&&(B4000000)&&!(B4000000>65535)||!(__FreeBSD__)&&!(B115200)&&!(B230400)&&!(B460800)&&(B921600)&&!(B921600>65535)&&(B1152000)&&!(B1152000>65535)&&!(B1000000)&&(B2000000)&&!(B2000000>65535)&&!(B3000000)&&!(B4000000)||!(__FreeBSD__)&&!(B115200)&&!(B230400)&&!(B460800)&&(B921600)&&!(B921600>65535)&&(B1152000)&&!(B1152000>65535)&&!(B1000000)&&(B2000000)&&!(B2000000>65535)&&!(B3000000)&&(B4000000)&&!(B4000000>65535)||!(__FreeBSD__)&&!(B115200)&&!(B230400)&&!(B460800)&&(B921600)&&!(B921600>65535)&&(B1152000)&&!(B1152000>65535)&&!(B1000000)&&(B2000000)&&!(B2000000>65535)&&(B3000000)&&!(B3000000>65535)&&!(B4000000)||!(__FreeBSD__)&&!(B115200)&&!(B230400)&&!(B460800)&&(B921600)&&!(B921600>65535)&&(B1152000)&&!(B1152000>65535)&&!(B1000000)&&(B2000000)&&!(B2000000>65535)&&(B3000000)&&!(B3000000>65535)&&(B4000000)&&!(B4000000>65535)||!(__FreeBSD__)&&!(B115200)&&!(B230400)&&!(B460800)&&(B921600)&&!(B921600>65535)&&(B1152000)&&!(B1152000>65535)&&(B1000000)&&!(B1000000>65535)&&!(B2000000)&&!(B3000000)&&!(B4000000)||!(__FreeBSD__)&&!(B115200)&&!(B230400)&&!(B460800)&&(B921600)&&!(B921600>65535)&&(B1152000)&&!(B1152000>65535)&&(B1000000)&&!(B1000000>65535)&&!(B2000000)&&!(B3000000)&&(B4000000)&&!(B4000000>65535)||!(__FreeBSD__)&&!(B115200)&&!(B230400)&&!(B460800)&&(B921600)&&!(B921600>65535)&&(B1152000)&&!(B1152000>65535)&&(B1000000)&&!(B1000000>65535)&&!(B2000000)&&(B3000000)&&!(B3000000>65535)&&!(B4000000)||!(__FreeBSD__)&&!(B115200)&&!(B230400)&&!(B460800)&&(B921600)&&!(B921600>65535)&&(B1152000)&&!(B1152000>65535)&&(B1000000)&&!(B1000000>65535)&&!(B2000000)&&(B3000000)&&!(B3000000>65535)&&(B4000000)&&!(B4000000>65535)||!(__FreeBSD__)&&!(B115200)&&!(B230400)&&!(B460800)&&(B921600)&&!(B921600>65535)&&(B1152000)&&!(B1152000>65535)&&(B1000000)&&!(B1000000>65535)&&(B2000000)&&!(B2000000>65535)&&!(B3000000)&&!(B4000000)||!(__FreeBSD__)&&!(B115200)&&!(B230400)&&!(B460800)&&(B921600)&&!(B921600>65535)&&(B1152000)&&!(B1152000>65535)&&(B1000000)&&!(B1000000>65535)&&(B2000000)&&!(B2000000>65535)&&!(B3000000)&&(B4000000)&&!(B4000000>65535)||!(__FreeBSD__)&&!(B115200)&&!(B230400)&&!(B460800)&&(B921600)&&!(B921600>65535)&&(B1152000)&&!(B1152000>65535)&&(B1000000)&&!(B1000000>65535)&&(B2000000)&&!(B2000000>65535)&&(B3000000)&&!(B3000000>65535)&&!(B4000000)||!(__FreeBSD__)&&!(B115200)&&!(B230400)&&!(B460800)&&(B921600)&&!(B921600>65535)&&(B1152000)&&!(B1152000>65535)&&(B1000000)&&!(B1000000>65535)&&(B2000000)&&!(B2000000>65535)&&(B3000000)&&!(B3000000>65535)&&(B4000000)&&!(B4000000>65535)||!(__FreeBSD__)&&!(B115200)&&!(B230400)&&(B460800)&&!(B460800>65535)&&!(B921600)&&!(B1152000)&&!(B1000000)&&!(B2000000)&&!(B3000000)&&!(B4000000)||!(__FreeBSD__)&&!(B115200)&&!(B230400)&&(B460800)&&!(B460800>65535)&&!(B921600)&&!(B1152000)&&!(B1000000)&&!(B2000000)&&!(B3000000)&&(B4000000)&&!(B4000000>65535)||!(__FreeBSD__)&&!(B115200)&&!(B230400)&&(B460800)&&!(B460800>65535)&&!(B921600)&&!(B1152000)&&!(B1000000)&&!(B2000000)&&(B3000000)&&!(B3000000>65535)&&!(B4000000)||!(__FreeBSD__)&&!(B115200)&&!(B230400)&&(B460800)&&!(B460800>65535)&&!(B921600)&&!(B1152000)&&!(B1000000)&&!(B2000000)&&(B3000000)&&!(B3000000>65535)&&(B4000000)&&!(B4000000>65535)||!(__FreeBSD__)&&!(B115200)&&!(B230400)&&(B460800)&&!(B460800>65535)&&!(B921600)&&!(B1152000)&&!(B1000000)&&(B2000000)&&!(B2000000>65535)&&!(B3000000)&&!(B4000000)||!(__FreeBSD__)&&!(B115200)&&!(B230400)&&(B460800)&&!(B460800>65535)&&!(B921600)&&!(B1152000)&&!(B1000000)&&(B2000000)&&!(B2000000>65535)&&!(B3000000)&&(B4000000)&&!(B4000000>65535)||!(__FreeBSD__)&&!(B115200)&&!(B230400)&&(B460800)&&!(B460800>65535)&&!(B921600)&&!(B1152000)&&!(B1000000)&&(B2000000)&&!(B2000000>65535)&&(B3000000)&&!(B3000000>65535)&&!(B4000000)||!(__FreeBSD__)&&!(B115200)&&!(B230400)&&(B460800)&&!(B460800>65535)&&!(B921600)&&!(B1152000)&&!(B1000000)&&(B2000000)&&!(B2000000>65535)&&(B3000000)&&!(B3000000>65535)&&(B4000000)&&!(B4000000>65535)||!(__FreeBSD__)&&!(B115200)&&!(B230400)&&(B460800)&&!(B460800>65535)&&!(B921600)&&!(B1152000)&&(B1000000)&&!(B1000000>65535)&&!(B2000000)&&!(B3000000)&&!(B4000000)||!(__FreeBSD__)&&!(B115200)&&!(B230400)&&(B460800)&&!(B460800>65535)&&!(B921600)&&!(B1152000)&&(B1000000)&&!(B1000000>65535)&&!(B2000000)&&!(B3000000)&&(B4000000)&&!(B4000000>65535)||!(__FreeBSD__)&&!(B115200)&&!(B230400)&&(B460800)&&!(B460800>65535)&&!(B921600)&&!(B1152000)&&(B1000000)&&!(B1000000>65535)&&!(B2000000)&&(B3000000)&&!(B3000000>65535)&&!(B4000000)||!(__FreeBSD__)&&!(B115200)&&!(B230400)&&(B460800)&&!(B460800>65535)&&!(B921600)&&!(B1152000)&&(B1000000)&&!(B1000000>65535)&&!(B2000000)&&(B3000000)&&!(B3000000>65535)&&(B4000000)&&!(B4000000>65535)||!(__FreeBSD__)&&!(B115200)&&!(B230400)&&(B460800)&&!(B460800>65535)&&!(B921600)&&!(B1152000)&&(B1000000)&&!(B1000000>65535)&&(B2000000)&&!(B2000000>65535)&&!(B3000000)&&!(B4000000)||!(__FreeBSD__)&&!(B115200)&&!(B230400)&&(B460800)&&!(B460800>65535)&&!(B921600)&&!(B1152000)&&(B1000000)&&!(B1000000>65535)&&(B2000000)&&!(B2000000>65535)&&!(B3000000)&&(B4000000)&&!(B4000000>65535)||!(__FreeBSD__)&&!(B115200)&&!(B230400)&&(B460800)&&!(B460800>65535)&&!(B921600)&&!(B1152000)&&(B1000000)&&!(B1000000>65535)&&(B2000000)&&!(B2000000>65535)&&(B3000000)&&!(B3000000>65535)&&!(B4000000)||!(__FreeBSD__)&&!(B115200)&&!(B230400)&&(B460800)&&!(B460800>65535)&&!(B921600)&&!(B1152000)&&(B1000000)&&!(B1000000>65535)&&(B2000000)&&!(B2000000>65535)&&(B3000000)&&!(B3000000>65535)&&(B4000000)&&!(B4000000>65535)||!(__FreeBSD__)&&!(B115200)&&!(B230400)&&(B460800)&&!(B460800>65535)&&!(B921600)&&(B1152000)&&!(B1152000>65535)&&!(B1000000)&&!(B2000000)&&!(B3000000)&&!(B4000000)||!(__FreeBSD__)&&!(B115200)&&!(B230400)&&(B460800)&&!(B460800>65535)&&!(B921600)&&(B1152000)&&!(B1152000>65535)&&!(B1000000)&&!(B2000000)&&!(B3000000)&&(B4000000)&&!(B4000000>65535)||!(__FreeBSD__)&&!(B115200)&&!(B230400)&&(B460800)&&!(B460800>65535)&&!(B921600)&&(B1152000)&&!(B1152000>65535)&&!(B1000000)&&!(B2000000)&&(B3000000)&&!(B3000000>65535)&&!(B4000000)||!(__FreeBSD__)&&!(B115200)&&!(B230400)&&(B460800)&&!(B460800>65535)&&!(B921600)&&(B1152000)&&!(B1152000>65535)&&!(B1000000)&&!(B2000000)&&(B3000000)&&!(B3000000>65535)&&(B4000000)&&!(B4000000>65535)||!(__FreeBSD__)&&!(B115200)&&!(B230400)&&(B460800)&&!(B460800>65535)&&!(B921600)&&(B1152000)&&!(B1152000>65535)&&!(B1000000)&&(B2000000)&&!(B2000000>65535)&&!(B3000000)&&!(B4000000)||!(__FreeBSD__)&&!(B115200)&&!(B230400)&&(B460800)&&!(B460800>65535)&&!(B921600)&&(B1152000)&&!(B1152000>65535)&&!(B1000000)&&(B2000000)&&!(B2000000>65535)&&!(B3000000)&&(B4000000)&&!(B4000000>65535)||!(__FreeBSD__)&&!(B115200)&&!(B230400)&&(B460800)&&!(B460800>65535)&&!(B921600)&&(B1152000)&&!(B1152000>65535)&&!(B1000000)&&(B2000000)&&!(B2000000>65535)&&(B3000000)&&!(B3000000>65535)&&!(B4000000)||!(__FreeBSD__)&&!(B115200)&&!(B230400)&&(B460800)&&!(B460800>65535)&&!(B921600)&&(B1152000)&&!(B1152000>65535)&&!(B1000000)&&(B2000000)&&!(B2000000>65535)&&(B3000000)&&!(B3000000>65535)&&(B4000000)&&!(B4000000>65535)||!(__FreeBSD__)&&!(B115200)&&!(B230400)&&(B460800)&&!(B460800>65535)&&!(B921600)&&(B1152000)&&!(B1152000>65535)&&(B1000000)&&!(B1000000>65535)&&!(B2000000)&&!(B3000000)&&!(B4000000)||!(__FreeBSD__)&&!(B115200)&&!(B230400)&&(B460800)&&!(B460800>65535)&&!(B921600)&&(B1152000)&&!(B1152000>65535)&&(B1000000)&&!(B1000000>65535)&&!(B2000000)&&!(B3000000)&&(B4000000)&&!(B4000000>65535)||!(__FreeBSD__)&&!(B115200)&&!(B230400)&&(B460800)&&!(B460800>65535)&&!(B921600)&&(B1152000)&&!(B1152000>65535)&&(B1000000)&&!(B1000000>65535)&&!(B2000000)&&(B3000000)&&!(B3000000>65535)&&!(B4000000)||!(__FreeBSD__)&&!(B115200)&&!(B230400)&&(B460800)&&!(B460800>65535)&&!(B921600)&&(B1152000)&&!(B1152000>65535)&&(B1000000)&&!(B1000000>65535)&&!(B2000000)&&(B3000000)&&!(B3000000>65535)&&(B4000000)&&!(B4000000>65535)||!(__FreeBSD__)&&!(B115200)&&!(B230400)&&(B460800)&&!(B460800>65535)&&!(B921600)&&(B1152000)&&!(B1152000>65535)&&(B1000000)&&!(B1000000>65535)&&(B2000000)&&!(B2000000>65535)&&!(B3000000)&&!(B4000000)||!(__FreeBSD__)&&!(B115200)&&!(B230400)&&(B460800)&&!(B460800>65535)&&!(B921600)&&(B1152000)&&!(B1152000>65535)&&(B1000000)&&!(B1000000>65535)&&(B2000000)&&!(B2000000>65535)&&!(B3000000)&&(B4000000)&&!(B4000000>65535)||!(__FreeBSD__)&&!(B115200)&&!(B230400)&&(B460800)&&!(B460800>65535)&&!(B921600)&&(B1152000)&&!(B1152000>65535)&&(B1000000)&&!(B1000000>65535)&&(B2000000)&&!(B2000000>65535)&&(B3000000)&&!(B3000000>65535)&&!(B4000000)||!(__FreeBSD__)&&!(B115200)&&!(B230400)&&(B460800)&&!(B460800>65535)&&!(B921600)&&(B1152000)&&!(B1152000>65535)&&(B1000000)&&!(B1000000>65535)&&(B2000000)&&!(B2000000>65535)&&(B3000000)&&!(B3000000>65535)&&(B4000000)&&!(B4000000>65535)||!(__FreeBSD__)&&!(B115200)&&!(B230400)&&(B460800)&&!(B460800>65535)&&(B921600)&&!(B921600>65535)&&!(B1152000)&&!(B1000000)&&!(B2000000)&&!(B3000000)&&!(B4000000)||!(__FreeBSD__)&&!(B115200)&&!(B230400)&&(B460800)&&!(B460800>65535)&&(B921600)&&!(B921600>65535)&&!(B1152000)&&!(B1000000)&&!(B2000000)&&!(B3000000)&&(B4000000)&&!(B4000000>65535)||!(__FreeBSD__)&&!(B115200)&&!(B230400)&&(B460800)&&!(B460800>65535)&&(B921600)&&!(B921600>65535)&&!(B1152000)&&!(B1000000)&&!(B2000000)&&(B3000000)&&!(B3000000>65535)&&!(B4000000)||!(__FreeBSD__)&&!(B115200)&&!(B230400)&&(B460800)&&!(B460800>65535)&&(B921600)&&!(B921600>65535)&&!(B1152000)&&!(B1000000)&&!(B2000000)&&(B3000000)&&!(B3000000>65535)&&(B4000000)&&!(B4000000>65535)||!(__FreeBSD__)&&!(B115200)&&!(B230400)&&(B460800)&&!(B460800>65535)&&(B921600)&&!(B921600>65535)&&!(B1152000)&&!(B1000000)&&(B2000000)&&!(B2000000>65535)&&!(B3000000)&&!(B4000000)||!(__FreeBSD__)&&!(B115200)&&!(B230400)&&(B460800)&&!(B460800>65535)&&(B921600)&&!(B921600>65535)&&!(B1152000)&&!(B1000000)&&(B2000000)&&!(B2000000>65535)&&!(B3000000)&&(B4000000)&&!(B4000000>65535)||!(__FreeBSD__)&&!(B115200)&&!(B230400)&&(B460800)&&!(B460800>65535)&&(B921600)&&!(B921600>65535)&&!(B1152000)&&!(B1000000)&&(B2000000)&&!(B2000000>65535)&&(B3000000)&&!(B3000000>65535)&&!(B4000000)||!(__FreeBSD__)&&!(B115200)&&!(B230400)&&(B460800)&&!(B460800>65535)&&(B921600)&&!(B921600>65535)&&!(B1152000)&&!(B1000000)&&(B2000000)&&!(B2000000>65535)&&(B3000000)&&!(B3000000>65535)&&(B4000000)&&!(B4000000>65535)||!(__FreeBSD__)&&!(B115200)&&!(B230400)&&(B460800)&&!(B460800>65535)&&(B921600)&&!(B921600>65535)&&!(B1152000)&&(B1000000)&&!(B1000000>65535)&&!(B2000000)&&!(B3000000)&&!(B4000000)||!(__FreeBSD__)&&!(B115200)&&!(B230400)&&(B460800)&&!(B460800>65535)&&(B921600)&&!(B921600>65535)&&!(B1152000)&&(B1000000)&&!(B1000000>65535)&&!(B2000000)&&!(B3000000)&&(B4000000)&&!(B4000000>65535)||!(__FreeBSD__)&&!(B115200)&&!(B230400)&&(B460800)&&!(B460800>65535)&&(B921600)&&!(B921600>65535)&&!(B1152000)&&(B1000000)&&!(B1000000>65535)&&!(B2000000)&&(B3000000)&&!(B3000000>65535)&&!(B4000000)||!(__FreeBSD__)&&!(B115200)&&!(B230400)&&(B460800)&&!(B460800>65535)&&(B921600)&&!(B921600>65535)&&!(B1152000)&&(B1000000)&&!(B1000000>65535)&&!(B2000000)&&(B3000000)&&!(B3000000>65535)&&(B4000000)&&!(B4000000>65535)||!(__FreeBSD__)&&!(B115200)&&!(B230400)&&(B460800)&&!(B460800>65535)&&(B921600)&&!(B921600>65535)&&!(B1152000)&&(B1000000)&&!(B1000000>65535)&&(B2000000)&&!(B2000000>65535)&&!(B3000000)&&!(B4000000)||!(__FreeBSD__)&&!(B115200)&&!(B230400)&&(B460800)&&!(B460800>65535)&&(B921600)&&!(B921600>65535)&&!(B1152000)&&(B1000000)&&!(B1000000>65535)&&(B2000000)&&!(B2000000>65535)&&!(B3000000)&&(B4000000)&&!(B4000000>65535)||!(__FreeBSD__)&&!(B115200)&&!(B230400)&&(B460800)&&!(B460800>65535)&&(B921600)&&!(B921600>65535)&&!(B1152000)&&(B1000000)&&!(B1000000>65535)&&(B2000000)&&!(B2000000>65535)&&(B3000000)&&!(B3000000>65535)&&!(B4000000)||!(__FreeBSD__)&&!(B115200)&&!(B230400)&&(B460800)&&!(B460800>65535)&&(B921600)&&!(B921600>65535)&&!(B1152000)&&(B1000000)&&!(B1000000>65535)&&(B2000000)&&!(B2000000>65535)&&(B3000000)&&!(B3000000>65535)&&(B4000000)&&!(B4000000>65535)||!(__FreeBSD__)&&!(B115200)&&!(B230400)&&(B460800)&&!(B460800>65535)&&(B921600)&&!(B921600>65535)&&(B1152000)&&!(B1152000>65535)&&!(B1000000)&&!(B2000000)&&!(B3000000)&&!(B4000000)||!(__FreeBSD__)&&!(B115200)&&!(B230400)&&(B460800)&&!(B460800>65535)&&(B921600)&&!(B921600>65535)&&(B1152000)&&!(B1152000>65535)&&!(B1000000)&&!(B2000000)&&!(B3000000)&&(B4000000)&&!(B4000000>65535)||!(__FreeBSD__)&&!(B115200)&&!(B230400)&&(B460800)&&!(B460800>65535)&&(B921600)&&!(B921600>65535)&&(B1152000)&&!(B1152000>65535)&&!(B1000000)&&!(B2000000)&&(B3000000)&&!(B3000000>65535)&&!(B4000000)||!(__FreeBSD__)&&!(B115200)&&!(B230400)&&(B460800)&&!(B460800>65535)&&(B921600)&&!(B921600>65535)&&(B1152000)&&!(B1152000>65535)&&!(B1000000)&&!(B2000000)&&(B3000000)&&!(B3000000>65535)&&(B4000000)&&!(B4000000>65535)||!(__FreeBSD__)&&!(B115200)&&!(B230400)&&(B460800)&&!(B460800>65535)&&(B921600)&&!(B921600>65535)&&(B1152000)&&!(B1152000>65535)&&!(B1000000)&&(B2000000)&&!(B2000000>65535)&&!(B3000000)&&!(B4000000)||!(__FreeBSD__)&&!(B115200)&&!(B230400)&&(B460800)&&!(B460800>65535)&&(B921600)&&!(B921600>65535)&&(B1152000)&&!(B1152000>65535)&&!(B1000000)&&(B2000000)&&!(B2000000>65535)&&!(B3000000)&&(B4000000)&&!(B4000000>65535)||!(__FreeBSD__)&&!(B115200)&&!(B230400)&&(B460800)&&!(B460800>65535)&&(B921600)&&!(B921600>65535)&&(B1152000)&&!(B1152000>65535)&&!(B1000000)&&(B2000000)&&!(B2000000>65535)&&(B3000000)&&!(B3000000>65535)&&!(B4000000)||!(__FreeBSD__)&&!(B115200)&&!(B230400)&&(B460800)&&!(B460800>65535)&&(B921600)&&!(B921600>65535)&&(B1152000)&&!(B1152000>65535)&&!(B1000000)&&(B2000000)&&!(B2000000>65535)&&(B3000000)&&!(B3000000>65535)&&(B4000000)&&!(B4000000>65535)||!(__FreeBSD__)&&!(B115200)&&!(B230400)&&(B460800)&&!(B460800>65535)&&(B921600)&&!(B921600>65535)&&(B1152000)&&!(B1152000>65535)&&(B1000000)&&!(B1000000>65535)&&!(B2000000)&&!(B3000000)&&!(B4000000)||!(__FreeBSD__)&&!(B115200)&&!(B230400)&&(B460800)&&!(B460800>65535)&&(B921600)&&!(B921600>65535)&&(B1152000)&&!(B1152000>65535)&&(B1000000)&&!(B1000000>65535)&&!(B2000000)&&!(B3000000)&&(B4000000)&&!(B4000000>65535)||!(__FreeBSD__)&&!(B115200)&&!(B230400)&&(B460800)&&!(B460800>65535)&&(B921600)&&!(B921600>65535)&&(B1152000)&&!(B1152000>65535)&&(B1000000)&&!(B1000000>65535)&&!(B2000000)&&(B3000000)&&!(B3000000>65535)&&!(B4000000)||!(__FreeBSD__)&&!(B115200)&&!(B230400)&&(B460800)&&!(B460800>65535)&&(B921600)&&!(B921600>65535)&&(B1152000)&&!(B1152000>65535)&&(B1000000)&&!(B1000000>65535)&&!(B2000000)&&(B3000000)&&!(B3000000>65535)&&(B4000000)&&!(B4000000>65535)||!(__FreeBSD__)&&!(B115200)&&!(B230400)&&(B460800)&&!(B460800>65535)&&(B921600)&&!(B921600>65535)&&(B1152000)&&!(B1152000>65535)&&(B1000000)&&!(B1000000>65535)&&(B2000000)&&!(B2000000>65535)&&!(B3000000)&&!(B4000000)||!(__FreeBSD__)&&!(B115200)&&!(B230400)&&(B460800)&&!(B460800>65535)&&(B921600)&&!(B921600>65535)&&(B1152000)&&!(B1152000>65535)&&(B1000000)&&!(B1000000>65535)&&(B2000000)&&!(B2000000>65535)&&!(B3000000)&&(B4000000)&&!(B4000000>65535)||!(__FreeBSD__)&&!(B115200)&&!(B230400)&&(B460800)&&!(B460800>65535)&&(B921600)&&!(B921600>65535)&&(B1152000)&&!(B1152000>65535)&&(B1000000)&&!(B1000000>65535)&&(B2000000)&&!(B2000000>65535)&&(B3000000)&&!(B3000000>65535)&&!(B4000000)||!(__FreeBSD__)&&!(B115200)&&!(B230400)&&(B460800)&&!(B460800>65535)&&(B921600)&&!(B921600>65535)&&(B1152000)&&!(B1152000>65535)&&(B1000000)&&!(B1000000>65535)&&(B2000000)&&!(B2000000>65535)&&(B3000000)&&!(B3000000>65535)&&(B4000000)&&!(B4000000>65535)||!(__FreeBSD__)&&!(B115200)&&(B230400)&&!(B230400>65535)&&!(B460800)&&!(B921600)&&!(B1152000)&&!(B1000000)&&!(B2000000)&&!(B3000000)&&!(B4000000)||!(__FreeBSD__)&&!(B115200)&&(B230400)&&!(B230400>65535)&&!(B460800)&&!(B921600)&&!(B1152000)&&!(B1000000)&&!(B2000000)&&!(B3000000)&&(B4000000)&&!(B4000000>65535)||!(__FreeBSD__)&&!(B115200)&&(B230400)&&!(B230400>65535)&&!(B460800)&&!(B921600)&&!(B1152000)&&!(B1000000)&&!(B2000000)&&(B3000000)&&!(B3000000>65535)&&!(B4000000)||!(__FreeBSD__)&&!(B115200)&&(B230400)&&!(B230400>65535)&&!(B460800)&&!(B921600)&&!(B1152000)&&!(B1000000)&&!(B2000000)&&(B3000000)&&!(B3000000>65535)&&(B4000000)&&!(B4000000>65535)||!(__FreeBSD__)&&!(B115200)&&(B230400)&&!(B230400>65535)&&!(B460800)&&!(B921600)&&!(B1152000)&&!(B1000000)&&(B2000000)&&!(B2000000>65535)&&!(B3000000)&&!(B4000000)||!(__FreeBSD__)&&!(B115200)&&(B230400)&&!(B230400>65535)&&!(B460800)&&!(B921600)&&!(B1152000)&&!(B1000000)&&(B2000000)&&!(B2000000>65535)&&!(B3000000)&&(B4000000)&&!(B4000000>65535)||!(__FreeBSD__)&&!(B115200)&&(B230400)&&!(B230400>65535)&&!(B460800)&&!(B921600)&&!(B1152000)&&!(B1000000)&&(B2000000)&&!(B2000000>65535)&&(B3000000)&&!(B3000000>65535)&&!(B4000000)||!(__FreeBSD__)&&!(B115200)&&(B230400)&&!(B230400>65535)&&!(B460800)&&!(B921600)&&!(B1152000)&&!(B1000000)&&(B2000000)&&!(B2000000>65535)&&(B3000000)&&!(B3000000>65535)&&(B4000000)&&!(B4000000>65535)||!(__FreeBSD__)&&!(B115200)&&(B230400)&&!(B230400>65535)&&!(B460800)&&!(B921600)&&!(B1152000)&&(B1000000)&&!(B1000000>65535)&&!(B2000000)&&!(B3000000)&&!(B4000000)||!(__FreeBSD__)&&!(B115200)&&(B230400)&&!(B230400>65535)&&!(B460800)&&!(B921600)&&!(B1152000)&&(B1000000)&&!(B1000000>65535)&&!(B2000000)&&!(B3000000)&&(B4000000)&&!(B4000000>65535)||!(__FreeBSD__)&&!(B115200)&&(B230400)&&!(B230400>65535)&&!(B460800)&&!(B921600)&&!(B1152000)&&(B1000000)&&!(B1000000>65535)&&!(B2000000)&&(B3000000)&&!(B3000000>65535)&&!(B4000000)||!(__FreeBSD__)&&!(B115200)&&(B230400)&&!(B230400>65535)&&!(B460800)&&!(B921600)&&!(B1152000)&&(B1000000)&&!(B1000000>65535)&&!(B2000000)&&(B3000000)&&!(B3000000>65535)&&(B4000000)&&!(B4000000>65535)||!(__FreeBSD__)&&!(B115200)&&(B230400)&&!(B230400>65535)&&!(B460800)&&!(B921600)&&!(B1152000)&&(B1000000)&&!(B1000000>65535)&&(B2000000)&&!(B2000000>65535)&&!(B3000000)&&!(B4000000)||!(__FreeBSD__)&&!(B115200)&&(B230400)&&!(B230400>65535)&&!(B460800)&&!(B921600)&&!(B1152000)&&(B1000000)&&!(B1000000>65535)&&(B2000000)&&!(B2000000>65535)&&!(B3000000)&&(B4000000)&&!(B4000000>65535)||!(__FreeBSD__)&&!(B115200)&&(B230400)&&!(B230400>65535)&&!(B460800)&&!(B921600)&&!(B1152000)&&(B1000000)&&!(B1000000>65535)&&(B2000000)&&!(B2000000>65535)&&(B3000000)&&!(B3000000>65535)&&!(B4000000)||!(__FreeBSD__)&&!(B115200)&&(B230400)&&!(B230400>65535)&&!(B460800)&&!(B921600)&&!(B1152000)&&(B1000000)&&!(B1000000>65535)&&(B2000000)&&!(B2000000>65535)&&(B3000000)&&!(B3000000>65535)&&(B4000000)&&!(B4000000>65535)||!(__FreeBSD__)&&!(B115200)&&(B230400)&&!(B230400>65535)&&!(B460800)&&!(B921600)&&(B1152000)&&!(B1152000>65535)&&!(B1000000)&&!(B2000000)&&!(B3000000)&&!(B4000000)||!(__FreeBSD__)&&!(B115200)&&(B230400)&&!(B230400>65535)&&!(B460800)&&!(B921600)&&(B1152000)&&!(B1152000>65535)&&!(B1000000)&&!(B2000000)&&!(B3000000)&&(B4000000)&&!(B4000000>65535)||!(__FreeBSD__)&&!(B115200)&&(B230400)&&!(B230400>65535)&&!(B460800)&&!(B921600)&&(B1152000)&&!(B1152000>65535)&&!(B1000000)&&!(B2000000)&&(B3000000)&&!(B3000000>65535)&&!(B4000000)||!(__FreeBSD__)&&!(B115200)&&(B230400)&&!(B230400>65535)&&!(B460800)&&!(B921600)&&(B1152000)&&!(B1152000>65535)&&!(B1000000)&&!(B2000000)&&(B3000000)&&!(B3000000>65535)&&(B4000000)&&!(B4000000>65535)||!(__FreeBSD__)&&!(B115200)&&(B230400)&&!(B230400>65535)&&!(B460800)&&!(B921600)&&(B1152000)&&!(B1152000>65535)&&!(B1000000)&&(B2000000)&&!(B2000000>65535)&&!(B3000000)&&!(B4000000)||!(__FreeBSD__)&&!(B115200)&&(B230400)&&!(B230400>65535)&&!(B460800)&&!(B921600)&&(B1152000)&&!(B1152000>65535)&&!(B1000000)&&(B2000000)&&!(B2000000>65535)&&!(B3000000)&&(B4000000)&&!(B4000000>65535)||!(__FreeBSD__)&&!(B115200)&&(B230400)&&!(B230400>65535)&&!(B460800)&&!(B921600)&&(B1152000)&&!(B1152000>65535)&&!(B1000000)&&(B2000000)&&!(B2000000>65535)&&(B3000000)&&!(B3000000>65535)&&!(B4000000)||!(__FreeBSD__)&&!(B115200)&&(B230400)&&!(B230400>65535)&&!(B460800)&&!(B921600)&&(B1152000)&&!(B1152000>65535)&&!(B1000000)&&(B2000000)&&!(B2000000>65535)&&(B3000000)&&!(B3000000>65535)&&(B4000000)&&!(B4000000>65535)||!(__FreeBSD__)&&!(B115200)&&(B230400)&&!(B230400>65535)&&!(B460800)&&!(B921600)&&(B1152000)&&!(B1152000>65535)&&(B1000000)&&!(B1000000>65535)&&!(B2000000)&&!(B3000000)&&!(B4000000)||!(__FreeBSD__)&&!(B115200)&&(B230400)&&!(B230400>65535)&&!(B460800)&&!(B921600)&&(B1152000)&&!(B1152000>65535)&&(B1000000)&&!(B1000000>65535)&&!(B2000000)&&!(B3000000)&&(B4000000)&&!(B4000000>65535)||!(__FreeBSD__)&&!(B115200)&&(B230400)&&!(B230400>65535)&&!(B460800)&&!(B921600)&&(B1152000)&&!(B1152000>65535)&&(B1000000)&&!(B1000000>65535)&&!(B2000000)&&(B3000000)&&!(B3000000>65535)&&!(B4000000)||!(__FreeBSD__)&&!(B115200)&&(B230400)&&!(B230400>65535)&&!(B460800)&&!(B921600)&&(B1152000)&&!(B1152000>65535)&&(B1000000)&&!(B1000000>65535)&&!(B2000000)&&(B3000000)&&!(B3000000>65535)&&(B4000000)&&!(B4000000>65535)||!(__FreeBSD__)&&!(B115200)&&(B230400)&&!(B230400>65535)&&!(B460800)&&!(B921600)&&(B1152000)&&!(B1152000>65535)&&(B1000000)&&!(B1000000>65535)&&(B2000000)&&!(B2000000>65535)&&!(B3000000)&&!(B4000000)||!(__FreeBSD__)&&!(B115200)&&(B230400)&&!(B230400>65535)&&!(B460800)&&!(B921600)&&(B1152000)&&!(B1152000>65535)&&(B1000000)&&!(B1000000>65535)&&(B2000000)&&!(B2000000>65535)&&!(B3000000)&&(B4000000)&&!(B4000000>65535)||!(__FreeBSD__)&&!(B115200)&&(B230400)&&!(B230400>65535)&&!(B460800)&&!(B921600)&&(B1152000)&&!(B1152000>65535)&&(B1000000)&&!(B1000000>65535)&&(B2000000)&&!(B2000000>65535)&&(B3000000)&&!(B3000000>65535)&&!(B4000000)||!(__FreeBSD__)&&!(B115200)&&(B230400)&&!(B230400>65535)&&!(B460800)&&!(B921600)&&(B1152000)&&!(B1152000>65535)&&(B1000000)&&!(B1000000>65535)&&(B2000000)&&!(B2000000>65535)&&(B3000000)&&!(B3000000>65535)&&(B4000000)&&!(B4000000>65535)||!(__FreeBSD__)&&!(B115200)&&(B230400)&&!(B230400>65535)&&!(B460800)&&(B921600)&&!(B921600>65535)&&!(B1152000)&&!(B1000000)&&!(B2000000)&&!(B3000000)&&!(B4000000)||!(__FreeBSD__)&&!(B115200)&&(B230400)&&!(B230400>65535)&&!(B460800)&&(B921600)&&!(B921600>65535)&&!(B1152000)&&!(B1000000)&&!(B2000000)&&!(B3000000)&&(B4000000)&&!(B4000000>65535)||!(__FreeBSD__)&&!(B115200)&&(B230400)&&!(B230400>65535)&&!(B460800)&&(B921600)&&!(B921600>65535)&&!(B1152000)&&!(B1000000)&&!(B2000000)&&(B3000000)&&!(B3000000>65535)&&!(B4000000)||!(__FreeBSD__)&&!(B115200)&&(B230400)&&!(B230400>65535)&&!(B460800)&&(B921600)&&!(B921600>65535)&&!(B1152000)&&!(B1000000)&&!(B2000000)&&(B3000000)&&!(B3000000>65535)&&(B4000000)&&!(B4000000>65535)||!(__FreeBSD__)&&!(B115200)&&(B230400)&&!(B230400>65535)&&!(B460800)&&(B921600)&&!(B921600>65535)&&!(B1152000)&&!(B1000000)&&(B2000000)&&!(B2000000>65535)&&!(B3000000)&&!(B4000000)||!(__FreeBSD__)&&!(B115200)&&(B230400)&&!(B230400>65535)&&!(B460800)&&(B921600)&&!(B921600>65535)&&!(B1152000)&&!(B1000000)&&(B2000000)&&!(B2000000>65535)&&!(B3000000)&&(B4000000)&&!(B4000000>65535)||!(__FreeBSD__)&&!(B115200)&&(B230400)&&!(B230400>65535)&&!(B460800)&&(B921600)&&!(B921600>65535)&&!(B1152000)&&!(B1000000)&&(B2000000)&&!(B2000000>65535)&&(B3000000)&&!(B3000000>65535)&&!(B4000000)||!(__FreeBSD__)&&!(B115200)&&(B230400)&&!(B230400>65535)&&!(B460800)&&(B921600)&&!(B921600>65535)&&!(B1152000)&&!(B1000000)&&(B2000000)&&!(B2000000>65535)&&(B3000000)&&!(B3000000>65535)&&(B4000000)&&!(B4000000>65535)||!(__FreeBSD__)&&!(B115200)&&(B230400)&&!(B230400>65535)&&!(B460800)&&(B921600)&&!(B921600>65535)&&!(B1152000)&&(B1000000)&&!(B1000000>65535)&&!(B2000000)&&!(B3000000)&&!(B4000000)||!(__FreeBSD__)&&!(B115200)&&(B230400)&&!(B230400>65535)&&!(B460800)&&(B921600)&&!(B921600>65535)&&!(B1152000)&&(B1000000)&&!(B1000000>65535)&&!(B2000000)&&!(B3000000)&&(B4000000)&&!(B4000000>65535)||!(__FreeBSD__)&&!(B115200)&&(B230400)&&!(B230400>65535)&&!(B460800)&&(B921600)&&!(B921600>65535)&&!(B1152000)&&(B1000000)&&!(B1000000>65535)&&!(B2000000)&&(B3000000)&&!(B3000000>65535)&&!(B4000000)||!(__FreeBSD__)&&!(B115200)&&(B230400)&&!(B230400>65535)&&!(B460800)&&(B921600)&&!(B921600>65535)&&!(B1152000)&&(B1000000)&&!(B1000000>65535)&&!(B2000000)&&(B3000000)&&!(B3000000>65535)&&(B4000000)&&!(B4000000>65535)||!(__FreeBSD__)&&!(B115200)&&(B230400)&&!(B230400>65535)&&!(B460800)&&(B921600)&&!(B921600>65535)&&!(B1152000)&&(B1000000)&&!(B1000000>65535)&&(B2000000)&&!(B2000000>65535)&&!(B3000000)&&!(B4000000)||!(__FreeBSD__)&&!(B115200)&&(B230400)&&!(B230400>65535)&&!(B460800)&&(B921600)&&!(B921600>65535)&&!(B1152000)&&(B1000000)&&!(B1000000>65535)&&(B2000000)&&!(B2000000>65535)&&!(B3000000)&&(B4000000)&&!(B4000000>65535)||!(__FreeBSD__)&&!(B115200)&&(B230400)&&!(B230400>65535)&&!(B460800)&&(B921600)&&!(B921600>65535)&&!(B1152000)&&(B1000000)&&!(B1000000>65535)&&(B2000000)&&!(B2000000>65535)&&(B3000000)&&!(B3000000>65535)&&!(B4000000)||!(__FreeBSD__)&&!(B115200)&&(B230400)&&!(B230400>65535)&&!(B460800)&&(B921600)&&!(B921600>65535)&&!(B1152000)&&(B1000000)&&!(B1000000>65535)&&(B2000000)&&!(B2000000>65535)&&(B3000000)&&!(B3000000>65535)&&(B4000000)&&!(B4000000>65535)||!(__FreeBSD__)&&!(B115200)&&(B230400)&&!(B230400>65535)&&!(B460800)&&(B921600)&&!(B921600>65535)&&(B1152000)&&!(B1152000>65535)&&!(B1000000)&&!(B2000000)&&!(B3000000)&&!(B4000000)||!(__FreeBSD__)&&!(B115200)&&(B230400)&&!(B230400>65535)&&!(B460800)&&(B921600)&&!(B921600>65535)&&(B1152000)&&!(B1152000>65535)&&!(B1000000)&&!(B2000000)&&!(B3000000)&&(B4000000)&&!(B4000000>65535)||!(__FreeBSD__)&&!(B115200)&&(B230400)&&!(B230400>65535)&&!(B460800)&&(B921600)&&!(B921600>65535)&&(B1152000)&&!(B1152000>65535)&&!(B1000000)&&!(B2000000)&&(B3000000)&&!(B3000000>65535)&&!(B4000000)||!(__FreeBSD__)&&!(B115200)&&(B230400)&&!(B230400>65535)&&!(B460800)&&(B921600)&&!(B921600>65535)&&(B1152000)&&!(B1152000>65535)&&!(B1000000)&&!(B2000000)&&(B3000000)&&!(B3000000>65535)&&(B4000000)&&!(B4000000>65535)||!(__FreeBSD__)&&!(B115200)&&(B230400)&&!(B230400>65535)&&!(B460800)&&(B921600)&&!(B921600>65535)&&(B1152000)&&!(B1152000>65535)&&!(B1000000)&&(B2000000)&&!(B2000000>65535)&&!(B3000000)&&!(B4000000)||!(__FreeBSD__)&&!(B115200)&&(B230400)&&!(B230400>65535)&&!(B460800)&&(B921600)&&!(B921600>65535)&&(B1152000)&&!(B1152000>65535)&&!(B1000000)&&(B2000000)&&!(B2000000>65535)&&!(B3000000)&&(B4000000)&&!(B4000000>65535)||!(__FreeBSD__)&&!(B115200)&&(B230400)&&!(B230400>65535)&&!(B460800)&&(B921600)&&!(B921600>65535)&&(B1152000)&&!(B1152000>65535)&&!(B1000000)&&(B2000000)&&!(B2000000>65535)&&(B3000000)&&!(B3000000>65535)&&!(B4000000)||!(__FreeBSD__)&&!(B115200)&&(B230400)&&!(B230400>65535)&&!(B460800)&&(B921600)&&!(B921600>65535)&&(B1152000)&&!(B1152000>65535)&&!(B1000000)&&(B2000000)&&!(B2000000>65535)&&(B3000000)&&!(B3000000>65535)&&(B4000000)&&!(B4000000>65535)||!(__FreeBSD__)&&!(B115200)&&(B230400)&&!(B230400>65535)&&!(B460800)&&(B921600)&&!(B921600>65535)&&(B1152000)&&!(B1152000>65535)&&(B1000000)&&!(B1000000>65535)&&!(B2000000)&&!(B3000000)&&!(B4000000)||!(__FreeBSD__)&&!(B115200)&&(B230400)&&!(B230400>65535)&&!(B460800)&&(B921600)&&!(B921600>65535)&&(B1152000)&&!(B1152000>65535)&&(B1000000)&&!(B1000000>65535)&&!(B2000000)&&!(B3000000)&&(B4000000)&&!(B4000000>65535)||!(__FreeBSD__)&&!(B115200)&&(B230400)&&!(B230400>65535)&&!(B460800)&&(B921600)&&!(B921600>65535)&&(B1152000)&&!(B1152000>65535)&&(B1000000)&&!(B1000000>65535)&&!(B2000000)&&(B3000000)&&!(B3000000>65535)&&!(B4000000)||!(__FreeBSD__)&&!(B115200)&&(B230400)&&!(B230400>65535)&&!(B460800)&&(B921600)&&!(B921600>65535)&&(B1152000)&&!(B1152000>65535)&&(B1000000)&&!(B1000000>65535)&&!(B2000000)&&(B3000000)&&!(B3000000>65535)&&(B4000000)&&!(B4000000>65535)||!(__FreeBSD__)&&!(B115200)&&(B230400)&&!(B230400>65535)&&!(B460800)&&(B921600)&&!(B921600>65535)&&(B1152000)&&!(B1152000>65535)&&(B1000000)&&!(B1000000>65535)&&(B2000000)&&!(B2000000>65535)&&!(B3000000)&&!(B4000000)||!(__FreeBSD__)&&!(B115200)&&(B230400)&&!(B230400>65535)&&!(B460800)&&(B921600)&&!(B921600>65535)&&(B1152000)&&!(B1152000>65535)&&(B1000000)&&!(B1000000>65535)&&(B2000000)&&!(B2000000>65535)&&!(B3000000)&&(B4000000)&&!(B4000000>65535)||!(__FreeBSD__)&&!(B115200)&&(B230400)&&!(B230400>65535)&&!(B460800)&&(B921600)&&!(B921600>65535)&&(B1152000)&&!(B1152000>65535)&&(B1000000)&&!(B1000000>65535)&&(B2000000)&&!(B2000000>65535)&&(B3000000)&&!(B3000000>65535)&&!(B4000000)||!(__FreeBSD__)&&!(B115200)&&(B230400)&&!(B230400>65535)&&!(B460800)&&(B921600)&&!(B921600>65535)&&(B1152000)&&!(B1152000>65535)&&(B1000000)&&!(B1000000>65535)&&(B2000000)&&!(B2000000>65535)&&(B3000000)&&!(B3000000>65535)&&(B4000000)&&!(B4000000>65535)||!(__FreeBSD__)&&!(B115200)&&(B230400)&&!(B230400>65535)&&(B460800)&&!(B460800>65535)&&!(B921600)&&!(B1152000)&&!(B1000000)&&!(B2000000)&&!(B3000000)&&!(B4000000)||!(__FreeBSD__)&&!(B115200)&&(B230400)&&!(B230400>65535)&&(B460800)&&!(B460800>65535)&&!(B921600)&&!(B1152000)&&!(B1000000)&&!(B2000000)&&!(B3000000)&&(B4000000)&&!(B4000000>65535)||!(__FreeBSD__)&&!(B115200)&&(B230400)&&!(B230400>65535)&&(B460800)&&!(B460800>65535)&&!(B921600)&&!(B1152000)&&!(B1000000)&&!(B2000000)&&(B3000000)&&!(B3000000>65535)&&!(B4000000)||!(__FreeBSD__)&&!(B115200)&&(B230400)&&!(B230400>65535)&&(B460800)&&!(B460800>65535)&&!(B921600)&&!(B1152000)&&!(B1000000)&&!(B2000000)&&(B3000000)&&!(B3000000>65535)&&(B4000000)&&!(B4000000>65535)||!(__FreeBSD__)&&!(B115200)&&(B230400)&&!(B230400>65535)&&(B460800)&&!(B460800>65535)&&!(B921600)&&!(B1152000)&&!(B1000000)&&(B2000000)&&!(B2000000>65535)&&!(B3000000)&&!(B4000000)||!(__FreeBSD__)&&!(B115200)&&(B230400)&&!(B230400>65535)&&(B460800)&&!(B460800>65535)&&!(B921600)&&!(B1152000)&&!(B1000000)&&(B2000000)&&!(B2000000>65535)&&!(B3000000)&&(B4000000)&&!(B4000000>65535)||!(__FreeBSD__)&&!(B115200)&&(B230400)&&!(B230400>65535)&&(B460800)&&!(B460800>65535)&&!(B921600)&&!(B1152000)&&!(B1000000)&&(B2000000)&&!(B2000000>65535)&&(B3000000)&&!(B3000000>65535)&&!(B4000000)||!(__FreeBSD__)&&!(B115200)&&(B230400)&&!(B230400>65535)&&(B460800)&&!(B460800>65535)&&!(B921600)&&!(B1152000)&&!(B1000000)&&(B2000000)&&!(B2000000>65535)&&(B3000000)&&!(B3000000>65535)&&(B4000000)&&!(B4000000>65535)||!(__FreeBSD__)&&!(B115200)&&(B230400)&&!(B230400>65535)&&(B460800)&&!(B460800>65535)&&!(B921600)&&!(B1152000)&&(B1000000)&&!(B1000000>65535)&&!(B2000000)&&!(B3000000)&&!(B4000000)||!(__FreeBSD__)&&!(B115200)&&(B230400)&&!(B230400>65535)&&(B460800)&&!(B460800>65535)&&!(B921600)&&!(B1152000)&&(B1000000)&&!(B1000000>65535)&&!(B2000000)&&!(B3000000)&&(B4000000)&&!(B4000000>65535)||!(__FreeBSD__)&&!(B115200)&&(B230400)&&!(B230400>65535)&&(B460800)&&!(B460800>65535)&&!(B921600)&&!(B1152000)&&(B1000000)&&!(B1000000>65535)&&!(B2000000)&&(B3000000)&&!(B3000000>65535)&&!(B4000000)||!(__FreeBSD__)&&!(B115200)&&(B230400)&&!(B230400>65535)&&(B460800)&&!(B460800>65535)&&!(B921600)&&!(B1152000)&&(B1000000)&&!(B1000000>65535)&&!(B2000000)&&(B3000000)&&!(B3000000>65535)&&(B4000000)&&!(B4000000>65535)||!(__FreeBSD__)&&!(B115200)&&(B230400)&&!(B230400>65535)&&(B460800)&&!(B460800>65535)&&!(B921600)&&!(B1152000)&&(B1000000)&&!(B1000000>65535)&&(B2000000)&&!(B2000000>65535)&&!(B3000000)&&!(B4000000)||!(__FreeBSD__)&&!(B115200)&&(B230400)&&!(B230400>65535)&&(B460800)&&!(B460800>65535)&&!(B921600)&&!(B1152000)&&(B1000000)&&!(B1000000>65535)&&(B2000000)&&!(B2000000>65535)&&!(B3000000)&&(B4000000)&&!(B4000000>65535)||!(__FreeBSD__)&&!(B115200)&&(B230400)&&!(B230400>65535)&&(B460800)&&!(B460800>65535)&&!(B921600)&&!(B1152000)&&(B1000000)&&!(B1000000>65535)&&(B2000000)&&!(B2000000>65535)&&(B3000000)&&!(B3000000>65535)&&!(B4000000)||!(__FreeBSD__)&&!(B115200)&&(B230400)&&!(B230400>65535)&&(B460800)&&!(B460800>65535)&&!(B921600)&&!(B1152000)&&(B1000000)&&!(B1000000>65535)&&(B2000000)&&!(B2000000>65535)&&(B3000000)&&!(B3000000>65535)&&(B4000000)&&!(B4000000>65535)||!(__FreeBSD__)&&!(B115200)&&(B230400)&&!(B230400>65535)&&(B460800)&&!(B460800>65535)&&!(B921600)&&(B1152000)&&!(B1152000>65535)&&!(B1000000)&&!(B2000000)&&!(B3000000)&&!(B4000000)||!(__FreeBSD__)&&!(B115200)&&(B230400)&&!(B230400>65535)&&(B460800)&&!(B460800>65535)&&!(B921600)&&(B1152000)&&!(B1152000>65535)&&!(B1000000)&&!(B2000000)&&!(B3000000)&&(B4000000)&&!(B4000000>65535)||!(__FreeBSD__)&&!(B115200)&&(B230400)&&!(B230400>65535)&&(B460800)&&!(B460800>65535)&&!(B921600)&&(B1152000)&&!(B1152000>65535)&&!(B1000000)&&!(B2000000)&&(B3000000)&&!(B3000000>65535)&&!(B4000000)||!(__FreeBSD__)&&!(B115200)&&(B230400)&&!(B230400>65535)&&(B460800)&&!(B460800>65535)&&!(B921600)&&(B1152000)&&!(B1152000>65535)&&!(B1000000)&&!(B2000000)&&(B3000000)&&!(B3000000>65535)&&(B4000000)&&!(B4000000>65535)||!(__FreeBSD__)&&!(B115200)&&(B230400)&&!(B230400>65535)&&(B460800)&&!(B460800>65535)&&!(B921600)&&(B1152000)&&!(B1152000>65535)&&!(B1000000)&&(B2000000)&&!(B2000000>65535)&&!(B3000000)&&!(B4000000)||!(__FreeBSD__)&&!(B115200)&&(B230400)&&!(B230400>65535)&&(B460800)&&!(B460800>65535)&&!(B921600)&&(B1152000)&&!(B1152000>65535)&&!(B1000000)&&(B2000000)&&!(B2000000>65535)&&!(B3000000)&&(B4000000)&&!(B4000000>65535)||!(__FreeBSD__)&&!(B115200)&&(B230400)&&!(B230400>65535)&&(B460800)&&!(B460800>65535)&&!(B921600)&&(B1152000)&&!(B1152000>65535)&&!(B1000000)&&(B2000000)&&!(B2000000>65535)&&(B3000000)&&!(B3000000>65535)&&!(B4000000)||!(__FreeBSD__)&&!(B115200)&&(B230400)&&!(B230400>65535)&&(B460800)&&!(B460800>65535)&&!(B921600)&&(B1152000)&&!(B1152000>65535)&&!(B1000000)&&(B2000000)&&!(B2000000>65535)&&(B3000000)&&!(B3000000>65535)&&(B4000000)&&!(B4000000>65535)||!(__FreeBSD__)&&!(B115200)&&(B230400)&&!(B230400>65535)&&(B460800)&&!(B460800>65535)&&!(B921600)&&(B1152000)&&!(B1152000>65535)&&(B1000000)&&!(B1000000>65535)&&!(B2000000)&&!(B3000000)&&!(B4000000)||!(__FreeBSD__)&&!(B115200)&&(B230400)&&!(B230400>65535)&&(B460800)&&!(B460800>65535)&&!(B921600)&&(B1152000)&&!(B1152000>65535)&&(B1000000)&&!(B1000000>65535)&&!(B2000000)&&!(B3000000)&&(B4000000)&&!(B4000000>65535)||!(__FreeBSD__)&&!(B115200)&&(B230400)&&!(B230400>65535)&&(B460800)&&!(B460800>65535)&&!(B921600)&&(B1152000)&&!(B1152000>65535)&&(B1000000)&&!(B1000000>65535)&&!(B2000000)&&(B3000000)&&!(B3000000>65535)&&!(B4000000)||!(__FreeBSD__)&&!(B115200)&&(B230400)&&!(B230400>65535)&&(B460800)&&!(B460800>65535)&&!(B921600)&&(B1152000)&&!(B1152000>65535)&&(B1000000)&&!(B1000000>65535)&&!(B2000000)&&(B3000000)&&!(B3000000>65535)&&(B4000000)&&!(B4000000>65535)||!(__FreeBSD__)&&!(B115200)&&(B230400)&&!(B230400>65535)&&(B460800)&&!(B460800>65535)&&!(B921600)&&(B1152000)&&!(B1152000>65535)&&(B1000000)&&!(B1000000>65535)&&(B2000000)&&!(B2000000>65535)&&!(B3000000)&&!(B4000000)||!(__FreeBSD__)&&!(B115200)&&(B230400)&&!(B230400>65535)&&(B460800)&&!(B460800>65535)&&!(B921600)&&(B1152000)&&!(B1152000>65535)&&(B1000000)&&!(B1000000>65535)&&(B2000000)&&!(B2000000>65535)&&!(B3000000)&&(B4000000)&&!(B4000000>65535)||!(__FreeBSD__)&&!(B115200)&&(B230400)&&!(B230400>65535)&&(B460800)&&!(B460800>65535)&&!(B921600)&&(B1152000)&&!(B1152000>65535)&&(B1000000)&&!(B1000000>65535)&&(B2000000)&&!(B2000000>65535)&&(B3000000)&&!(B3000000>65535)&&!(B4000000)||!(__FreeBSD__)&&!(B115200)&&(B230400)&&!(B230400>65535)&&(B460800)&&!(B460800>65535)&&!(B921600)&&(B1152000)&&!(B1152000>65535)&&(B1000000)&&!(B1000000>65535)&&(B2000000)&&!(B2000000>65535)&&(B3000000)&&!(B3000000>65535)&&(B4000000)&&!(B4000000>65535)||!(__FreeBSD__)&&!(B115200)&&(B230400)&&!(B230400>65535)&&(B460800)&&!(B460800>65535)&&(B921600)&&!(B921600>65535)&&!(B1152000)&&!(B1000000)&&!(B2000000)&&!(B3000000)&&!(B4000000)||!(__FreeBSD__)&&!(B115200)&&(B230400)&&!(B230400>65535)&&(B460800)&&!(B460800>65535)&&(B921600)&&!(B921600>65535)&&!(B1152000)&&!(B1000000)&&!(B2000000)&&!(B3000000)&&(B4000000)&&!(B4000000>65535)||!(__FreeBSD__)&&!(B115200)&&(B230400)&&!(B230400>65535)&&(B460800)&&!(B460800>65535)&&(B921600)&&!(B921600>65535)&&!(B1152000)&&!(B1000000)&&!(B2000000)&&(B3000000)&&!(B3000000>65535)&&!(B4000000)||!(__FreeBSD__)&&!(B115200)&&(B230400)&&!(B230400>65535)&&(B460800)&&!(B460800>65535)&&(B921600)&&!(B921600>65535)&&!(B1152000)&&!(B1000000)&&!(B2000000)&&(B3000000)&&!(B3000000>65535)&&(B4000000)&&!(B4000000>65535)||!(__FreeBSD__)&&!(B115200)&&(B230400)&&!(B230400>65535)&&(B460800)&&!(B460800>65535)&&(B921600)&&!(B921600>65535)&&!(B1152000)&&!(B1000000)&&(B2000000)&&!(B2000000>65535)&&!(B3000000)&&!(B4000000)||!(__FreeBSD__)&&!(B115200)&&(B230400)&&!(B230400>65535)&&(B460800)&&!(B460800>65535)&&(B921600)&&!(B921600>65535)&&!(B1152000)&&!(B1000000)&&(B2000000)&&!(B2000000>65535)&&!(B3000000)&&(B4000000)&&!(B4000000>65535)||!(__FreeBSD__)&&!(B115200)&&(B230400)&&!(B230400>65535)&&(B460800)&&!(B460800>65535)&&(B921600)&&!(B921600>65535)&&!(B1152000)&&!(B1000000)&&(B2000000)&&!(B2000000>65535)&&(B3000000)&&!(B3000000>65535)&&!(B4000000)||!(__FreeBSD__)&&!(B115200)&&(B230400)&&!(B230400>65535)&&(B460800)&&!(B460800>65535)&&(B921600)&&!(B921600>65535)&&!(B1152000)&&!(B1000000)&&(B2000000)&&!(B2000000>65535)&&(B3000000)&&!(B3000000>65535)&&(B4000000)&&!(B4000000>65535)||!(__FreeBSD__)&&!(B115200)&&(B230400)&&!(B230400>65535)&&(B460800)&&!(B460800>65535)&&(B921600)&&!(B921600>65535)&&!(B1152000)&&(B1000000)&&!(B1000000>65535)&&!(B2000000)&&!(B3000000)&&!(B4000000)||!(__FreeBSD__)&&!(B115200)&&(B230400)&&!(B230400>65535)&&(B460800)&&!(B460800>65535)&&(B921600)&&!(B921600>65535)&&!(B1152000)&&(B1000000)&&!(B1000000>65535)&&!(B2000000)&&!(B3000000)&&(B4000000)&&!(B4000000>65535)||!(__FreeBSD__)&&!(B115200)&&(B230400)&&!(B230400>65535)&&(B460800)&&!(B460800>65535)&&(B921600)&&!(B921600>65535)&&!(B1152000)&&(B1000000)&&!(B1000000>65535)&&!(B2000000)&&(B3000000)&&!(B3000000>65535)&&!(B4000000)||!(__FreeBSD__)&&!(B115200)&&(B230400)&&!(B230400>65535)&&(B460800)&&!(B460800>65535)&&(B921600)&&!(B921600>65535)&&!(B1152000)&&(B1000000)&&!(B1000000>65535)&&!(B2000000)&&(B3000000)&&!(B3000000>65535)&&(B4000000)&&!(B4000000>65535)||!(__FreeBSD__)&&!(B115200)&&(B230400)&&!(B230400>65535)&&(B460800)&&!(B460800>65535)&&(B921600)&&!(B921600>65535)&&!(B1152000)&&(B1000000)&&!(B1000000>65535)&&(B2000000)&&!(B2000000>65535)&&!(B3000000)&&!(B4000000)||!(__FreeBSD__)&&!(B115200)&&(B230400)&&!(B230400>65535)&&(B460800)&&!(B460800>65535)&&(B921600)&&!(B921600>65535)&&!(B1152000)&&(B1000000)&&!(B1000000>65535)&&(B2000000)&&!(B2000000>65535)&&!(B3000000)&&(B4000000)&&!(B4000000>65535)||!(__FreeBSD__)&&!(B115200)&&(B230400)&&!(B230400>65535)&&(B460800)&&!(B460800>65535)&&(B921600)&&!(B921600>65535)&&!(B1152000)&&(B1000000)&&!(B1000000>65535)&&(B2000000)&&!(B2000000>65535)&&(B3000000)&&!(B3000000>65535)&&!(B4000000)||!(__FreeBSD__)&&!(B115200)&&(B230400)&&!(B230400>65535)&&(B460800)&&!(B460800>65535)&&(B921600)&&!(B921600>65535)&&!(B1152000)&&(B1000000)&&!(B1000000>65535)&&(B2000000)&&!(B2000000>65535)&&(B3000000)&&!(B3000000>65535)&&(B4000000)&&!(B4000000>65535)||!(__FreeBSD__)&&!(B115200)&&(B230400)&&!(B230400>65535)&&(B460800)&&!(B460800>65535)&&(B921600)&&!(B921600>65535)&&(B1152000)&&!(B1152000>65535)&&!(B1000000)&&!(B2000000)&&!(B3000000)&&!(B4000000)||!(__FreeBSD__)&&!(B115200)&&(B230400)&&!(B230400>65535)&&(B460800)&&!(B460800>65535)&&(B921600)&&!(B921600>65535)&&(B1152000)&&!(B1152000>65535)&&!(B1000000)&&!(B2000000)&&!(B3000000)&&(B4000000)&&!(B4000000>65535)||!(__FreeBSD__)&&!(B115200)&&(B230400)&&!(B230400>65535)&&(B460800)&&!(B460800>65535)&&(B921600)&&!(B921600>65535)&&(B1152000)&&!(B1152000>65535)&&!(B1000000)&&!(B2000000)&&(B3000000)&&!(B3000000>65535)&&!(B4000000)||!(__FreeBSD__)&&!(B115200)&&(B230400)&&!(B230400>65535)&&(B460800)&&!(B460800>65535)&&(B921600)&&!(B921600>65535)&&(B1152000)&&!(B1152000>65535)&&!(B1000000)&&!(B2000000)&&(B3000000)&&!(B3000000>65535)&&(B4000000)&&!(B4000000>65535)||!(__FreeBSD__)&&!(B115200)&&(B230400)&&!(B230400>65535)&&(B460800)&&!(B460800>65535)&&(B921600)&&!(B921600>65535)&&(B1152000)&&!(B1152000>65535)&&!(B1000000)&&(B2000000)&&!(B2000000>65535)&&!(B3000000)&&!(B4000000)||!(__FreeBSD__)&&!(B115200)&&(B230400)&&!(B230400>65535)&&(B460800)&&!(B460800>65535)&&(B921600)&&!(B921600>65535)&&(B1152000)&&!(B1152000>65535)&&!(B1000000)&&(B2000000)&&!(B2000000>65535)&&!(B3000000)&&(B4000000)&&!(B4000000>65535)||!(__FreeBSD__)&&!(B115200)&&(B230400)&&!(B230400>65535)&&(B460800)&&!(B460800>65535)&&(B921600)&&!(B921600>65535)&&(B1152000)&&!(B1152000>65535)&&!(B1000000)&&(B2000000)&&!(B2000000>65535)&&(B3000000)&&!(B3000000>65535)&&!(B4000000)||!(__FreeBSD__)&&!(B115200)&&(B230400)&&!(B230400>65535)&&(B460800)&&!(B460800>65535)&&(B921600)&&!(B921600>65535)&&(B1152000)&&!(B1152000>65535)&&!(B1000000)&&(B2000000)&&!(B2000000>65535)&&(B3000000)&&!(B3000000>65535)&&(B4000000)&&!(B4000000>65535)||!(__FreeBSD__)&&!(B115200)&&(B230400)&&!(B230400>65535)&&(B460800)&&!(B460800>65535)&&(B921600)&&!(B921600>65535)&&(B1152000)&&!(B1152000>65535)&&(B1000000)&&!(B1000000>65535)&&!(B2000000)&&!(B3000000)&&!(B4000000)||!(__FreeBSD__)&&!(B115200)&&(B230400)&&!(B230400>65535)&&(B460800)&&!(B460800>65535)&&(B921600)&&!(B921600>65535)&&(B1152000)&&!(B1152000>65535)&&(B1000000)&&!(B1000000>65535)&&!(B2000000)&&!(B3000000)&&(B4000000)&&!(B4000000>65535)||!(__FreeBSD__)&&!(B115200)&&(B230400)&&!(B230400>65535)&&(B460800)&&!(B460800>65535)&&(B921600)&&!(B921600>65535)&&(B1152000)&&!(B1152000>65535)&&(B1000000)&&!(B1000000>65535)&&!(B2000000)&&(B3000000)&&!(B3000000>65535)&&!(B4000000)||!(__FreeBSD__)&&!(B115200)&&(B230400)&&!(B230400>65535)&&(B460800)&&!(B460800>65535)&&(B921600)&&!(B921600>65535)&&(B1152000)&&!(B1152000>65535)&&(B1000000)&&!(B1000000>65535)&&!(B2000000)&&(B3000000)&&!(B3000000>65535)&&(B4000000)&&!(B4000000>65535)||!(__FreeBSD__)&&!(B115200)&&(B230400)&&!(B230400>65535)&&(B460800)&&!(B460800>65535)&&(B921600)&&!(B921600>65535)&&(B1152000)&&!(B1152000>65535)&&(B1000000)&&!(B1000000>65535)&&(B2000000)&&!(B2000000>65535)&&!(B3000000)&&!(B4000000)||!(__FreeBSD__)&&!(B115200)&&(B230400)&&!(B230400>65535)&&(B460800)&&!(B460800>65535)&&(B921600)&&!(B921600>65535)&&(B1152000)&&!(B1152000>65535)&&(B1000000)&&!(B1000000>65535)&&(B2000000)&&!(B2000000>65535)&&!(B3000000)&&(B4000000)&&!(B4000000>65535)||!(__FreeBSD__)&&!(B115200)&&(B230400)&&!(B230400>65535)&&(B460800)&&!(B460800>65535)&&(B921600)&&!(B921600>65535)&&(B1152000)&&!(B1152000>65535)&&(B1000000)&&!(B1000000>65535)&&(B2000000)&&!(B2000000>65535)&&(B3000000)&&!(B3000000>65535)&&!(B4000000)||!(__FreeBSD__)&&!(B115200)&&(B230400)&&!(B230400>65535)&&(B460800)&&!(B460800>65535)&&(B921600)&&!(B921600>65535)&&(B1152000)&&!(B1152000>65535)&&(B1000000)&&!(B1000000>65535)&&(B2000000)&&!(B2000000>65535)&&(B3000000)&&!(B3000000>65535)&&(B4000000)&&!(B4000000>65535)||!(__FreeBSD__)&&(B115200)&&!(B115200>65535)&&!(B230400)&&!(B460800)&&!(B921600)&&!(B1152000)&&!(B1000000)&&!(B2000000)&&!(B3000000)&&!(B4000000)||!(__FreeBSD__)&&(B115200)&&!(B115200>65535)&&!(B230400)&&!(B460800)&&!(B921600)&&!(B1152000)&&!(B1000000)&&!(B2000000)&&!(B3000000)&&(B4000000)&&!(B4000000>65535)||!(__FreeBSD__)&&(B115200)&&!(B115200>65535)&&!(B230400)&&!(B460800)&&!(B921600)&&!(B1152000)&&!(B1000000)&&!(B2000000)&&(B3000000)&&!(B3000000>65535)&&!(B4000000)||!(__FreeBSD__)&&(B115200)&&!(B115200>65535)&&!(B230400)&&!(B460800)&&!(B921600)&&!(B1152000)&&!(B1000000)&&!(B2000000)&&(B3000000)&&!(B3000000>65535)&&(B4000000)&&!(B4000000>65535)||!(__FreeBSD__)&&(B115200)&&!(B115200>65535)&&!(B230400)&&!(B460800)&&!(B921600)&&!(B1152000)&&!(B1000000)&&(B2000000)&&!(B2000000>65535)&&!(B3000000)&&!(B4000000)||!(__FreeBSD__)&&(B115200)&&!(B115200>65535)&&!(B230400)&&!(B460800)&&!(B921600)&&!(B1152000)&&!(B1000000)&&(B2000000)&&!(B2000000>65535)&&!(B3000000)&&(B4000000)&&!(B4000000>65535)||!(__FreeBSD__)&&(B115200)&&!(B115200>65535)&&!(B230400)&&!(B460800)&&!(B921600)&&!(B1152000)&&!(B1000000)&&(B2000000)&&!(B2000000>65535)&&(B3000000)&&!(B3000000>65535)&&!(B4000000)||!(__FreeBSD__)&&(B115200)&&!(B115200>65535)&&!(B230400)&&!(B460800)&&!(B921600)&&!(B1152000)&&!(B1000000)&&(B2000000)&&!(B2000000>65535)&&(B3000000)&&!(B3000000>65535)&&(B4000000)&&!(B4000000>65535)||!(__FreeBSD__)&&(B115200)&&!(B115200>65535)&&!(B230400)&&!(B460800)&&!(B921600)&&!(B1152000)&&(B1000000)&&!(B1000000>65535)&&!(B2000000)&&!(B3000000)&&!(B4000000)||!(__FreeBSD__)&&(B115200)&&!(B115200>65535)&&!(B230400)&&!(B460800)&&!(B921600)&&!(B1152000)&&(B1000000)&&!(B1000000>65535)&&!(B2000000)&&!(B3000000)&&(B4000000)&&!(B4000000>65535)||!(__FreeBSD__)&&(B115200)&&!(B115200>65535)&&!(B230400)&&!(B460800)&&!(B921600)&&!(B1152000)&&(B1000000)&&!(B1000000>65535)&&!(B2000000)&&(B3000000)&&!(B3000000>65535)&&!(B4000000)||!(__FreeBSD__)&&(B115200)&&!(B115200>65535)&&!(B230400)&&!(B460800)&&!(B921600)&&!(B1152000)&&(B1000000)&&!(B1000000>65535)&&!(B2000000)&&(B3000000)&&!(B3000000>65535)&&(B4000000)&&!(B4000000>65535)||!(__FreeBSD__)&&(B115200)&&!(B115200>65535)&&!(B230400)&&!(B460800)&&!(B921600)&&!(B1152000)&&(B1000000)&&!(B1000000>65535)&&(B2000000)&&!(B2000000>65535)&&!(B3000000)&&!(B4000000)||!(__FreeBSD__)&&(B115200)&&!(B115200>65535)&&!(B230400)&&!(B460800)&&!(B921600)&&!(B1152000)&&(B1000000)&&!(B1000000>65535)&&(B2000000)&&!(B2000000>65535)&&!(B3000000)&&(B4000000)&&!(B4000000>65535)||!(__FreeBSD__)&&(B115200)&&!(B115200>65535)&&!(B230400)&&!(B460800)&&!(B921600)&&!(B1152000)&&(B1000000)&&!(B1000000>65535)&&(B2000000)&&!(B2000000>65535)&&(B3000000)&&!(B3000000>65535)&&!(B4000000)||!(__FreeBSD__)&&(B115200)&&!(B115200>65535)&&!(B230400)&&!(B460800)&&!(B921600)&&!(B1152000)&&(B1000000)&&!(B1000000>65535)&&(B2000000)&&!(B2000000>65535)&&(B3000000)&&!(B3000000>65535)&&(B4000000)&&!(B4000000>65535)||!(__FreeBSD__)&&(B115200)&&!(B115200>65535)&&!(B230400)&&!(B460800)&&!(B921600)&&(B1152000)&&!(B1152000>65535)&&!(B1000000)&&!(B2000000)&&!(B3000000)&&!(B4000000)||!(__FreeBSD__)&&(B115200)&&!(B115200>65535)&&!(B230400)&&!(B460800)&&!(B921600)&&(B1152000)&&!(B1152000>65535)&&!(B1000000)&&!(B2000000)&&!(B3000000)&&(B4000000)&&!(B4000000>65535)||!(__FreeBSD__)&&(B115200)&&!(B115200>65535)&&!(B230400)&&!(B460800)&&!(B921600)&&(B1152000)&&!(B1152000>65535)&&!(B1000000)&&!(B2000000)&&(B3000000)&&!(B3000000>65535)&&!(B4000000)||!(__FreeBSD__)&&(B115200)&&!(B115200>65535)&&!(B230400)&&!(B460800)&&!(B921600)&&(B1152000)&&!(B1152000>65535)&&!(B1000000)&&!(B2000000)&&(B3000000)&&!(B3000000>65535)&&(B4000000)&&!(B4000000>65535)||!(__FreeBSD__)&&(B115200)&&!(B115200>65535)&&!(B230400)&&!(B460800)&&!(B921600)&&(B1152000)&&!(B1152000>65535)&&!(B1000000)&&(B2000000)&&!(B2000000>65535)&&!(B3000000)&&!(B4000000)||!(__FreeBSD__)&&(B115200)&&!(B115200>65535)&&!(B230400)&&!(B460800)&&!(B921600)&&(B1152000)&&!(B1152000>65535)&&!(B1000000)&&(B2000000)&&!(B2000000>65535)&&!(B3000000)&&(B4000000)&&!(B4000000>65535)||!(__FreeBSD__)&&(B115200)&&!(B115200>65535)&&!(B230400)&&!(B460800)&&!(B921600)&&(B1152000)&&!(B1152000>65535)&&!(B1000000)&&(B2000000)&&!(B2000000>65535)&&(B3000000)&&!(B3000000>65535)&&!(B4000000)||!(__FreeBSD__)&&(B115200)&&!(B115200>65535)&&!(B230400)&&!(B460800)&&!(B921600)&&(B1152000)&&!(B1152000>65535)&&!(B1000000)&&(B2000000)&&!(B2000000>65535)&&(B3000000)&&!(B3000000>65535)&&(B4000000)&&!(B4000000>65535)||!(__FreeBSD__)&&(B115200)&&!(B115200>65535)&&!(B230400)&&!(B460800)&&!(B921600)&&(B1152000)&&!(B1152000>65535)&&(B1000000)&&!(B1000000>65535)&&!(B2000000)&&!(B3000000)&&!(B4000000)||!(__FreeBSD__)&&(B115200)&&!(B115200>65535)&&!(B230400)&&!(B460800)&&!(B921600)&&(B1152000)&&!(B1152000>65535)&&(B1000000)&&!(B1000000>65535)&&!(B2000000)&&!(B3000000)&&(B4000000)&&!(B4000000>65535)||!(__FreeBSD__)&&(B115200)&&!(B115200>65535)&&!(B230400)&&!(B460800)&&!(B921600)&&(B1152000)&&!(B1152000>65535)&&(B1000000)&&!(B1000000>65535)&&!(B2000000)&&(B3000000)&&!(B3000000>65535)&&!(B4000000)||!(__FreeBSD__)&&(B115200)&&!(B115200>65535)&&!(B230400)&&!(B460800)&&!(B921600)&&(B1152000)&&!(B1152000>65535)&&(B1000000)&&!(B1000000>65535)&&!(B2000000)&&(B3000000)&&!(B3000000>65535)&&(B4000000)&&!(B4000000>65535)||!(__FreeBSD__)&&(B115200)&&!(B115200>65535)&&!(B230400)&&!(B460800)&&!(B921600)&&(B1152000)&&!(B1152000>65535)&&(B1000000)&&!(B1000000>65535)&&(B2000000)&&!(B2000000>65535)&&!(B3000000)&&!(B4000000)||!(__FreeBSD__)&&(B115200)&&!(B115200>65535)&&!(B230400)&&!(B460800)&&!(B921600)&&(B1152000)&&!(B1152000>65535)&&(B1000000)&&!(B1000000>65535)&&(B2000000)&&!(B2000000>65535)&&!(B3000000)&&(B4000000)&&!(B4000000>65535)||!(__FreeBSD__)&&(B115200)&&!(B115200>65535)&&!(B230400)&&!(B460800)&&!(B921600)&&(B1152000)&&!(B1152000>65535)&&(B1000000)&&!(B1000000>65535)&&(B2000000)&&!(B2000000>65535)&&(B3000000)&&!(B3000000>65535)&&!(B4000000)||!(__FreeBSD__)&&(B115200)&&!(B115200>65535)&&!(B230400)&&!(B460800)&&!(B921600)&&(B1152000)&&!(B1152000>65535)&&(B1000000)&&!(B1000000>65535)&&(B2000000)&&!(B2000000>65535)&&(B3000000)&&!(B3000000>65535)&&(B4000000)&&!(B4000000>65535)||!(__FreeBSD__)&&(B115200)&&!(B115200>65535)&&!(B230400)&&!(B460800)&&(B921600)&&!(B921600>65535)&&!(B1152000)&&!(B1000000)&&!(B2000000)&&!(B3000000)&&!(B4000000)||!(__FreeBSD__)&&(B115200)&&!(B115200>65535)&&!(B230400)&&!(B460800)&&(B921600)&&!(B921600>65535)&&!(B1152000)&&!(B1000000)&&!(B2000000)&&!(B3000000)&&(B4000000)&&!(B4000000>65535)||!(__FreeBSD__)&&(B115200)&&!(B115200>65535)&&!(B230400)&&!(B460800)&&(B921600)&&!(B921600>65535)&&!(B1152000)&&!(B1000000)&&!(B2000000)&&(B3000000)&&!(B3000000>65535)&&!(B4000000)||!(__FreeBSD__)&&(B115200)&&!(B115200>65535)&&!(B230400)&&!(B460800)&&(B921600)&&!(B921600>65535)&&!(B1152000)&&!(B1000000)&&!(B2000000)&&(B3000000)&&!(B3000000>65535)&&(B4000000)&&!(B4000000>65535)||!(__FreeBSD__)&&(B115200)&&!(B115200>65535)&&!(B230400)&&!(B460800)&&(B921600)&&!(B921600>65535)&&!(B1152000)&&!(B1000000)&&(B2000000)&&!(B2000000>65535)&&!(B3000000)&&!(B4000000)||!(__FreeBSD__)&&(B115200)&&!(B115200>65535)&&!(B230400)&&!(B460800)&&(B921600)&&!(B921600>65535)&&!(B1152000)&&!(B1000000)&&(B2000000)&&!(B2000000>65535)&&!(B3000000)&&(B4000000)&&!(B4000000>65535)||!(__FreeBSD__)&&(B115200)&&!(B115200>65535)&&!(B230400)&&!(B460800)&&(B921600)&&!(B921600>65535)&&!(B1152000)&&!(B1000000)&&(B2000000)&&!(B2000000>65535)&&(B3000000)&&!(B3000000>65535)&&!(B4000000)||!(__FreeBSD__)&&(B115200)&&!(B115200>65535)&&!(B230400)&&!(B460800)&&(B921600)&&!(B921600>65535)&&!(B1152000)&&!(B1000000)&&(B2000000)&&!(B2000000>65535)&&(B3000000)&&!(B3000000>65535)&&(B4000000)&&!(B4000000>65535)||!(__FreeBSD__)&&(B115200)&&!(B115200>65535)&&!(B230400)&&!(B460800)&&(B921600)&&!(B921600>65535)&&!(B1152000)&&(B1000000)&&!(B1000000>65535)&&!(B2000000)&&!(B3000000)&&!(B4000000)||!(__FreeBSD__)&&(B115200)&&!(B115200>65535)&&!(B230400)&&!(B460800)&&(B921600)&&!(B921600>65535)&&!(B1152000)&&(B1000000)&&!(B1000000>65535)&&!(B2000000)&&!(B3000000)&&(B4000000)&&!(B4000000>65535)||!(__FreeBSD__)&&(B115200)&&!(B115200>65535)&&!(B230400)&&!(B460800)&&(B921600)&&!(B921600>65535)&&!(B1152000)&&(B1000000)&&!(B1000000>65535)&&!(B2000000)&&(B3000000)&&!(B3000000>65535)&&!(B4000000)||!(__FreeBSD__)&&(B115200)&&!(B115200>65535)&&!(B230400)&&!(B460800)&&(B921600)&&!(B921600>65535)&&!(B1152000)&&(B1000000)&&!(B1000000>65535)&&!(B2000000)&&(B3000000)&&!(B3000000>65535)&&(B4000000)&&!(B4000000>65535)||!(__FreeBSD__)&&(B115200)&&!(B115200>65535)&&!(B230400)&&!(B460800)&&(B921600)&&!(B921600>65535)&&!(B1152000)&&(B1000000)&&!(B1000000>65535)&&(B2000000)&&!(B2000000>65535)&&!(B3000000)&&!(B4000000)||!(__FreeBSD__)&&(B115200)&&!(B115200>65535)&&!(B230400)&&!(B460800)&&(B921600)&&!(B921600>65535)&&!(B1152000)&&(B1000000)&&!(B1000000>65535)&&(B2000000)&&!(B2000000>65535)&&!(B3000000)&&(B4000000)&&!(B4000000>65535)||!(__FreeBSD__)&&(B115200)&&!(B115200>65535)&&!(B230400)&&!(B460800)&&(B921600)&&!(B921600>65535)&&!(B1152000)&&(B1000000)&&!(B1000000>65535)&&(B2000000)&&!(B2000000>65535)&&(B3000000)&&!(B3000000>65535)&&!(B4000000)||!(__FreeBSD__)&&(B115200)&&!(B115200>65535)&&!(B230400)&&!(B460800)&&(B921600)&&!(B921600>65535)&&!(B1152000)&&(B1000000)&&!(B1000000>65535)&&(B2000000)&&!(B2000000>65535)&&(B3000000)&&!(B3000000>65535)&&(B4000000)&&!(B4000000>65535)||!(__FreeBSD__)&&(B115200)&&!(B115200>65535)&&!(B230400)&&!(B460800)&&(B921600)&&!(B921600>65535)&&(B1152000)&&!(B1152000>65535)&&!(B1000000)&&!(B2000000)&&!(B3000000)&&!(B4000000)||!(__FreeBSD__)&&(B115200)&&!(B115200>65535)&&!(B230400)&&!(B460800)&&(B921600)&&!(B921600>65535)&&(B1152000)&&!(B1152000>65535)&&!(B1000000)&&!(B2000000)&&!(B3000000)&&(B4000000)&&!(B4000000>65535)||!(__FreeBSD__)&&(B115200)&&!(B115200>65535)&&!(B230400)&&!(B460800)&&(B921600)&&!(B921600>65535)&&(B1152000)&&!(B1152000>65535)&&!(B1000000)&&!(B2000000)&&(B3000000)&&!(B3000000>65535)&&!(B4000000)||!(__FreeBSD__)&&(B115200)&&!(B115200>65535)&&!(B230400)&&!(B460800)&&(B921600)&&!(B921600>65535)&&(B1152000)&&!(B1152000>65535)&&!(B1000000)&&!(B2000000)&&(B3000000)&&!(B3000000>65535)&&(B4000000)&&!(B4000000>65535)||!(__FreeBSD__)&&(B115200)&&!(B115200>65535)&&!(B230400)&&!(B460800)&&(B921600)&&!(B921600>65535)&&(B1152000)&&!(B1152000>65535)&&!(B1000000)&&(B2000000)&&!(B2000000>65535)&&!(B3000000)&&!(B4000000)||!(__FreeBSD__)&&(B115200)&&!(B115200>65535)&&!(B230400)&&!(B460800)&&(B921600)&&!(B921600>65535)&&(B1152000)&&!(B1152000>65535)&&!(B1000000)&&(B2000000)&&!(B2000000>65535)&&!(B3000000)&&(B4000000)&&!(B4000000>65535)||!(__FreeBSD__)&&(B115200)&&!(B115200>65535)&&!(B230400)&&!(B460800)&&(B921600)&&!(B921600>65535)&&(B1152000)&&!(B1152000>65535)&&!(B1000000)&&(B2000000)&&!(B2000000>65535)&&(B3000000)&&!(B3000000>65535)&&!(B4000000)||!(__FreeBSD__)&&(B115200)&&!(B115200>65535)&&!(B230400)&&!(B460800)&&(B921600)&&!(B921600>65535)&&(B1152000)&&!(B1152000>65535)&&!(B1000000)&&(B2000000)&&!(B2000000>65535)&&(B3000000)&&!(B3000000>65535)&&(B4000000)&&!(B4000000>65535)||!(__FreeBSD__)&&(B115200)&&!(B115200>65535)&&!(B230400)&&!(B460800)&&(B921600)&&!(B921600>65535)&&(B1152000)&&!(B1152000>65535)&&(B1000000)&&!(B1000000>65535)&&!(B2000000)&&!(B3000000)&&!(B4000000)||!(__FreeBSD__)&&(B115200)&&!(B115200>65535)&&!(B230400)&&!(B460800)&&(B921600)&&!(B921600>65535)&&(B1152000)&&!(B1152000>65535)&&(B1000000)&&!(B1000000>65535)&&!(B2000000)&&!(B3000000)&&(B4000000)&&!(B4000000>65535)||!(__FreeBSD__)&&(B115200)&&!(B115200>65535)&&!(B230400)&&!(B460800)&&(B921600)&&!(B921600>65535)&&(B1152000)&&!(B1152000>65535)&&(B1000000)&&!(B1000000>65535)&&!(B2000000)&&(B3000000)&&!(B3000000>65535)&&!(B4000000)||!(__FreeBSD__)&&(B115200)&&!(B115200>65535)&&!(B230400)&&!(B460800)&&(B921600)&&!(B921600>65535)&&(B1152000)&&!(B1152000>65535)&&(B1000000)&&!(B1000000>65535)&&!(B2000000)&&(B3000000)&&!(B3000000>65535)&&(B4000000)&&!(B4000000>65535)||!(__FreeBSD__)&&(B115200)&&!(B115200>65535)&&!(B230400)&&!(B460800)&&(B921600)&&!(B921600>65535)&&(B1152000)&&!(B1152000>65535)&&(B1000000)&&!(B1000000>65535)&&(B2000000)&&!(B2000000>65535)&&!(B3000000)&&!(B4000000)||!(__FreeBSD__)&&(B115200)&&!(B115200>65535)&&!(B230400)&&!(B460800)&&(B921600)&&!(B921600>65535)&&(B1152000)&&!(B1152000>65535)&&(B1000000)&&!(B1000000>65535)&&(B2000000)&&!(B2000000>65535)&&!(B3000000)&&(B4000000)&&!(B4000000>65535)||!(__FreeBSD__)&&(B115200)&&!(B115200>65535)&&!(B230400)&&!(B460800)&&(B921600)&&!(B921600>65535)&&(B1152000)&&!(B1152000>65535)&&(B1000000)&&!(B1000000>65535)&&(B2000000)&&!(B2000000>65535)&&(B3000000)&&!(B3000000>65535)&&!(B4000000)||!(__FreeBSD__)&&(B115200)&&!(B115200>65535)&&!(B230400)&&!(B460800)&&(B921600)&&!(B921600>65535)&&(B1152000)&&!(B1152000>65535)&&(B1000000)&&!(B1000000>65535)&&(B2000000)&&!(B2000000>65535)&&(B3000000)&&!(B3000000>65535)&&(B4000000)&&!(B4000000>65535)||!(__FreeBSD__)&&(B115200)&&!(B115200>65535)&&!(B230400)&&(B460800)&&!(B460800>65535)&&!(B921600)&&!(B1152000)&&!(B1000000)&&!(B2000000)&&!(B3000000)&&!(B4000000)||!(__FreeBSD__)&&(B115200)&&!(B115200>65535)&&!(B230400)&&(B460800)&&!(B460800>65535)&&!(B921600)&&!(B1152000)&&!(B1000000)&&!(B2000000)&&!(B3000000)&&(B4000000)&&!(B4000000>65535)||!(__FreeBSD__)&&(B115200)&&!(B115200>65535)&&!(B230400)&&(B460800)&&!(B460800>65535)&&!(B921600)&&!(B1152000)&&!(B1000000)&&!(B2000000)&&(B3000000)&&!(B3000000>65535)&&!(B4000000)||!(__FreeBSD__)&&(B115200)&&!(B115200>65535)&&!(B230400)&&(B460800)&&!(B460800>65535)&&!(B921600)&&!(B1152000)&&!(B1000000)&&!(B2000000)&&(B3000000)&&!(B3000000>65535)&&(B4000000)&&!(B4000000>65535)||!(__FreeBSD__)&&(B115200)&&!(B115200>65535)&&!(B230400)&&(B460800)&&!(B460800>65535)&&!(B921600)&&!(B1152000)&&!(B1000000)&&(B2000000)&&!(B2000000>65535)&&!(B3000000)&&!(B4000000)||!(__FreeBSD__)&&(B115200)&&!(B115200>65535)&&!(B230400)&&(B460800)&&!(B460800>65535)&&!(B921600)&&!(B1152000)&&!(B1000000)&&(B2000000)&&!(B2000000>65535)&&!(B3000000)&&(B4000000)&&!(B4000000>65535)||!(__FreeBSD__)&&(B115200)&&!(B115200>65535)&&!(B230400)&&(B460800)&&!(B460800>65535)&&!(B921600)&&!(B1152000)&&!(B1000000)&&(B2000000)&&!(B2000000>65535)&&(B3000000)&&!(B3000000>65535)&&!(B4000000)||!(__FreeBSD__)&&(B115200)&&!(B115200>65535)&&!(B230400)&&(B460800)&&!(B460800>65535)&&!(B921600)&&!(B1152000)&&!(B1000000)&&(B2000000)&&!(B2000000>65535)&&(B3000000)&&!(B3000000>65535)&&(B4000000)&&!(B4000000>65535)||!(__FreeBSD__)&&(B115200)&&!(B115200>65535)&&!(B230400)&&(B460800)&&!(B460800>65535)&&!(B921600)&&!(B1152000)&&(B1000000)&&!(B1000000>65535)&&!(B2000000)&&!(B3000000)&&!(B4000000)||!(__FreeBSD__)&&(B115200)&&!(B115200>65535)&&!(B230400)&&(B460800)&&!(B460800>65535)&&!(B921600)&&!(B1152000)&&(B1000000)&&!(B1000000>65535)&&!(B2000000)&&!(B3000000)&&(B4000000)&&!(B4000000>65535)||!(__FreeBSD__)&&(B115200)&&!(B115200>65535)&&!(B230400)&&(B460800)&&!(B460800>65535)&&!(B921600)&&!(B1152000)&&(B1000000)&&!(B1000000>65535)&&!(B2000000)&&(B3000000)&&!(B3000000>65535)&&!(B4000000)||!(__FreeBSD__)&&(B115200)&&!(B115200>65535)&&!(B230400)&&(B460800)&&!(B460800>65535)&&!(B921600)&&!(B1152000)&&(B1000000)&&!(B1000000>65535)&&!(B2000000)&&(B3000000)&&!(B3000000>65535)&&(B4000000)&&!(B4000000>65535)||!(__FreeBSD__)&&(B115200)&&!(B115200>65535)&&!(B230400)&&(B460800)&&!(B460800>65535)&&!(B921600)&&!(B1152000)&&(B1000000)&&!(B1000000>65535)&&(B2000000)&&!(B2000000>65535)&&!(B3000000)&&!(B4000000)||!(__FreeBSD__)&&(B115200)&&!(B115200>65535)&&!(B230400)&&(B460800)&&!(B460800>65535)&&!(B921600)&&!(B1152000)&&(B1000000)&&!(B1000000>65535)&&(B2000000)&&!(B2000000>65535)&&!(B3000000)&&(B4000000)&&!(B4000000>65535)||!(__FreeBSD__)&&(B115200)&&!(B115200>65535)&&!(B230400)&&(B460800)&&!(B460800>65535)&&!(B921600)&&!(B1152000)&&(B1000000)&&!(B1000000>65535)&&(B2000000)&&!(B2000000>65535)&&(B3000000)&&!(B3000000>65535)&&!(B4000000)||!(__FreeBSD__)&&(B115200)&&!(B115200>65535)&&!(B230400)&&(B460800)&&!(B460800>65535)&&!(B921600)&&!(B1152000)&&(B1000000)&&!(B1000000>65535)&&(B2000000)&&!(B2000000>65535)&&(B3000000)&&!(B3000000>65535)&&(B4000000)&&!(B4000000>65535)||!(__FreeBSD__)&&(B115200)&&!(B115200>65535)&&!(B230400)&&(B460800)&&!(B460800>65535)&&!(B921600)&&(B1152000)&&!(B1152000>65535)&&!(B1000000)&&!(B2000000)&&!(B3000000)&&!(B4000000)||!(__FreeBSD__)&&(B115200)&&!(B115200>65535)&&!(B230400)&&(B460800)&&!(B460800>65535)&&!(B921600)&&(B1152000)&&!(B1152000>65535)&&!(B1000000)&&!(B2000000)&&!(B3000000)&&(B4000000)&&!(B4000000>65535)||!(__FreeBSD__)&&(B115200)&&!(B115200>65535)&&!(B230400)&&(B460800)&&!(B460800>65535)&&!(B921600)&&(B1152000)&&!(B1152000>65535)&&!(B1000000)&&!(B2000000)&&(B3000000)&&!(B3000000>65535)&&!(B4000000)||!(__FreeBSD__)&&(B115200)&&!(B115200>65535)&&!(B230400)&&(B460800)&&!(B460800>65535)&&!(B921600)&&(B1152000)&&!(B1152000>65535)&&!(B1000000)&&!(B2000000)&&(B3000000)&&!(B3000000>65535)&&(B4000000)&&!(B4000000>65535)||!(__FreeBSD__)&&(B115200)&&!(B115200>65535)&&!(B230400)&&(B460800)&&!(B460800>65535)&&!(B921600)&&(B1152000)&&!(B1152000>65535)&&!(B1000000)&&(B2000000)&&!(B2000000>65535)&&!(B3000000)&&!(B4000000)||!(__FreeBSD__)&&(B115200)&&!(B115200>65535)&&!(B230400)&&(B460800)&&!(B460800>65535)&&!(B921600)&&(B1152000)&&!(B1152000>65535)&&!(B1000000)&&(B2000000)&&!(B2000000>65535)&&!(B3000000)&&(B4000000)&&!(B4000000>65535)||!(__FreeBSD__)&&(B115200)&&!(B115200>65535)&&!(B230400)&&(B460800)&&!(B460800>65535)&&!(B921600)&&(B1152000)&&!(B1152000>65535)&&!(B1000000)&&(B2000000)&&!(B2000000>65535)&&(B3000000)&&!(B3000000>65535)&&!(B4000000)||!(__FreeBSD__)&&(B115200)&&!(B115200>65535)&&!(B230400)&&(B460800)&&!(B460800>65535)&&!(B921600)&&(B1152000)&&!(B1152000>65535)&&!(B1000000)&&(B2000000)&&!(B2000000>65535)&&(B3000000)&&!(B3000000>65535)&&(B4000000)&&!(B4000000>65535)||!(__FreeBSD__)&&(B115200)&&!(B115200>65535)&&!(B230400)&&(B460800)&&!(B460800>65535)&&!(B921600)&&(B1152000)&&!(B1152000>65535)&&(B1000000)&&!(B1000000>65535)&&!(B2000000)&&!(B3000000)&&!(B4000000)||!(__FreeBSD__)&&(B115200)&&!(B115200>65535)&&!(B230400)&&(B460800)&&!(B460800>65535)&&!(B921600)&&(B1152000)&&!(B1152000>65535)&&(B1000000)&&!(B1000000>65535)&&!(B2000000)&&!(B3000000)&&(B4000000)&&!(B4000000>65535)||!(__FreeBSD__)&&(B115200)&&!(B115200>65535)&&!(B230400)&&(B460800)&&!(B460800>65535)&&!(B921600)&&(B1152000)&&!(B1152000>65535)&&(B1000000)&&!(B1000000>65535)&&!(B2000000)&&(B3000000)&&!(B3000000>65535)&&!(B4000000)||!(__FreeBSD__)&&(B115200)&&!(B115200>65535)&&!(B230400)&&(B460800)&&!(B460800>65535)&&!(B921600)&&(B1152000)&&!(B1152000>65535)&&(B1000000)&&!(B1000000>65535)&&!(B2000000)&&(B3000000)&&!(B3000000>65535)&&(B4000000)&&!(B4000000>65535)||!(__FreeBSD__)&&(B115200)&&!(B115200>65535)&&!(B230400)&&(B460800)&&!(B460800>65535)&&!(B921600)&&(B1152000)&&!(B1152000>65535)&&(B1000000)&&!(B1000000>65535)&&(B2000000)&&!(B2000000>65535)&&!(B3000000)&&!(B4000000)||!(__FreeBSD__)&&(B115200)&&!(B115200>65535)&&!(B230400)&&(B460800)&&!(B460800>65535)&&!(B921600)&&(B1152000)&&!(B1152000>65535)&&(B1000000)&&!(B1000000>65535)&&(B2000000)&&!(B2000000>65535)&&!(B3000000)&&(B4000000)&&!(B4000000>65535)||!(__FreeBSD__)&&(B115200)&&!(B115200>65535)&&!(B230400)&&(B460800)&&!(B460800>65535)&&!(B921600)&&(B1152000)&&!(B1152000>65535)&&(B1000000)&&!(B1000000>65535)&&(B2000000)&&!(B2000000>65535)&&(B3000000)&&!(B3000000>65535)&&!(B4000000)||!(__FreeBSD__)&&(B115200)&&!(B115200>65535)&&!(B230400)&&(B460800)&&!(B460800>65535)&&!(B921600)&&(B1152000)&&!(B1152000>65535)&&(B1000000)&&!(B1000000>65535)&&(B2000000)&&!(B2000000>65535)&&(B3000000)&&!(B3000000>65535)&&(B4000000)&&!(B4000000>65535)||!(__FreeBSD__)&&(B115200)&&!(B115200>65535)&&!(B230400)&&(B460800)&&!(B460800>65535)&&(B921600)&&!(B921600>65535)&&!(B1152000)&&!(B1000000)&&!(B2000000)&&!(B3000000)&&!(B4000000)||!(__FreeBSD__)&&(B115200)&&!(B115200>65535)&&!(B230400)&&(B460800)&&!(B460800>65535)&&(B921600)&&!(B921600>65535)&&!(B1152000)&&!(B1000000)&&!(B2000000)&&!(B3000000)&&(B4000000)&&!(B4000000>65535)||!(__FreeBSD__)&&(B115200)&&!(B115200>65535)&&!(B230400)&&(B460800)&&!(B460800>65535)&&(B921600)&&!(B921600>65535)&&!(B1152000)&&!(B1000000)&&!(B2000000)&&(B3000000)&&!(B3000000>65535)&&!(B4000000)||!(__FreeBSD__)&&(B115200)&&!(B115200>65535)&&!(B230400)&&(B460800)&&!(B460800>65535)&&(B921600)&&!(B921600>65535)&&!(B1152000)&&!(B1000000)&&!(B2000000)&&(B3000000)&&!(B3000000>65535)&&(B4000000)&&!(B4000000>65535)||!(__FreeBSD__)&&(B115200)&&!(B115200>65535)&&!(B230400)&&(B460800)&&!(B460800>65535)&&(B921600)&&!(B921600>65535)&&!(B1152000)&&!(B1000000)&&(B2000000)&&!(B2000000>65535)&&!(B3000000)&&!(B4000000)||!(__FreeBSD__)&&(B115200)&&!(B115200>65535)&&!(B230400)&&(B460800)&&!(B460800>65535)&&(B921600)&&!(B921600>65535)&&!(B1152000)&&!(B1000000)&&(B2000000)&&!(B2000000>65535)&&!(B3000000)&&(B4000000)&&!(B4000000>65535)||!(__FreeBSD__)&&(B115200)&&!(B115200>65535)&&!(B230400)&&(B460800)&&!(B460800>65535)&&(B921600)&&!(B921600>65535)&&!(B1152000)&&!(B1000000)&&(B2000000)&&!(B2000000>65535)&&(B3000000)&&!(B3000000>65535)&&!(B4000000)||!(__FreeBSD__)&&(B115200)&&!(B115200>65535)&&!(B230400)&&(B460800)&&!(B460800>65535)&&(B921600)&&!(B921600>65535)&&!(B1152000)&&!(B1000000)&&(B2000000)&&!(B2000000>65535)&&(B3000000)&&!(B3000000>65535)&&(B4000000)&&!(B4000000>65535)||!(__FreeBSD__)&&(B115200)&&!(B115200>65535)&&!(B230400)&&(B460800)&&!(B460800>65535)&&(B921600)&&!(B921600>65535)&&!(B1152000)&&(B1000000)&&!(B1000000>65535)&&!(B2000000)&&!(B3000000)&&!(B4000000)||!(__FreeBSD__)&&(B115200)&&!(B115200>65535)&&!(B230400)&&(B460800)&&!(B460800>65535)&&(B921600)&&!(B921600>65535)&&!(B1152000)&&(B1000000)&&!(B1000000>65535)&&!(B2000000)&&!(B3000000)&&(B4000000)&&!(B4000000>65535)||!(__FreeBSD__)&&(B115200)&&!(B115200>65535)&&!(B230400)&&(B460800)&&!(B460800>65535)&&(B921600)&&!(B921600>65535)&&!(B1152000)&&(B1000000)&&!(B1000000>65535)&&!(B2000000)&&(B3000000)&&!(B3000000>65535)&&!(B4000000)||!(__FreeBSD__)&&(B115200)&&!(B115200>65535)&&!(B230400)&&(B460800)&&!(B460800>65535)&&(B921600)&&!(B921600>65535)&&!(B1152000)&&(B1000000)&&!(B1000000>65535)&&!(B2000000)&&(B3000000)&&!(B3000000>65535)&&(B4000000)&&!(B4000000>65535)||!(__FreeBSD__)&&(B115200)&&!(B115200>65535)&&!(B230400)&&(B460800)&&!(B460800>65535)&&(B921600)&&!(B921600>65535)&&!(B1152000)&&(B1000000)&&!(B1000000>65535)&&(B2000000)&&!(B2000000>65535)&&!(B3000000)&&!(B4000000)||!(__FreeBSD__)&&(B115200)&&!(B115200>65535)&&!(B230400)&&(B460800)&&!(B460800>65535)&&(B921600)&&!(B921600>65535)&&!(B1152000)&&(B1000000)&&!(B1000000>65535)&&(B2000000)&&!(B2000000>65535)&&!(B3000000)&&(B4000000)&&!(B4000000>65535)||!(__FreeBSD__)&&(B115200)&&!(B115200>65535)&&!(B230400)&&(B460800)&&!(B460800>65535)&&(B921600)&&!(B921600>65535)&&!(B1152000)&&(B1000000)&&!(B1000000>65535)&&(B2000000)&&!(B2000000>65535)&&(B3000000)&&!(B3000000>65535)&&!(B4000000)||!(__FreeBSD__)&&(B115200)&&!(B115200>65535)&&!(B230400)&&(B460800)&&!(B460800>65535)&&(B921600)&&!(B921600>65535)&&!(B1152000)&&(B1000000)&&!(B1000000>65535)&&(B2000000)&&!(B2000000>65535)&&(B3000000)&&!(B3000000>65535)&&(B4000000)&&!(B4000000>65535)||!(__FreeBSD__)&&(B115200)&&!(B115200>65535)&&!(B230400)&&(B460800)&&!(B460800>65535)&&(B921600)&&!(B921600>65535)&&(B1152000)&&!(B1152000>65535)&&!(B1000000)&&!(B2000000)&&!(B3000000)&&!(B4000000)||!(__FreeBSD__)&&(B115200)&&!(B115200>65535)&&!(B230400)&&(B460800)&&!(B460800>65535)&&(B921600)&&!(B921600>65535)&&(B1152000)&&!(B1152000>65535)&&!(B1000000)&&!(B2000000)&&!(B3000000)&&(B4000000)&&!(B4000000>65535)||!(__FreeBSD__)&&(B115200)&&!(B115200>65535)&&!(B230400)&&(B460800)&&!(B460800>65535)&&(B921600)&&!(B921600>65535)&&(B1152000)&&!(B1152000>65535)&&!(B1000000)&&!(B2000000)&&(B3000000)&&!(B3000000>65535)&&!(B4000000)||!(__FreeBSD__)&&(B115200)&&!(B115200>65535)&&!(B230400)&&(B460800)&&!(B460800>65535)&&(B921600)&&!(B921600>65535)&&(B1152000)&&!(B1152000>65535)&&!(B1000000)&&!(B2000000)&&(B3000000)&&!(B3000000>65535)&&(B4000000)&&!(B4000000>65535)||!(__FreeBSD__)&&(B115200)&&!(B115200>65535)&&!(B230400)&&(B460800)&&!(B460800>65535)&&(B921600)&&!(B921600>65535)&&(B1152000)&&!(B1152000>65535)&&!(B1000000)&&(B2000000)&&!(B2000000>65535)&&!(B3000000)&&!(B4000000)||!(__FreeBSD__)&&(B115200)&&!(B115200>65535)&&!(B230400)&&(B460800)&&!(B460800>65535)&&(B921600)&&!(B921600>65535)&&(B1152000)&&!(B1152000>65535)&&!(B1000000)&&(B2000000)&&!(B2000000>65535)&&!(B3000000)&&(B4000000)&&!(B4000000>65535)||!(__FreeBSD__)&&(B115200)&&!(B115200>65535)&&!(B230400)&&(B460800)&&!(B460800>65535)&&(B921600)&&!(B921600>65535)&&(B1152000)&&!(B1152000>65535)&&!(B1000000)&&(B2000000)&&!(B2000000>65535)&&(B3000000)&&!(B3000000>65535)&&!(B4000000)||!(__FreeBSD__)&&(B115200)&&!(B115200>65535)&&!(B230400)&&(B460800)&&!(B460800>65535)&&(B921600)&&!(B921600>65535)&&(B1152000)&&!(B1152000>65535)&&!(B1000000)&&(B2000000)&&!(B2000000>65535)&&(B3000000)&&!(B3000000>65535)&&(B4000000)&&!(B4000000>65535)||!(__FreeBSD__)&&(B115200)&&!(B115200>65535)&&!(B230400)&&(B460800)&&!(B460800>65535)&&(B921600)&&!(B921600>65535)&&(B1152000)&&!(B1152000>65535)&&(B1000000)&&!(B1000000>65535)&&!(B2000000)&&!(B3000000)&&!(B4000000)||!(__FreeBSD__)&&(B115200)&&!(B115200>65535)&&!(B230400)&&(B460800)&&!(B460800>65535)&&(B921600)&&!(B921600>65535)&&(B1152000)&&!(B1152000>65535)&&(B1000000)&&!(B1000000>65535)&&!(B2000000)&&!(B3000000)&&(B4000000)&&!(B4000000>65535)||!(__FreeBSD__)&&(B115200)&&!(B115200>65535)&&!(B230400)&&(B460800)&&!(B460800>65535)&&(B921600)&&!(B921600>65535)&&(B1152000)&&!(B1152000>65535)&&(B1000000)&&!(B1000000>65535)&&!(B2000000)&&(B3000000)&&!(B3000000>65535)&&!(B4000000)||!(__FreeBSD__)&&(B115200)&&!(B115200>65535)&&!(B230400)&&(B460800)&&!(B460800>65535)&&(B921600)&&!(B921600>65535)&&(B1152000)&&!(B1152000>65535)&&(B1000000)&&!(B1000000>65535)&&!(B2000000)&&(B3000000)&&!(B3000000>65535)&&(B4000000)&&!(B4000000>65535)||!(__FreeBSD__)&&(B115200)&&!(B115200>65535)&&!(B230400)&&(B460800)&&!(B460800>65535)&&(B921600)&&!(B921600>65535)&&(B1152000)&&!(B1152000>65535)&&(B1000000)&&!(B1000000>65535)&&(B2000000)&&!(B2000000>65535)&&!(B3000000)&&!(B4000000)||!(__FreeBSD__)&&(B115200)&&!(B115200>65535)&&!(B230400)&&(B460800)&&!(B460800>65535)&&(B921600)&&!(B921600>65535)&&(B1152000)&&!(B1152000>65535)&&(B1000000)&&!(B1000000>65535)&&(B2000000)&&!(B2000000>65535)&&!(B3000000)&&(B4000000)&&!(B4000000>65535)||!(__FreeBSD__)&&(B115200)&&!(B115200>65535)&&!(B230400)&&(B460800)&&!(B460800>65535)&&(B921600)&&!(B921600>65535)&&(B1152000)&&!(B1152000>65535)&&(B1000000)&&!(B1000000>65535)&&(B2000000)&&!(B2000000>65535)&&(B3000000)&&!(B3000000>65535)&&!(B4000000)||!(__FreeBSD__)&&(B115200)&&!(B115200>65535)&&!(B230400)&&(B460800)&&!(B460800>65535)&&(B921600)&&!(B921600>65535)&&(B1152000)&&!(B1152000>65535)&&(B1000000)&&!(B1000000>65535)&&(B2000000)&&!(B2000000>65535)&&(B3000000)&&!(B3000000>65535)&&(B4000000)&&!(B4000000>65535)||!(__FreeBSD__)&&(B115200)&&!(B115200>65535)&&(B230400)&&!(B230400>65535)&&!(B460800)&&!(B921600)&&!(B1152000)&&!(B1000000)&&!(B2000000)&&!(B3000000)&&!(B4000000)||!(__FreeBSD__)&&(B115200)&&!(B115200>65535)&&(B230400)&&!(B230400>65535)&&!(B460800)&&!(B921600)&&!(B1152000)&&!(B1000000)&&!(B2000000)&&!(B3000000)&&(B4000000)&&!(B4000000>65535)||!(__FreeBSD__)&&(B115200)&&!(B115200>65535)&&(B230400)&&!(B230400>65535)&&!(B460800)&&!(B921600)&&!(B1152000)&&!(B1000000)&&!(B2000000)&&(B3000000)&&!(B3000000>65535)&&!(B4000000)||!(__FreeBSD__)&&(B115200)&&!(B115200>65535)&&(B230400)&&!(B230400>65535)&&!(B460800)&&!(B921600)&&!(B1152000)&&!(B1000000)&&!(B2000000)&&(B3000000)&&!(B3000000>65535)&&(B4000000)&&!(B4000000>65535)||!(__FreeBSD__)&&(B115200)&&!(B115200>65535)&&(B230400)&&!(B230400>65535)&&!(B460800)&&!(B921600)&&!(B1152000)&&!(B1000000)&&(B2000000)&&!(B2000000>65535)&&!(B3000000)&&!(B4000000)||!(__FreeBSD__)&&(B115200)&&!(B115200>65535)&&(B230400)&&!(B230400>65535)&&!(B460800)&&!(B921600)&&!(B1152000)&&!(B1000000)&&(B2000000)&&!(B2000000>65535)&&!(B3000000)&&(B4000000)&&!(B4000000>65535)||!(__FreeBSD__)&&(B115200)&&!(B115200>65535)&&(B230400)&&!(B230400>65535)&&!(B460800)&&!(B921600)&&!(B1152000)&&!(B1000000)&&(B2000000)&&!(B2000000>65535)&&(B3000000)&&!(B3000000>65535)&&!(B4000000)||!(__FreeBSD__)&&(B115200)&&!(B115200>65535)&&(B230400)&&!(B230400>65535)&&!(B460800)&&!(B921600)&&!(B1152000)&&!(B1000000)&&(B2000000)&&!(B2000000>65535)&&(B3000000)&&!(B3000000>65535)&&(B4000000)&&!(B4000000>65535)||!(__FreeBSD__)&&(B115200)&&!(B115200>65535)&&(B230400)&&!(B230400>65535)&&!(B460800)&&!(B921600)&&!(B1152000)&&(B1000000)&&!(B1000000>65535)&&!(B2000000)&&!(B3000000)&&!(B4000000)||!(__FreeBSD__)&&(B115200)&&!(B115200>65535)&&(B230400)&&!(B230400>65535)&&!(B460800)&&!(B921600)&&!(B1152000)&&(B1000000)&&!(B1000000>65535)&&!(B2000000)&&!(B3000000)&&(B4000000)&&!(B4000000>65535)||!(__FreeBSD__)&&(B115200)&&!(B115200>65535)&&(B230400)&&!(B230400>65535)&&!(B460800)&&!(B921600)&&!(B1152000)&&(B1000000)&&!(B1000000>65535)&&!(B2000000)&&(B3000000)&&!(B3000000>65535)&&!(B4000000)||!(__FreeBSD__)&&(B115200)&&!(B115200>65535)&&(B230400)&&!(B230400>65535)&&!(B460800)&&!(B921600)&&!(B1152000)&&(B1000000)&&!(B1000000>65535)&&!(B2000000)&&(B3000000)&&!(B3000000>65535)&&(B4000000)&&!(B4000000>65535)||!(__FreeBSD__)&&(B115200)&&!(B115200>65535)&&(B230400)&&!(B230400>65535)&&!(B460800)&&!(B921600)&&!(B1152000)&&(B1000000)&&!(B1000000>65535)&&(B2000000)&&!(B2000000>65535)&&!(B3000000)&&!(B4000000)||!(__FreeBSD__)&&(B115200)&&!(B115200>65535)&&(B230400)&&!(B230400>65535)&&!(B460800)&&!(B921600)&&!(B1152000)&&(B1000000)&&!(B1000000>65535)&&(B2000000)&&!(B2000000>65535)&&!(B3000000)&&(B4000000)&&!(B4000000>65535)||!(__FreeBSD__)&&(B115200)&&!(B115200>65535)&&(B230400)&&!(B230400>65535)&&!(B460800)&&!(B921600)&&!(B1152000)&&(B1000000)&&!(B1000000>65535)&&(B2000000)&&!(B2000000>65535)&&(B3000000)&&!(B3000000>65535)&&!(B4000000)||!(__FreeBSD__)&&(B115200)&&!(B115200>65535)&&(B230400)&&!(B230400>65535)&&!(B460800)&&!(B921600)&&!(B1152000)&&(B1000000)&&!(B1000000>65535)&&(B2000000)&&!(B2000000>65535)&&(B3000000)&&!(B3000000>65535)&&(B4000000)&&!(B4000000>65535)||!(__FreeBSD__)&&(B115200)&&!(B115200>65535)&&(B230400)&&!(B230400>65535)&&!(B460800)&&!(B921600)&&(B1152000)&&!(B1152000>65535)&&!(B1000000)&&!(B2000000)&&!(B3000000)&&!(B4000000)||!(__FreeBSD__)&&(B115200)&&!(B115200>65535)&&(B230400)&&!(B230400>65535)&&!(B460800)&&!(B921600)&&(B1152000)&&!(B1152000>65535)&&!(B1000000)&&!(B2000000)&&!(B3000000)&&(B4000000)&&!(B4000000>65535)||!(__FreeBSD__)&&(B115200)&&!(B115200>65535)&&(B230400)&&!(B230400>65535)&&!(B460800)&&!(B921600)&&(B1152000)&&!(B1152000>65535)&&!(B1000000)&&!(B2000000)&&(B3000000)&&!(B3000000>65535)&&!(B4000000)||!(__FreeBSD__)&&(B115200)&&!(B115200>65535)&&(B230400)&&!(B230400>65535)&&!(B460800)&&!(B921600)&&(B1152000)&&!(B1152000>65535)&&!(B1000000)&&!(B2000000)&&(B3000000)&&!(B3000000>65535)&&(B4000000)&&!(B4000000>65535)||!(__FreeBSD__)&&(B115200)&&!(B115200>65535)&&(B230400)&&!(B230400>65535)&&!(B460800)&&!(B921600)&&(B1152000)&&!(B1152000>65535)&&!(B1000000)&&(B2000000)&&!(B2000000>65535)&&!(B3000000)&&!(B4000000)||!(__FreeBSD__)&&(B115200)&&!(B115200>65535)&&(B230400)&&!(B230400>65535)&&!(B460800)&&!(B921600)&&(B1152000)&&!(B1152000>65535)&&!(B1000000)&&(B2000000)&&!(B2000000>65535)&&!(B3000000)&&(B4000000)&&!(B4000000>65535)||!(__FreeBSD__)&&(B115200)&&!(B115200>65535)&&(B230400)&&!(B230400>65535)&&!(B460800)&&!(B921600)&&(B1152000)&&!(B1152000>65535)&&!(B1000000)&&(B2000000)&&!(B2000000>65535)&&(B3000000)&&!(B3000000>65535)&&!(B4000000)||!(__FreeBSD__)&&(B115200)&&!(B115200>65535)&&(B230400)&&!(B230400>65535)&&!(B460800)&&!(B921600)&&(B1152000)&&!(B1152000>65535)&&!(B1000000)&&(B2000000)&&!(B2000000>65535)&&(B3000000)&&!(B3000000>65535)&&(B4000000)&&!(B4000000>65535)||!(__FreeBSD__)&&(B115200)&&!(B115200>65535)&&(B230400)&&!(B230400>65535)&&!(B460800)&&!(B921600)&&(B1152000)&&!(B1152000>65535)&&(B1000000)&&!(B1000000>65535)&&!(B2000000)&&!(B3000000)&&!(B4000000)||!(__FreeBSD__)&&(B115200)&&!(B115200>65535)&&(B230400)&&!(B230400>65535)&&!(B460800)&&!(B921600)&&(B1152000)&&!(B1152000>65535)&&(B1000000)&&!(B1000000>65535)&&!(B2000000)&&!(B3000000)&&(B4000000)&&!(B4000000>65535)||!(__FreeBSD__)&&(B115200)&&!(B115200>65535)&&(B230400)&&!(B230400>65535)&&!(B460800)&&!(B921600)&&(B1152000)&&!(B1152000>65535)&&(B1000000)&&!(B1000000>65535)&&!(B2000000)&&(B3000000)&&!(B3000000>65535)&&!(B4000000)||!(__FreeBSD__)&&(B115200)&&!(B115200>65535)&&(B230400)&&!(B230400>65535)&&!(B460800)&&!(B921600)&&(B1152000)&&!(B1152000>65535)&&(B1000000)&&!(B1000000>65535)&&!(B2000000)&&(B3000000)&&!(B3000000>65535)&&(B4000000)&&!(B4000000>65535)||!(__FreeBSD__)&&(B115200)&&!(B115200>65535)&&(B230400)&&!(B230400>65535)&&!(B460800)&&!(B921600)&&(B1152000)&&!(B1152000>65535)&&(B1000000)&&!(B1000000>65535)&&(B2000000)&&!(B2000000>65535)&&!(B3000000)&&!(B4000000)||!(__FreeBSD__)&&(B115200)&&!(B115200>65535)&&(B230400)&&!(B230400>65535)&&!(B460800)&&!(B921600)&&(B1152000)&&!(B1152000>65535)&&(B1000000)&&!(B1000000>65535)&&(B2000000)&&!(B2000000>65535)&&!(B3000000)&&(B4000000)&&!(B4000000>65535)||!(__FreeBSD__)&&(B115200)&&!(B115200>65535)&&(B230400)&&!(B230400>65535)&&!(B460800)&&!(B921600)&&(B1152000)&&!(B1152000>65535)&&(B1000000)&&!(B1000000>65535)&&(B2000000)&&!(B2000000>65535)&&(B3000000)&&!(B3000000>65535)&&!(B4000000)||!(__FreeBSD__)&&(B115200)&&!(B115200>65535)&&(B230400)&&!(B230400>65535)&&!(B460800)&&!(B921600)&&(B1152000)&&!(B1152000>65535)&&(B1000000)&&!(B1000000>65535)&&(B2000000)&&!(B2000000>65535)&&(B3000000)&&!(B3000000>65535)&&(B4000000)&&!(B4000000>65535)||!(__FreeBSD__)&&(B115200)&&!(B115200>65535)&&(B230400)&&!(B230400>65535)&&!(B460800)&&(B921600)&&!(B921600>65535)&&!(B1152000)&&!(B1000000)&&!(B2000000)&&!(B3000000)&&!(B4000000)||!(__FreeBSD__)&&(B115200)&&!(B115200>65535)&&(B230400)&&!(B230400>65535)&&!(B460800)&&(B921600)&&!(B921600>65535)&&!(B1152000)&&!(B1000000)&&!(B2000000)&&!(B3000000)&&(B4000000)&&!(B4000000>65535)||!(__FreeBSD__)&&(B115200)&&!(B115200>65535)&&(B230400)&&!(B230400>65535)&&!(B460800)&&(B921600)&&!(B921600>65535)&&!(B1152000)&&!(B1000000)&&!(B2000000)&&(B3000000)&&!(B3000000>65535)&&!(B4000000)||!(__FreeBSD__)&&(B115200)&&!(B115200>65535)&&(B230400)&&!(B230400>65535)&&!(B460800)&&(B921600)&&!(B921600>65535)&&!(B1152000)&&!(B1000000)&&!(B2000000)&&(B3000000)&&!(B3000000>65535)&&(B4000000)&&!(B4000000>65535)||!(__FreeBSD__)&&(B115200)&&!(B115200>65535)&&(B230400)&&!(B230400>65535)&&!(B460800)&&(B921600)&&!(B921600>65535)&&!(B1152000)&&!(B1000000)&&(B2000000)&&!(B2000000>65535)&&!(B3000000)&&!(B4000000)||!(__FreeBSD__)&&(B115200)&&!(B115200>65535)&&(B230400)&&!(B230400>65535)&&!(B460800)&&(B921600)&&!(B921600>65535)&&!(B1152000)&&!(B1000000)&&(B2000000)&&!(B2000000>65535)&&!(B3000000)&&(B4000000)&&!(B4000000>65535)||!(__FreeBSD__)&&(B115200)&&!(B115200>65535)&&(B230400)&&!(B230400>65535)&&!(B460800)&&(B921600)&&!(B921600>65535)&&!(B1152000)&&!(B1000000)&&(B2000000)&&!(B2000000>65535)&&(B3000000)&&!(B3000000>65535)&&!(B4000000)||!(__FreeBSD__)&&(B115200)&&!(B115200>65535)&&(B230400)&&!(B230400>65535)&&!(B460800)&&(B921600)&&!(B921600>65535)&&!(B1152000)&&!(B1000000)&&(B2000000)&&!(B2000000>65535)&&(B3000000)&&!(B3000000>65535)&&(B4000000)&&!(B4000000>65535)||!(__FreeBSD__)&&(B115200)&&!(B115200>65535)&&(B230400)&&!(B230400>65535)&&!(B460800)&&(B921600)&&!(B921600>65535)&&!(B1152000)&&(B1000000)&&!(B1000000>65535)&&!(B2000000)&&!(B3000000)&&!(B4000000)||!(__FreeBSD__)&&(B115200)&&!(B115200>65535)&&(B230400)&&!(B230400>65535)&&!(B460800)&&(B921600)&&!(B921600>65535)&&!(B1152000)&&(B1000000)&&!(B1000000>65535)&&!(B2000000)&&!(B3000000)&&(B4000000)&&!(B4000000>65535)||!(__FreeBSD__)&&(B115200)&&!(B115200>65535)&&(B230400)&&!(B230400>65535)&&!(B460800)&&(B921600)&&!(B921600>65535)&&!(B1152000)&&(B1000000)&&!(B1000000>65535)&&!(B2000000)&&(B3000000)&&!(B3000000>65535)&&!(B4000000)||!(__FreeBSD__)&&(B115200)&&!(B115200>65535)&&(B230400)&&!(B230400>65535)&&!(B460800)&&(B921600)&&!(B921600>65535)&&!(B1152000)&&(B1000000)&&!(B1000000>65535)&&!(B2000000)&&(B3000000)&&!(B3000000>65535)&&(B4000000)&&!(B4000000>65535)||!(__FreeBSD__)&&(B115200)&&!(B115200>65535)&&(B230400)&&!(B230400>65535)&&!(B460800)&&(B921600)&&!(B921600>65535)&&!(B1152000)&&(B1000000)&&!(B1000000>65535)&&(B2000000)&&!(B2000000>65535)&&!(B3000000)&&!(B4000000)||!(__FreeBSD__)&&(B115200)&&!(B115200>65535)&&(B230400)&&!(B230400>65535)&&!(B460800)&&(B921600)&&!(B921600>65535)&&!(B1152000)&&(B1000000)&&!(B1000000>65535)&&(B2000000)&&!(B2000000>65535)&&!(B3000000)&&(B4000000)&&!(B4000000>65535)||!(__FreeBSD__)&&(B115200)&&!(B115200>65535)&&(B230400)&&!(B230400>65535)&&!(B460800)&&(B921600)&&!(B921600>65535)&&!(B1152000)&&(B1000000)&&!(B1000000>65535)&&(B2000000)&&!(B2000000>65535)&&(B3000000)&&!(B3000000>65535)&&!(B4000000)||!(__FreeBSD__)&&(B115200)&&!(B115200>65535)&&(B230400)&&!(B230400>65535)&&!(B460800)&&(B921600)&&!(B921600>65535)&&!(B1152000)&&(B1000000)&&!(B1000000>65535)&&(B2000000)&&!(B2000000>65535)&&(B3000000)&&!(B3000000>65535)&&(B4000000)&&!(B4000000>65535)||!(__FreeBSD__)&&(B115200)&&!(B115200>65535)&&(B230400)&&!(B230400>65535)&&!(B460800)&&(B921600)&&!(B921600>65535)&&(B1152000)&&!(B1152000>65535)&&!(B1000000)&&!(B2000000)&&!(B3000000)&&!(B4000000)||!(__FreeBSD__)&&(B115200)&&!(B115200>65535)&&(B230400)&&!(B230400>65535)&&!(B460800)&&(B921600)&&!(B921600>65535)&&(B1152000)&&!(B1152000>65535)&&!(B1000000)&&!(B2000000)&&!(B3000000)&&(B4000000)&&!(B4000000>65535)||!(__FreeBSD__)&&(B115200)&&!(B115200>65535)&&(B230400)&&!(B230400>65535)&&!(B460800)&&(B921600)&&!(B921600>65535)&&(B1152000)&&!(B1152000>65535)&&!(B1000000)&&!(B2000000)&&(B3000000)&&!(B3000000>65535)&&!(B4000000)||!(__FreeBSD__)&&(B115200)&&!(B115200>65535)&&(B230400)&&!(B230400>65535)&&!(B460800)&&(B921600)&&!(B921600>65535)&&(B1152000)&&!(B1152000>65535)&&!(B1000000)&&!(B2000000)&&(B3000000)&&!(B3000000>65535)&&(B4000000)&&!(B4000000>65535)||!(__FreeBSD__)&&(B115200)&&!(B115200>65535)&&(B230400)&&!(B230400>65535)&&!(B460800)&&(B921600)&&!(B921600>65535)&&(B1152000)&&!(B1152000>65535)&&!(B1000000)&&(B2000000)&&!(B2000000>65535)&&!(B3000000)&&!(B4000000)||!(__FreeBSD__)&&(B115200)&&!(B115200>65535)&&(B230400)&&!(B230400>65535)&&!(B460800)&&(B921600)&&!(B921600>65535)&&(B1152000)&&!(B1152000>65535)&&!(B1000000)&&(B2000000)&&!(B2000000>65535)&&!(B3000000)&&(B4000000)&&!(B4000000>65535)||!(__FreeBSD__)&&(B115200)&&!(B115200>65535)&&(B230400)&&!(B230400>65535)&&!(B460800)&&(B921600)&&!(B921600>65535)&&(B1152000)&&!(B1152000>65535)&&!(B1000000)&&(B2000000)&&!(B2000000>65535)&&(B3000000)&&!(B3000000>65535)&&!(B4000000)||!(__FreeBSD__)&&(B115200)&&!(B115200>65535)&&(B230400)&&!(B230400>65535)&&!(B460800)&&(B921600)&&!(B921600>65535)&&(B1152000)&&!(B1152000>65535)&&!(B1000000)&&(B2000000)&&!(B2000000>65535)&&(B3000000)&&!(B3000000>65535)&&(B4000000)&&!(B4000000>65535)||!(__FreeBSD__)&&(B115200)&&!(B115200>65535)&&(B230400)&&!(B230400>65535)&&!(B460800)&&(B921600)&&!(B921600>65535)&&(B1152000)&&!(B1152000>65535)&&(B1000000)&&!(B1000000>65535)&&!(B2000000)&&!(B3000000)&&!(B4000000)||!(__FreeBSD__)&&(B115200)&&!(B115200>65535)&&(B230400)&&!(B230400>65535)&&!(B460800)&&(B921600)&&!(B921600>65535)&&(B1152000)&&!(B1152000>65535)&&(B1000000)&&!(B1000000>65535)&&!(B2000000)&&!(B3000000)&&(B4000000)&&!(B4000000>65535)||!(__FreeBSD__)&&(B115200)&&!(B115200>65535)&&(B230400)&&!(B230400>65535)&&!(B460800)&&(B921600)&&!(B921600>65535)&&(B1152000)&&!(B1152000>65535)&&(B1000000)&&!(B1000000>65535)&&!(B2000000)&&(B3000000)&&!(B3000000>65535)&&!(B4000000)||!(__FreeBSD__)&&(B115200)&&!(B115200>65535)&&(B230400)&&!(B230400>65535)&&!(B460800)&&(B921600)&&!(B921600>65535)&&(B1152000)&&!(B1152000>65535)&&(B1000000)&&!(B1000000>65535)&&!(B2000000)&&(B3000000)&&!(B3000000>65535)&&(B4000000)&&!(B4000000>65535)||!(__FreeBSD__)&&(B115200)&&!(B115200>65535)&&(B230400)&&!(B230400>65535)&&!(B460800)&&(B921600)&&!(B921600>65535)&&(B1152000)&&!(B1152000>65535)&&(B1000000)&&!(B1000000>65535)&&(B2000000)&&!(B2000000>65535)&&!(B3000000)&&!(B4000000)||!(__FreeBSD__)&&(B115200)&&!(B115200>65535)&&(B230400)&&!(B230400>65535)&&!(B460800)&&(B921600)&&!(B921600>65535)&&(B1152000)&&!(B1152000>65535)&&(B1000000)&&!(B1000000>65535)&&(B2000000)&&!(B2000000>65535)&&!(B3000000)&&(B4000000)&&!(B4000000>65535)||!(__FreeBSD__)&&(B115200)&&!(B115200>65535)&&(B230400)&&!(B230400>65535)&&!(B460800)&&(B921600)&&!(B921600>65535)&&(B1152000)&&!(B1152000>65535)&&(B1000000)&&!(B1000000>65535)&&(B2000000)&&!(B2000000>65535)&&(B3000000)&&!(B3000000>65535)&&!(B4000000)||!(__FreeBSD__)&&(B115200)&&!(B115200>65535)&&(B230400)&&!(B230400>65535)&&!(B460800)&&(B921600)&&!(B921600>65535)&&(B1152000)&&!(B1152000>65535)&&(B1000000)&&!(B1000000>65535)&&(B2000000)&&!(B2000000>65535)&&(B3000000)&&!(B3000000>65535)&&(B4000000)&&!(B4000000>65535)||!(__FreeBSD__)&&(B115200)&&!(B115200>65535)&&(B230400)&&!(B230400>65535)&&(B460800)&&!(B460800>65535)&&!(B921600)&&!(B1152000)&&!(B1000000)&&!(B2000000)&&!(B3000000)&&!(B4000000)||!(__FreeBSD__)&&(B115200)&&!(B115200>65535)&&(B230400)&&!(B230400>65535)&&(B460800)&&!(B460800>65535)&&!(B921600)&&!(B1152000)&&!(B1000000)&&!(B2000000)&&!(B3000000)&&(B4000000)&&!(B4000000>65535)||!(__FreeBSD__)&&(B115200)&&!(B115200>65535)&&(B230400)&&!(B230400>65535)&&(B460800)&&!(B460800>65535)&&!(B921600)&&!(B1152000)&&!(B1000000)&&!(B2000000)&&(B3000000)&&!(B3000000>65535)&&!(B4000000)||!(__FreeBSD__)&&(B115200)&&!(B115200>65535)&&(B230400)&&!(B230400>65535)&&(B460800)&&!(B460800>65535)&&!(B921600)&&!(B1152000)&&!(B1000000)&&!(B2000000)&&(B3000000)&&!(B3000000>65535)&&(B4000000)&&!(B4000000>65535)||!(__FreeBSD__)&&(B115200)&&!(B115200>65535)&&(B230400)&&!(B230400>65535)&&(B460800)&&!(B460800>65535)&&!(B921600)&&!(B1152000)&&!(B1000000)&&(B2000000)&&!(B2000000>65535)&&!(B3000000)&&!(B4000000)||!(__FreeBSD__)&&(B115200)&&!(B115200>65535)&&(B230400)&&!(B230400>65535)&&(B460800)&&!(B460800>65535)&&!(B921600)&&!(B1152000)&&!(B1000000)&&(B2000000)&&!(B2000000>65535)&&!(B3000000)&&(B4000000)&&!(B4000000>65535)||!(__FreeBSD__)&&(B115200)&&!(B115200>65535)&&(B230400)&&!(B230400>65535)&&(B460800)&&!(B460800>65535)&&!(B921600)&&!(B1152000)&&!(B1000000)&&(B2000000)&&!(B2000000>65535)&&(B3000000)&&!(B3000000>65535)&&!(B4000000)||!(__FreeBSD__)&&(B115200)&&!(B115200>65535)&&(B230400)&&!(B230400>65535)&&(B460800)&&!(B460800>65535)&&!(B921600)&&!(B1152000)&&!(B1000000)&&(B2000000)&&!(B2000000>65535)&&(B3000000)&&!(B3000000>65535)&&(B4000000)&&!(B4000000>65535)||!(__FreeBSD__)&&(B115200)&&!(B115200>65535)&&(B230400)&&!(B230400>65535)&&(B460800)&&!(B460800>65535)&&!(B921600)&&!(B1152000)&&(B1000000)&&!(B1000000>65535)&&!(B2000000)&&!(B3000000)&&!(B4000000)||!(__FreeBSD__)&&(B115200)&&!(B115200>65535)&&(B230400)&&!(B230400>65535)&&(B460800)&&!(B460800>65535)&&!(B921600)&&!(B1152000)&&(B1000000)&&!(B1000000>65535)&&!(B2000000)&&!(B3000000)&&(B4000000)&&!(B4000000>65535)||!(__FreeBSD__)&&(B115200)&&!(B115200>65535)&&(B230400)&&!(B230400>65535)&&(B460800)&&!(B460800>65535)&&!(B921600)&&!(B1152000)&&(B1000000)&&!(B1000000>65535)&&!(B2000000)&&(B3000000)&&!(B3000000>65535)&&!(B4000000)||!(__FreeBSD__)&&(B115200)&&!(B115200>65535)&&(B230400)&&!(B230400>65535)&&(B460800)&&!(B460800>65535)&&!(B921600)&&!(B1152000)&&(B1000000)&&!(B1000000>65535)&&!(B2000000)&&(B3000000)&&!(B3000000>65535)&&(B4000000)&&!(B4000000>65535)||!(__FreeBSD__)&&(B115200)&&!(B115200>65535)&&(B230400)&&!(B230400>65535)&&(B460800)&&!(B460800>65535)&&!(B921600)&&!(B1152000)&&(B1000000)&&!(B1000000>65535)&&(B2000000)&&!(B2000000>65535)&&!(B3000000)&&!(B4000000)||!(__FreeBSD__)&&(B115200)&&!(B115200>65535)&&(B230400)&&!(B230400>65535)&&(B460800)&&!(B460800>65535)&&!(B921600)&&!(B1152000)&&(B1000000)&&!(B1000000>65535)&&(B2000000)&&!(B2000000>65535)&&!(B3000000)&&(B4000000)&&!(B4000000>65535)||!(__FreeBSD__)&&(B115200)&&!(B115200>65535)&&(B230400)&&!(B230400>65535)&&(B460800)&&!(B460800>65535)&&!(B921600)&&!(B1152000)&&(B1000000)&&!(B1000000>65535)&&(B2000000)&&!(B2000000>65535)&&(B3000000)&&!(B3000000>65535)&&!(B4000000)||!(__FreeBSD__)&&(B115200)&&!(B115200>65535)&&(B230400)&&!(B230400>65535)&&(B460800)&&!(B460800>65535)&&!(B921600)&&!(B1152000)&&(B1000000)&&!(B1000000>65535)&&(B2000000)&&!(B2000000>65535)&&(B3000000)&&!(B3000000>65535)&&(B4000000)&&!(B4000000>65535)||!(__FreeBSD__)&&(B115200)&&!(B115200>65535)&&(B230400)&&!(B230400>65535)&&(B460800)&&!(B460800>65535)&&!(B921600)&&(B1152000)&&!(B1152000>65535)&&!(B1000000)&&!(B2000000)&&!(B3000000)&&!(B4000000)||!(__FreeBSD__)&&(B115200)&&!(B115200>65535)&&(B230400)&&!(B230400>65535)&&(B460800)&&!(B460800>65535)&&!(B921600)&&(B1152000)&&!(B1152000>65535)&&!(B1000000)&&!(B2000000)&&!(B3000000)&&(B4000000)&&!(B4000000>65535)||!(__FreeBSD__)&&(B115200)&&!(B115200>65535)&&(B230400)&&!(B230400>65535)&&(B460800)&&!(B460800>65535)&&!(B921600)&&(B1152000)&&!(B1152000>65535)&&!(B1000000)&&!(B2000000)&&(B3000000)&&!(B3000000>65535)&&!(B4000000)||!(__FreeBSD__)&&(B115200)&&!(B115200>65535)&&(B230400)&&!(B230400>65535)&&(B460800)&&!(B460800>65535)&&!(B921600)&&(B1152000)&&!(B1152000>65535)&&!(B1000000)&&!(B2000000)&&(B3000000)&&!(B3000000>65535)&&(B4000000)&&!(B4000000>65535)||!(__FreeBSD__)&&(B115200)&&!(B115200>65535)&&(B230400)&&!(B230400>65535)&&(B460800)&&!(B460800>65535)&&!(B921600)&&(B1152000)&&!(B1152000>65535)&&!(B1000000)&&(B2000000)&&!(B2000000>65535)&&!(B3000000)&&!(B4000000)||!(__FreeBSD__)&&(B115200)&&!(B115200>65535)&&(B230400)&&!(B230400>65535)&&(B460800)&&!(B460800>65535)&&!(B921600)&&(B1152000)&&!(B1152000>65535)&&!(B1000000)&&(B2000000)&&!(B2000000>65535)&&!(B3000000)&&(B4000000)&&!(B4000000>65535)||!(__FreeBSD__)&&(B115200)&&!(B115200>65535)&&(B230400)&&!(B230400>65535)&&(B460800)&&!(B460800>65535)&&!(B921600)&&(B1152000)&&!(B1152000>65535)&&!(B1000000)&&(B2000000)&&!(B2000000>65535)&&(B3000000)&&!(B3000000>65535)&&!(B4000000)||!(__FreeBSD__)&&(B115200)&&!(B115200>65535)&&(B230400)&&!(B230400>65535)&&(B460800)&&!(B460800>65535)&&!(B921600)&&(B1152000)&&!(B1152000>65535)&&!(B1000000)&&(B2000000)&&!(B2000000>65535)&&(B3000000)&&!(B3000000>65535)&&(B4000000)&&!(B4000000>65535)||!(__FreeBSD__)&&(B115200)&&!(B115200>65535)&&(B230400)&&!(B230400>65535)&&(B460800)&&!(B460800>65535)&&!(B921600)&&(B1152000)&&!(B1152000>65535)&&(B1000000)&&!(B1000000>65535)&&!(B2000000)&&!(B3000000)&&!(B4000000)||!(__FreeBSD__)&&(B115200)&&!(B115200>65535)&&(B230400)&&!(B230400>65535)&&(B460800)&&!(B460800>65535)&&!(B921600)&&(B1152000)&&!(B1152000>65535)&&(B1000000)&&!(B1000000>65535)&&!(B2000000)&&!(B3000000)&&(B4000000)&&!(B4000000>65535)||!(__FreeBSD__)&&(B115200)&&!(B115200>65535)&&(B230400)&&!(B230400>65535)&&(B460800)&&!(B460800>65535)&&!(B921600)&&(B1152000)&&!(B1152000>65535)&&(B1000000)&&!(B1000000>65535)&&!(B2000000)&&(B3000000)&&!(B3000000>65535)&&!(B4000000)||!(__FreeBSD__)&&(B115200)&&!(B115200>65535)&&(B230400)&&!(B230400>65535)&&(B460800)&&!(B460800>65535)&&!(B921600)&&(B1152000)&&!(B1152000>65535)&&(B1000000)&&!(B1000000>65535)&&!(B2000000)&&(B3000000)&&!(B3000000>65535)&&(B4000000)&&!(B4000000>65535)||!(__FreeBSD__)&&(B115200)&&!(B115200>65535)&&(B230400)&&!(B230400>65535)&&(B460800)&&!(B460800>65535)&&!(B921600)&&(B1152000)&&!(B1152000>65535)&&(B1000000)&&!(B1000000>65535)&&(B2000000)&&!(B2000000>65535)&&!(B3000000)&&!(B4000000)||!(__FreeBSD__)&&(B115200)&&!(B115200>65535)&&(B230400)&&!(B230400>65535)&&(B460800)&&!(B460800>65535)&&!(B921600)&&(B1152000)&&!(B1152000>65535)&&(B1000000)&&!(B1000000>65535)&&(B2000000)&&!(B2000000>65535)&&!(B3000000)&&(B4000000)&&!(B4000000>65535)||!(__FreeBSD__)&&(B115200)&&!(B115200>65535)&&(B230400)&&!(B230400>65535)&&(B460800)&&!(B460800>65535)&&!(B921600)&&(B1152000)&&!(B1152000>65535)&&(B1000000)&&!(B1000000>65535)&&(B2000000)&&!(B2000000>65535)&&(B3000000)&&!(B3000000>65535)&&!(B4000000)||!(__FreeBSD__)&&(B115200)&&!(B115200>65535)&&(B230400)&&!(B230400>65535)&&(B460800)&&!(B460800>65535)&&!(B921600)&&(B1152000)&&!(B1152000>65535)&&(B1000000)&&!(B1000000>65535)&&(B2000000)&&!(B2000000>65535)&&(B3000000)&&!(B3000000>65535)&&(B4000000)&&!(B4000000>65535)||!(__FreeBSD__)&&(B115200)&&!(B115200>65535)&&(B230400)&&!(B230400>65535)&&(B460800)&&!(B460800>65535)&&(B921600)&&!(B921600>65535)&&!(B1152000)&&!(B1000000)&&!(B2000000)&&!(B3000000)&&!(B4000000)||!(__FreeBSD__)&&(B115200)&&!(B115200>65535)&&(B230400)&&!(B230400>65535)&&(B460800)&&!(B460800>65535)&&(B921600)&&!(B921600>65535)&&!(B1152000)&&!(B1000000)&&!(B2000000)&&!(B3000000)&&(B4000000)&&!(B4000000>65535)||!(__FreeBSD__)&&(B115200)&&!(B115200>65535)&&(B230400)&&!(B230400>65535)&&(B460800)&&!(B460800>65535)&&(B921600)&&!(B921600>65535)&&!(B1152000)&&!(B1000000)&&!(B2000000)&&(B3000000)&&!(B3000000>65535)&&!(B4000000)||!(__FreeBSD__)&&(B115200)&&!(B115200>65535)&&(B230400)&&!(B230400>65535)&&(B460800)&&!(B460800>65535)&&(B921600)&&!(B921600>65535)&&!(B1152000)&&!(B1000000)&&!(B2000000)&&(B3000000)&&!(B3000000>65535)&&(B4000000)&&!(B4000000>65535)||!(__FreeBSD__)&&(B115200)&&!(B115200>65535)&&(B230400)&&!(B230400>65535)&&(B460800)&&!(B460800>65535)&&(B921600)&&!(B921600>65535)&&!(B1152000)&&!(B1000000)&&(B2000000)&&!(B2000000>65535)&&!(B3000000)&&!(B4000000)||!(__FreeBSD__)&&(B115200)&&!(B115200>65535)&&(B230400)&&!(B230400>65535)&&(B460800)&&!(B460800>65535)&&(B921600)&&!(B921600>65535)&&!(B1152000)&&!(B1000000)&&(B2000000)&&!(B2000000>65535)&&!(B3000000)&&(B4000000)&&!(B4000000>65535)||!(__FreeBSD__)&&(B115200)&&!(B115200>65535)&&(B230400)&&!(B230400>65535)&&(B460800)&&!(B460800>65535)&&(B921600)&&!(B921600>65535)&&!(B1152000)&&!(B1000000)&&(B2000000)&&!(B2000000>65535)&&(B3000000)&&!(B3000000>65535)&&!(B4000000)||!(__FreeBSD__)&&(B115200)&&!(B115200>65535)&&(B230400)&&!(B230400>65535)&&(B460800)&&!(B460800>65535)&&(B921600)&&!(B921600>65535)&&!(B1152000)&&!(B1000000)&&(B2000000)&&!(B2000000>65535)&&(B3000000)&&!(B3000000>65535)&&(B4000000)&&!(B4000000>65535)||!(__FreeBSD__)&&(B115200)&&!(B115200>65535)&&(B230400)&&!(B230400>65535)&&(B460800)&&!(B460800>65535)&&(B921600)&&!(B921600>65535)&&!(B1152000)&&(B1000000)&&!(B1000000>65535)&&!(B2000000)&&!(B3000000)&&!(B4000000)||!(__FreeBSD__)&&(B115200)&&!(B115200>65535)&&(B230400)&&!(B230400>65535)&&(B460800)&&!(B460800>65535)&&(B921600)&&!(B921600>65535)&&!(B1152000)&&(B1000000)&&!(B1000000>65535)&&!(B2000000)&&!(B3000000)&&(B4000000)&&!(B4000000>65535)||!(__FreeBSD__)&&(B115200)&&!(B115200>65535)&&(B230400)&&!(B230400>65535)&&(B460800)&&!(B460800>65535)&&(B921600)&&!(B921600>65535)&&!(B1152000)&&(B1000000)&&!(B1000000>65535)&&!(B2000000)&&(B3000000)&&!(B3000000>65535)&&!(B4000000)||!(__FreeBSD__)&&(B115200)&&!(B115200>65535)&&(B230400)&&!(B230400>65535)&&(B460800)&&!(B460800>65535)&&(B921600)&&!(B921600>65535)&&!(B1152000)&&(B1000000)&&!(B1000000>65535)&&!(B2000000)&&(B3000000)&&!(B3000000>65535)&&(B4000000)&&!(B4000000>65535)||!(__FreeBSD__)&&(B115200)&&!(B115200>65535)&&(B230400)&&!(B230400>65535)&&(B460800)&&!(B460800>65535)&&(B921600)&&!(B921600>65535)&&!(B1152000)&&(B1000000)&&!(B1000000>65535)&&(B2000000)&&!(B2000000>65535)&&!(B3000000)&&!(B4000000)||!(__FreeBSD__)&&(B115200)&&!(B115200>65535)&&(B230400)&&!(B230400>65535)&&(B460800)&&!(B460800>65535)&&(B921600)&&!(B921600>65535)&&!(B1152000)&&(B1000000)&&!(B1000000>65535)&&(B2000000)&&!(B2000000>65535)&&!(B3000000)&&(B4000000)&&!(B4000000>65535)||!(__FreeBSD__)&&(B115200)&&!(B115200>65535)&&(B230400)&&!(B230400>65535)&&(B460800)&&!(B460800>65535)&&(B921600)&&!(B921600>65535)&&!(B1152000)&&(B1000000)&&!(B1000000>65535)&&(B2000000)&&!(B2000000>65535)&&(B3000000)&&!(B3000000>65535)&&!(B4000000)||!(__FreeBSD__)&&(B115200)&&!(B115200>65535)&&(B230400)&&!(B230400>65535)&&(B460800)&&!(B460800>65535)&&(B921600)&&!(B921600>65535)&&!(B1152000)&&(B1000000)&&!(B1000000>65535)&&(B2000000)&&!(B2000000>65535)&&(B3000000)&&!(B3000000>65535)&&(B4000000)&&!(B4000000>65535)||!(__FreeBSD__)&&(B115200)&&!(B115200>65535)&&(B230400)&&!(B230400>65535)&&(B460800)&&!(B460800>65535)&&(B921600)&&!(B921600>65535)&&(B1152000)&&!(B1152000>65535)&&!(B1000000)&&!(B2000000)&&!(B3000000)&&!(B4000000)||!(__FreeBSD__)&&(B115200)&&!(B115200>65535)&&(B230400)&&!(B230400>65535)&&(B460800)&&!(B460800>65535)&&(B921600)&&!(B921600>65535)&&(B1152000)&&!(B1152000>65535)&&!(B1000000)&&!(B2000000)&&!(B3000000)&&(B4000000)&&!(B4000000>65535)||!(__FreeBSD__)&&(B115200)&&!(B115200>65535)&&(B230400)&&!(B230400>65535)&&(B460800)&&!(B460800>65535)&&(B921600)&&!(B921600>65535)&&(B1152000)&&!(B1152000>65535)&&!(B1000000)&&!(B2000000)&&(B3000000)&&!(B3000000>65535)&&!(B4000000)||!(__FreeBSD__)&&(B115200)&&!(B115200>65535)&&(B230400)&&!(B230400>65535)&&(B460800)&&!(B460800>65535)&&(B921600)&&!(B921600>65535)&&(B1152000)&&!(B1152000>65535)&&!(B1000000)&&!(B2000000)&&(B3000000)&&!(B3000000>65535)&&(B4000000)&&!(B4000000>65535)||!(__FreeBSD__)&&(B115200)&&!(B115200>65535)&&(B230400)&&!(B230400>65535)&&(B460800)&&!(B460800>65535)&&(B921600)&&!(B921600>65535)&&(B1152000)&&!(B1152000>65535)&&!(B1000000)&&(B2000000)&&!(B2000000>65535)&&!(B3000000)&&!(B4000000)||!(__FreeBSD__)&&(B115200)&&!(B115200>65535)&&(B230400)&&!(B230400>65535)&&(B460800)&&!(B460800>65535)&&(B921600)&&!(B921600>65535)&&(B1152000)&&!(B1152000>65535)&&!(B1000000)&&(B2000000)&&!(B2000000>65535)&&!(B3000000)&&(B4000000)&&!(B4000000>65535)||!(__FreeBSD__)&&(B115200)&&!(B115200>65535)&&(B230400)&&!(B230400>65535)&&(B460800)&&!(B460800>65535)&&(B921600)&&!(B921600>65535)&&(B1152000)&&!(B1152000>65535)&&!(B1000000)&&(B2000000)&&!(B2000000>65535)&&(B3000000)&&!(B3000000>65535)&&!(B4000000)||!(__FreeBSD__)&&(B115200)&&!(B115200>65535)&&(B230400)&&!(B230400>65535)&&(B460800)&&!(B460800>65535)&&(B921600)&&!(B921600>65535)&&(B1152000)&&!(B1152000>65535)&&!(B1000000)&&(B2000000)&&!(B2000000>65535)&&(B3000000)&&!(B3000000>65535)&&(B4000000)&&!(B4000000>65535)||!(__FreeBSD__)&&(B115200)&&!(B115200>65535)&&(B230400)&&!(B230400>65535)&&(B460800)&&!(B460800>65535)&&(B921600)&&!(B921600>65535)&&(B1152000)&&!(B1152000>65535)&&(B1000000)&&!(B1000000>65535)&&!(B2000000)&&!(B3000000)&&!(B4000000)||!(__FreeBSD__)&&(B115200)&&!(B115200>65535)&&(B230400)&&!(B230400>65535)&&(B460800)&&!(B460800>65535)&&(B921600)&&!(B921600>65535)&&(B1152000)&&!(B1152000>65535)&&(B1000000)&&!(B1000000>65535)&&!(B2000000)&&!(B3000000)&&(B4000000)&&!(B4000000>65535)||!(__FreeBSD__)&&(B115200)&&!(B115200>65535)&&(B230400)&&!(B230400>65535)&&(B460800)&&!(B460800>65535)&&(B921600)&&!(B921600>65535)&&(B1152000)&&!(B1152000>65535)&&(B1000000)&&!(B1000000>65535)&&!(B2000000)&&(B3000000)&&!(B3000000>65535)&&!(B4000000)||!(__FreeBSD__)&&(B115200)&&!(B115200>65535)&&(B230400)&&!(B230400>65535)&&(B460800)&&!(B460800>65535)&&(B921600)&&!(B921600>65535)&&(B1152000)&&!(B1152000>65535)&&(B1000000)&&!(B1000000>65535)&&!(B2000000)&&(B3000000)&&!(B3000000>65535)&&(B4000000)&&!(B4000000>65535)||!(__FreeBSD__)&&(B115200)&&!(B115200>65535)&&(B230400)&&!(B230400>65535)&&(B460800)&&!(B460800>65535)&&(B921600)&&!(B921600>65535)&&(B1152000)&&!(B1152000>65535)&&(B1000000)&&!(B1000000>65535)&&(B2000000)&&!(B2000000>65535)&&!(B3000000)&&!(B4000000)||!(__FreeBSD__)&&(B115200)&&!(B115200>65535)&&(B230400)&&!(B230400>65535)&&(B460800)&&!(B460800>65535)&&(B921600)&&!(B921600>65535)&&(B1152000)&&!(B1152000>65535)&&(B1000000)&&!(B1000000>65535)&&(B2000000)&&!(B2000000>65535)&&!(B3000000)&&(B4000000)&&!(B4000000>65535)||!(__FreeBSD__)&&(B115200)&&!(B115200>65535)&&(B230400)&&!(B230400>65535)&&(B460800)&&!(B460800>65535)&&(B921600)&&!(B921600>65535)&&(B1152000)&&!(B1152000>65535)&&(B1000000)&&!(B1000000>65535)&&(B2000000)&&!(B2000000>65535)&&(B3000000)&&!(B3000000>65535)&&!(B4000000)||!(__FreeBSD__)&&(B115200)&&!(B115200>65535)&&(B230400)&&!(B230400>65535)&&(B460800)&&!(B460800>65535)&&(B921600)&&!(B921600>65535)&&(B1152000)&&!(B1152000>65535)&&(B1000000)&&!(B1000000>65535)&&(B2000000)&&!(B2000000>65535)&&(B3000000)&&!(B3000000>65535)&&(B4000000)&&!(B4000000>65535),10,1,25
speed_table.txt,!(B19200)&&(EXTA),2,1,49
speed_table.txt,!(B38400)&&(EXTB),2,1,56
ssl_helper.txt,(USE_HEADER_KEYS)&&(ID_RSA),2,3,"50,51,52"
start_stop_daemon.txt,ENABLE_FEATURE_START_STOP_DAEMON_LONG_OPTIONS&&ENABLE_FEATURE_START_STOP_DAEMON_FANCY,2,4,"424,425,426,437"
stat.txt,!ENABLE_FEATURE_STAT_FORMAT&&ENABLE_FEATURE_STAT_FILESYSTEM&&ENABLE_SELINUX,3,23,"556,557,558,559,560,561,562,563,564,565,566,567,568,569,570,571,572,573,574,575,576,577,578"
stat.txt,ENABLE_FEATURE_STAT_FORMAT&&ENABLE_FEATURE_STAT_FILESYSTEM&&ENABLE_SELINUX,3,19,"296,297,507,508,509,510,511,512,513,514,515,516,517,518,519,520,521,522,523"
stat.txt,!ENABLE_FEATURE_STAT_FORMAT&&ENABLE_FEATURE_STAT_FILESYSTEM&&!ENABLE_SELINUX,3,12,"543,544,545,546,547,548,549,550,551,552,553,554"
stat.txt,ENABLE_FEATURE_STAT_FORMAT&&ENABLE_FEATURE_STAT_FILESYSTEM&&!ENABLE_SELINUX,3,7,"499,500,501,502,503,504,505"
stat.txt,ENABLE_FEATURE_STAT_FORMAT&&ENABLE_FEATURE_STAT_FILESYSTEM,2,50,"258,259,260,261,262,263,264,265,266,267,268,269,270,271,272,273,274,275,276,277,278,279,280,281,282,283,284,285,286,287,288,289,290,291,292,293,294,295,298,299,300,301,302,303,497,498,506,524,525,526"
stat.txt,ENABLE_FEATURE_STAT_FORMAT&&ENABLE_SELINUX,2,43,"400,401,635,636,637,638,639,640,641,642,643,644,645,646,647,648,649,650,651,652,653,654,655,656,657,658,659,660,661,662,663,664,665,666,667,668,669,670,671,672,673,674,675"
stat.txt,ENABLE_FEATURE_STAT_FORMAT&&!ENABLE_SELINUX,2,20,"614,615,616,617,618,619,620,621,622,623,624,625,626,627,628,629,630,631,632,633"
stat.txt,!ENABLE_FEATURE_STAT_FORMAT&&ENABLE_FEATURE_STAT_FILESYSTEM,2,18,"475,528,529,530,531,532,533,534,535,536,537,538,539,540,541,542,555,579"
stat.txt,ENABLE_FEATURE_STAT_FILESYSTEM&&ENABLE_SELINUX,2,12,"478,479,480,481,482,483,484,485,486,487,488,489"
stat.txt,!ENABLE_FEATURE_STAT_FORMAT&&ENABLE_SELINUX,2,6,"700,701,702,703,747,748"
stat.txt,!ENABLE_FEATURE_STAT_FILESYSTEM&&ENABLE_SELINUX||ENABLE_FEATURE_STAT_FILESYSTEM,2,3,"766,767,768"
stat.txt,ENABLE_FEATURE_STAT_FILESYSTEM&&!ENABLE_FEATURE_STAT_FORMAT,2,1,469
stty.txt,!(BSDLY)&&!(CRDLY)&&!(FFDLY)&&!(NLDLY)&&!(TABDLY)&&!(VTDLY)&&(((((((CSIZE|0)|0)|0)|0)|0)|0)<256)||!(BSDLY)&&!(CRDLY)&&!(FFDLY)&&!(NLDLY)&&!(TABDLY)&&(VTDLY)&&(((((((CSIZE|0)|0)|0)|0)|VTDLY)|0)<256)||!(BSDLY)&&!(CRDLY)&&!(FFDLY)&&!(NLDLY)&&(TABDLY)&&!(VTDLY)&&(((((((CSIZE|0)|0)|TABDLY)|0)|0)|0)<256)||!(BSDLY)&&!(CRDLY)&&!(FFDLY)&&!(NLDLY)&&(TABDLY)&&(VTDLY)&&(((((((CSIZE|0)|0)|TABDLY)|0)|VTDLY)|0)<256)||!(BSDLY)&&!(CRDLY)&&!(FFDLY)&&(NLDLY)&&!(TABDLY)&&!(VTDLY)&&(((((((CSIZE|NLDLY)|0)|0)|0)|0)|0)<256)||!(BSDLY)&&!(CRDLY)&&!(FFDLY)&&(NLDLY)&&!(TABDLY)&&(VTDLY)&&(((((((CSIZE|NLDLY)|0)|0)|0)|VTDLY)|0)<256)||!(BSDLY)&&!(CRDLY)&&!(FFDLY)&&(NLDLY)&&(TABDLY)&&!(VTDLY)&&(((((((CSIZE|NLDLY)|0)|TABDLY)|0)|0)|0)<256)||!(BSDLY)&&!(CRDLY)&&!(FFDLY)&&(NLDLY)&&(TABDLY)&&(VTDLY)&&(((((((CSIZE|NLDLY)|0)|TABDLY)|0)|VTDLY)|0)<256)||!(BSDLY)&&!(CRDLY)&&(FFDLY)&&!(NLDLY)&&!(TABDLY)&&!(VTDLY)&&(((((((CSIZE|0)|0)|0)|0)|0)|FFDLY)<256)||!(BSDLY)&&!(CRDLY)&&(FFDLY)&&!(NLDLY)&&!(TABDLY)&&(VTDLY)&&(((((((CSIZE|0)|0)|0)|0)|VTDLY)|FFDLY)<256)||!(BSDLY)&&!(CRDLY)&&(FFDLY)&&!(NLDLY)&&(TABDLY)&&!(VTDLY)&&(((((((CSIZE|0)|0)|TABDLY)|0)|0)|FFDLY)<256)||!(BSDLY)&&!(CRDLY)&&(FFDLY)&&!(NLDLY)&&(TABDLY)&&(VTDLY)&&(((((((CSIZE|0)|0)|TABDLY)|0)|VTDLY)|FFDLY)<256)||!(BSDLY)&&!(CRDLY)&&(FFDLY)&&(NLDLY)&&!(TABDLY)&&!(VTDLY)&&(((((((CSIZE|NLDLY)|0)|0)|0)|0)|FFDLY)<256)||!(BSDLY)&&!(CRDLY)&&(FFDLY)&&(NLDLY)&&!(TABDLY)&&(VTDLY)&&(((((((CSIZE|NLDLY)|0)|0)|0)|VTDLY)|FFDLY)<256)||!(BSDLY)&&!(CRDLY)&&(FFDLY)&&(NLDLY)&&(TABDLY)&&!(VTDLY)&&(((((((CSIZE|NLDLY)|0)|TABDLY)|0)|0)|FFDLY)<256)||!(BSDLY)&&!(CRDLY)&&(FFDLY)&&(NLDLY)&&(TABDLY)&&(VTDLY)&&(((((((CSIZE|NLDLY)|0)|TABDLY)|0)|VTDLY)|FFDLY)<256)||!(BSDLY)&&(CRDLY)&&!(FFDLY)&&!(NLDLY)&&!(TABDLY)&&!(VTDLY)&&(((((((CSIZE|0)|CRDLY)|0)|0)|0)|0)<256)||!(BSDLY)&&(CRDLY)&&!(FFDLY)&&!(NLDLY)&&!(TABDLY)&&(VTDLY)&&(((((((CSIZE|0)|CRDLY)|0)|0)|VTDLY)|0)<256)||!(BSDLY)&&(CRDLY)&&!(FFDLY)&&!(NLDLY)&&(TABDLY)&&!(VTDLY)&&(((((((CSIZE|0)|CRDLY)|TABDLY)|0)|0)|0)<256)||!(BSDLY)&&(CRDLY)&&!(FFDLY)&&!(NLDLY)&&(TABDLY)&&(VTDLY)&&(((((((CSIZE|0)|CRDLY)|TABDLY)|0)|VTDLY)|0)<256)||!(BSDLY)&&(CRDLY)&&!(FFDLY)&&(NLDLY)&&!(TABDLY)&&!(VTDLY)&&(((((((CSIZE|NLDLY)|CRDLY)|0)|0)|0)|0)<256)||!(BSDLY)&&(CRDLY)&&!(FFDLY)&&(NLDLY)&&!(TABDLY)&&(VTDLY)&&(((((((CSIZE|NLDLY)|CRDLY)|0)|0)|VTDLY)|0)<256)||!(BSDLY)&&(CRDLY)&&!(FFDLY)&&(NLDLY)&&(TABDLY)&&!(VTDLY)&&(((((((CSIZE|NLDLY)|CRDLY)|TABDLY)|0)|0)|0)<256)||!(BSDLY)&&(CRDLY)&&!(FFDLY)&&(NLDLY)&&(TABDLY)&&(VTDLY)&&(((((((CSIZE|NLDLY)|CRDLY)|TABDLY)|0)|VTDLY)|0)<256)||!(BSDLY)&&(CRDLY)&&(FFDLY)&&!(NLDLY)&&!(TABDLY)&&!(VTDLY)&&(((((((CSIZE|0)|CRDLY)|0)|0)|0)|FFDLY)<256)||!(BSDLY)&&(CRDLY)&&(FFDLY)&&!(NLDLY)&&!(TABDLY)&&(VTDLY)&&(((((((CSIZE|0)|CRDLY)|0)|0)|VTDLY)|FFDLY)<256)||!(BSDLY)&&(CRDLY)&&(FFDLY)&&!(NLDLY)&&(TABDLY)&&!(VTDLY)&&(((((((CSIZE|0)|CRDLY)|TABDLY)|0)|0)|FFDLY)<256)||!(BSDLY)&&(CRDLY)&&(FFDLY)&&!(NLDLY)&&(TABDLY)&&(VTDLY)&&(((((((CSIZE|0)|CRDLY)|TABDLY)|0)|VTDLY)|FFDLY)<256)||!(BSDLY)&&(CRDLY)&&(FFDLY)&&(NLDLY)&&!(TABDLY)&&!(VTDLY)&&(((((((CSIZE|NLDLY)|CRDLY)|0)|0)|0)|FFDLY)<256)||!(BSDLY)&&(CRDLY)&&(FFDLY)&&(NLDLY)&&!(TABDLY)&&(VTDLY)&&(((((((CSIZE|NLDLY)|CRDLY)|0)|0)|VTDLY)|FFDLY)<256)||!(BSDLY)&&(CRDLY)&&(FFDLY)&&(NLDLY)&&(TABDLY)&&!(VTDLY)&&(((((((CSIZE|NLDLY)|CRDLY)|TABDLY)|0)|0)|FFDLY)<256)||!(BSDLY)&&(CRDLY)&&(FFDLY)&&(NLDLY)&&(TABDLY)&&(VTDLY)&&(((((((CSIZE|NLDLY)|CRDLY)|TABDLY)|0)|VTDLY)|FFDLY)<256)||(BSDLY)&&!(CRDLY)&&!(FFDLY)&&!(NLDLY)&&!(TABDLY)&&!(VTDLY)&&(((((((CSIZE|0)|0)|0)|BSDLY)|0)|0)<256)||(BSDLY)&&!(CRDLY)&&!(FFDLY)&&!(NLDLY)&&!(TABDLY)&&(VTDLY)&&(((((((CSIZE|0)|0)|0)|BSDLY)|VTDLY)|0)<256)||(BSDLY)&&!(CRDLY)&&!(FFDLY)&&!(NLDLY)&&(TABDLY)&&!(VTDLY)&&(((((((CSIZE|0)|0)|TABDLY)|BSDLY)|0)|0)<256)||(BSDLY)&&!(CRDLY)&&!(FFDLY)&&!(NLDLY)&&(TABDLY)&&(VTDLY)&&(((((((CSIZE|0)|0)|TABDLY)|BSDLY)|VTDLY)|0)<256)||(BSDLY)&&!(CRDLY)&&!(FFDLY)&&(NLDLY)&&!(TABDLY)&&!(VTDLY)&&(((((((CSIZE|NLDLY)|0)|0)|BSDLY)|0)|0)<256)||(BSDLY)&&!(CRDLY)&&!(FFDLY)&&(NLDLY)&&!(TABDLY)&&(VTDLY)&&(((((((CSIZE|NLDLY)|0)|0)|BSDLY)|VTDLY)|0)<256)||(BSDLY)&&!(CRDLY)&&!(FFDLY)&&(NLDLY)&&(TABDLY)&&!(VTDLY)&&(((((((CSIZE|NLDLY)|0)|TABDLY)|BSDLY)|0)|0)<256)||(BSDLY)&&!(CRDLY)&&!(FFDLY)&&(NLDLY)&&(TABDLY)&&(VTDLY)&&(((((((CSIZE|NLDLY)|0)|TABDLY)|BSDLY)|VTDLY)|0)<256)||(BSDLY)&&!(CRDLY)&&(FFDLY)&&!(NLDLY)&&!(TABDLY)&&!(VTDLY)&&(((((((CSIZE|0)|0)|0)|BSDLY)|0)|FFDLY)<256)||(BSDLY)&&!(CRDLY)&&(FFDLY)&&!(NLDLY)&&!(TABDLY)&&(VTDLY)&&(((((((CSIZE|0)|0)|0)|BSDLY)|VTDLY)|FFDLY)<256)||(BSDLY)&&!(CRDLY)&&(FFDLY)&&!(NLDLY)&&(TABDLY)&&!(VTDLY)&&(((((((CSIZE|0)|0)|TABDLY)|BSDLY)|0)|FFDLY)<256)||(BSDLY)&&!(CRDLY)&&(FFDLY)&&!(NLDLY)&&(TABDLY)&&(VTDLY)&&(((((((CSIZE|0)|0)|TABDLY)|BSDLY)|VTDLY)|FFDLY)<256)||(BSDLY)&&!(CRDLY)&&(FFDLY)&&(NLDLY)&&!(TABDLY)&&!(VTDLY)&&(((((((CSIZE|NLDLY)|0)|0)|BSDLY)|0)|FFDLY)<256)||(BSDLY)&&!(CRDLY)&&(FFDLY)&&(NLDLY)&&!(TABDLY)&&(VTDLY)&&(((((((CSIZE|NLDLY)|0)|0)|BSDLY)|VTDLY)|FFDLY)<256)||(BSDLY)&&!(CRDLY)&&(FFDLY)&&(NLDLY)&&(TABDLY)&&!(VTDLY)&&(((((((CSIZE|NLDLY)|0)|TABDLY)|BSDLY)|0)|FFDLY)<256)||(BSDLY)&&!(CRDLY)&&(FFDLY)&&(NLDLY)&&(TABDLY)&&(VTDLY)&&(((((((CSIZE|NLDLY)|0)|TABDLY)|BSDLY)|VTDLY)|FFDLY)<256)||(BSDLY)&&(CRDLY)&&!(FFDLY)&&!(NLDLY)&&!(TABDLY)&&!(VTDLY)&&(((((((CSIZE|0)|CRDLY)|0)|BSDLY)|0)|0)<256)||(BSDLY)&&(CRDLY)&&!(FFDLY)&&!(NLDLY)&&!(TABDLY)&&(VTDLY)&&(((((((CSIZE|0)|CRDLY)|0)|BSDLY)|VTDLY)|0)<256)||(BSDLY)&&(CRDLY)&&!(FFDLY)&&!(NLDLY)&&(TABDLY)&&!(VTDLY)&&(((((((CSIZE|0)|CRDLY)|TABDLY)|BSDLY)|0)|0)<256)||(BSDLY)&&(CRDLY)&&!(FFDLY)&&!(NLDLY)&&(TABDLY)&&(VTDLY)&&(((((((CSIZE|0)|CRDLY)|TABDLY)|BSDLY)|VTDLY)|0)<256)||(BSDLY)&&(CRDLY)&&!(FFDLY)&&(NLDLY)&&!(TABDLY)&&!(VTDLY)&&(((((((CSIZE|NLDLY)|CRDLY)|0)|BSDLY)|0)|0)<256)||(BSDLY)&&(CRDLY)&&!(FFDLY)&&(NLDLY)&&!(TABDLY)&&(VTDLY)&&(((((((CSIZE|NLDLY)|CRDLY)|0)|BSDLY)|VTDLY)|0)<256)||(BSDLY)&&(CRDLY)&&!(FFDLY)&&(NLDLY)&&(TABDLY)&&!(VTDLY)&&(((((((CSIZE|NLDLY)|CRDLY)|TABDLY)|BSDLY)|0)|0)<256)||(BSDLY)&&(CRDLY)&&!(FFDLY)&&(NLDLY)&&(TABDLY)&&(VTDLY)&&(((((((CSIZE|NLDLY)|CRDLY)|TABDLY)|BSDLY)|VTDLY)|0)<256)||(BSDLY)&&(CRDLY)&&(FFDLY)&&!(NLDLY)&&!(TABDLY)&&!(VTDLY)&&(((((((CSIZE|0)|CRDLY)|0)|BSDLY)|0)|FFDLY)<256)||(BSDLY)&&(CRDLY)&&(FFDLY)&&!(NLDLY)&&!(TABDLY)&&(VTDLY)&&(((((((CSIZE|0)|CRDLY)|0)|BSDLY)|VTDLY)|FFDLY)<256)||(BSDLY)&&(CRDLY)&&(FFDLY)&&!(NLDLY)&&(TABDLY)&&!(VTDLY)&&(((((((CSIZE|0)|CRDLY)|TABDLY)|BSDLY)|0)|FFDLY)<256)||(BSDLY)&&(CRDLY)&&(FFDLY)&&!(NLDLY)&&(TABDLY)&&(VTDLY)&&(((((((CSIZE|0)|CRDLY)|TABDLY)|BSDLY)|VTDLY)|FFDLY)<256)||(BSDLY)&&(CRDLY)&&(FFDLY)&&(NLDLY)&&!(TABDLY)&&!(VTDLY)&&(((((((CSIZE|NLDLY)|CRDLY)|0)|BSDLY)|0)|FFDLY)<256)||(BSDLY)&&(CRDLY)&&(FFDLY)&&(NLDLY)&&!(TABDLY)&&(VTDLY)&&(((((((CSIZE|NLDLY)|CRDLY)|0)|BSDLY)|VTDLY)|FFDLY)<256)||(BSDLY)&&(CRDLY)&&(FFDLY)&&(NLDLY)&&(TABDLY)&&!(VTDLY)&&(((((((CSIZE|NLDLY)|CRDLY)|TABDLY)|BSDLY)|0)|FFDLY)<256)||(BSDLY)&&(CRDLY)&&(FFDLY)&&(NLDLY)&&(TABDLY)&&(VTDLY)&&(((((((CSIZE|NLDLY)|CRDLY)|TABDLY)|BSDLY)|VTDLY)|FFDLY)<256),7,1,287
stty.txt,!(BSDLY)&&!(CRDLY)&&!(FFDLY)&&!(NLDLY)&&!(TABDLY)&&!(VTDLY)&&!(((((((CSIZE|0)|0)|0)|0)|0)|0)<256)&&(((((((CSIZE|0)|0)|0)|0)|0)|0)<65536)||!(BSDLY)&&!(CRDLY)&&!(FFDLY)&&!(NLDLY)&&!(TABDLY)&&(VTDLY)&&!(((((((CSIZE|0)|0)|0)|0)|VTDLY)|0)<256)&&(((((((CSIZE|0)|0)|0)|0)|VTDLY)|0)<65536)||!(BSDLY)&&!(CRDLY)&&!(FFDLY)&&!(NLDLY)&&(TABDLY)&&!(VTDLY)&&!(((((((CSIZE|0)|0)|TABDLY)|0)|0)|0)<256)&&(((((((CSIZE|0)|0)|TABDLY)|0)|0)|0)<65536)||!(BSDLY)&&!(CRDLY)&&!(FFDLY)&&!(NLDLY)&&(TABDLY)&&(VTDLY)&&!(((((((CSIZE|0)|0)|TABDLY)|0)|VTDLY)|0)<256)&&(((((((CSIZE|0)|0)|TABDLY)|0)|VTDLY)|0)<65536)||!(BSDLY)&&!(CRDLY)&&!(FFDLY)&&(NLDLY)&&!(TABDLY)&&!(VTDLY)&&!(((((((CSIZE|NLDLY)|0)|0)|0)|0)|0)<256)&&(((((((CSIZE|NLDLY)|0)|0)|0)|0)|0)<65536)||!(BSDLY)&&!(CRDLY)&&!(FFDLY)&&(NLDLY)&&!(TABDLY)&&(VTDLY)&&!(((((((CSIZE|NLDLY)|0)|0)|0)|VTDLY)|0)<256)&&(((((((CSIZE|NLDLY)|0)|0)|0)|VTDLY)|0)<65536)||!(BSDLY)&&!(CRDLY)&&!(FFDLY)&&(NLDLY)&&(TABDLY)&&!(VTDLY)&&!(((((((CSIZE|NLDLY)|0)|TABDLY)|0)|0)|0)<256)&&(((((((CSIZE|NLDLY)|0)|TABDLY)|0)|0)|0)<65536)||!(BSDLY)&&!(CRDLY)&&!(FFDLY)&&(NLDLY)&&(TABDLY)&&(VTDLY)&&!(((((((CSIZE|NLDLY)|0)|TABDLY)|0)|VTDLY)|0)<256)&&(((((((CSIZE|NLDLY)|0)|TABDLY)|0)|VTDLY)|0)<65536)||!(BSDLY)&&!(CRDLY)&&(FFDLY)&&!(NLDLY)&&!(TABDLY)&&!(VTDLY)&&!(((((((CSIZE|0)|0)|0)|0)|0)|FFDLY)<256)&&(((((((CSIZE|0)|0)|0)|0)|0)|FFDLY)<65536)||!(BSDLY)&&!(CRDLY)&&(FFDLY)&&!(NLDLY)&&!(TABDLY)&&(VTDLY)&&!(((((((CSIZE|0)|0)|0)|0)|VTDLY)|FFDLY)<256)&&(((((((CSIZE|0)|0)|0)|0)|VTDLY)|FFDLY)<65536)||!(BSDLY)&&!(CRDLY)&&(FFDLY)&&!(NLDLY)&&(TABDLY)&&!(VTDLY)&&!(((((((CSIZE|0)|0)|TABDLY)|0)|0)|FFDLY)<256)&&(((((((CSIZE|0)|0)|TABDLY)|0)|0)|FFDLY)<65536)||!(BSDLY)&&!(CRDLY)&&(FFDLY)&&!(NLDLY)&&(TABDLY)&&(VTDLY)&&!(((((((CSIZE|0)|0)|TABDLY)|0)|VTDLY)|FFDLY)<256)&&(((((((CSIZE|0)|0)|TABDLY)|0)|VTDLY)|FFDLY)<65536)||!(BSDLY)&&!(CRDLY)&&(FFDLY)&&(NLDLY)&&!(TABDLY)&&!(VTDLY)&&!(((((((CSIZE|NLDLY)|0)|0)|0)|0)|FFDLY)<256)&&(((((((CSIZE|NLDLY)|0)|0)|0)|0)|FFDLY)<65536)||!(BSDLY)&&!(CRDLY)&&(FFDLY)&&(NLDLY)&&!(TABDLY)&&(VTDLY)&&!(((((((CSIZE|NLDLY)|0)|0)|0)|VTDLY)|FFDLY)<256)&&(((((((CSIZE|NLDLY)|0)|0)|0)|VTDLY)|FFDLY)<65536)||!(BSDLY)&&!(CRDLY)&&(FFDLY)&&(NLDLY)&&(TABDLY)&&!(VTDLY)&&!(((((((CSIZE|NLDLY)|0)|TABDLY)|0)|0)|FFDLY)<256)&&(((((((CSIZE|NLDLY)|0)|TABDLY)|0)|0)|FFDLY)<65536)||!(BSDLY)&&!(CRDLY)&&(FFDLY)&&(NLDLY)&&(TABDLY)&&(VTDLY)&&!(((((((CSIZE|NLDLY)|0)|TABDLY)|0)|VTDLY)|FFDLY)<256)&&(((((((CSIZE|NLDLY)|0)|TABDLY)|0)|VTDLY)|FFDLY)<65536)||!(BSDLY)&&(CRDLY)&&!(FFDLY)&&!(NLDLY)&&!(TABDLY)&&!(VTDLY)&&!(((((((CSIZE|0)|CRDLY)|0)|0)|0)|0)<256)&&(((((((CSIZE|0)|CRDLY)|0)|0)|0)|0)<65536)||!(BSDLY)&&(CRDLY)&&!(FFDLY)&&!(NLDLY)&&!(TABDLY)&&(VTDLY)&&!(((((((CSIZE|0)|CRDLY)|0)|0)|VTDLY)|0)<256)&&(((((((CSIZE|0)|CRDLY)|0)|0)|VTDLY)|0)<65536)||!(BSDLY)&&(CRDLY)&&!(FFDLY)&&!(NLDLY)&&(TABDLY)&&!(VTDLY)&&!(((((((CSIZE|0)|CRDLY)|TABDLY)|0)|0)|0)<256)&&(((((((CSIZE|0)|CRDLY)|TABDLY)|0)|0)|0)<65536)||!(BSDLY)&&(CRDLY)&&!(FFDLY)&&!(NLDLY)&&(TABDLY)&&(VTDLY)&&!(((((((CSIZE|0)|CRDLY)|TABDLY)|0)|VTDLY)|0)<256)&&(((((((CSIZE|0)|CRDLY)|TABDLY)|0)|VTDLY)|0)<65536)||!(BSDLY)&&(CRDLY)&&!(FFDLY)&&(NLDLY)&&!(TABDLY)&&!(VTDLY)&&!(((((((CSIZE|NLDLY)|CRDLY)|0)|0)|0)|0)<256)&&(((((((CSIZE|NLDLY)|CRDLY)|0)|0)|0)|0)<65536)||!(BSDLY)&&(CRDLY)&&!(FFDLY)&&(NLDLY)&&!(TABDLY)&&(VTDLY)&&!(((((((CSIZE|NLDLY)|CRDLY)|0)|0)|VTDLY)|0)<256)&&(((((((CSIZE|NLDLY)|CRDLY)|0)|0)|VTDLY)|0)<65536)||!(BSDLY)&&(CRDLY)&&!(FFDLY)&&(NLDLY)&&(TABDLY)&&!(VTDLY)&&!(((((((CSIZE|NLDLY)|CRDLY)|TABDLY)|0)|0)|0)<256)&&(((((((CSIZE|NLDLY)|CRDLY)|TABDLY)|0)|0)|0)<65536)||!(BSDLY)&&(CRDLY)&&!(FFDLY)&&(NLDLY)&&(TABDLY)&&(VTDLY)&&!(((((((CSIZE|NLDLY)|CRDLY)|TABDLY)|0)|VTDLY)|0)<256)&&(((((((CSIZE|NLDLY)|CRDLY)|TABDLY)|0)|VTDLY)|0)<65536)||!(BSDLY)&&(CRDLY)&&(FFDLY)&&!(NLDLY)&&!(TABDLY)&&!(VTDLY)&&!(((((((CSIZE|0)|CRDLY)|0)|0)|0)|FFDLY)<256)&&(((((((CSIZE|0)|CRDLY)|0)|0)|0)|FFDLY)<65536)||!(BSDLY)&&(CRDLY)&&(FFDLY)&&!(NLDLY)&&!(TABDLY)&&(VTDLY)&&!(((((((CSIZE|0)|CRDLY)|0)|0)|VTDLY)|FFDLY)<256)&&(((((((CSIZE|0)|CRDLY)|0)|0)|VTDLY)|FFDLY)<65536)||!(BSDLY)&&(CRDLY)&&(FFDLY)&&!(NLDLY)&&(TABDLY)&&!(VTDLY)&&!(((((((CSIZE|0)|CRDLY)|TABDLY)|0)|0)|FFDLY)<256)&&(((((((CSIZE|0)|CRDLY)|TABDLY)|0)|0)|FFDLY)<65536)||!(BSDLY)&&(CRDLY)&&(FFDLY)&&!(NLDLY)&&(TABDLY)&&(VTDLY)&&!(((((((CSIZE|0)|CRDLY)|TABDLY)|0)|VTDLY)|FFDLY)<256)&&(((((((CSIZE|0)|CRDLY)|TABDLY)|0)|VTDLY)|FFDLY)<65536)||!(BSDLY)&&(CRDLY)&&(FFDLY)&&(NLDLY)&&!(TABDLY)&&!(VTDLY)&&!(((((((CSIZE|NLDLY)|CRDLY)|0)|0)|0)|FFDLY)<256)&&(((((((CSIZE|NLDLY)|CRDLY)|0)|0)|0)|FFDLY)<65536)||!(BSDLY)&&(CRDLY)&&(FFDLY)&&(NLDLY)&&!(TABDLY)&&(VTDLY)&&!(((((((CSIZE|NLDLY)|CRDLY)|0)|0)|VTDLY)|FFDLY)<256)&&(((((((CSIZE|NLDLY)|CRDLY)|0)|0)|VTDLY)|FFDLY)<65536)||!(BSDLY)&&(CRDLY)&&(FFDLY)&&(NLDLY)&&(TABDLY)&&!(VTDLY)&&!(((((((CSIZE|NLDLY)|CRDLY)|TABDLY)|0)|0)|FFDLY)<256)&&(((((((CSIZE|NLDLY)|CRDLY)|TABDLY)|0)|0)|FFDLY)<65536)||!(BSDLY)&&(CRDLY)&&(FFDLY)&&(NLDLY)&&(TABDLY)&&(VTDLY)&&!(((((((CSIZE|NLDLY)|CRDLY)|TABDLY)|0)|VTDLY)|FFDLY)<256)&&(((((((CSIZE|NLDLY)|CRDLY)|TABDLY)|0)|VTDLY)|FFDLY)<65536)||(BSDLY)&&!(CRDLY)&&!(FFDLY)&&!(NLDLY)&&!(TABDLY)&&!(VTDLY)&&!(((((((CSIZE|0)|0)|0)|BSDLY)|0)|0)<256)&&(((((((CSIZE|0)|0)|0)|BSDLY)|0)|0)<65536)||(BSDLY)&&!(CRDLY)&&!(FFDLY)&&!(NLDLY)&&!(TABDLY)&&(VTDLY)&&!(((((((CSIZE|0)|0)|0)|BSDLY)|VTDLY)|0)<256)&&(((((((CSIZE|0)|0)|0)|BSDLY)|VTDLY)|0)<65536)||(BSDLY)&&!(CRDLY)&&!(FFDLY)&&!(NLDLY)&&(TABDLY)&&!(VTDLY)&&!(((((((CSIZE|0)|0)|TABDLY)|BSDLY)|0)|0)<256)&&(((((((CSIZE|0)|0)|TABDLY)|BSDLY)|0)|0)<65536)||(BSDLY)&&!(CRDLY)&&!(FFDLY)&&!(NLDLY)&&(TABDLY)&&(VTDLY)&&!(((((((CSIZE|0)|0)|TABDLY)|BSDLY)|VTDLY)|0)<256)&&(((((((CSIZE|0)|0)|TABDLY)|BSDLY)|VTDLY)|0)<65536)||(BSDLY)&&!(CRDLY)&&!(FFDLY)&&(NLDLY)&&!(TABDLY)&&!(VTDLY)&&!(((((((CSIZE|NLDLY)|0)|0)|BSDLY)|0)|0)<256)&&(((((((CSIZE|NLDLY)|0)|0)|BSDLY)|0)|0)<65536)||(BSDLY)&&!(CRDLY)&&!(FFDLY)&&(NLDLY)&&!(TABDLY)&&(VTDLY)&&!(((((((CSIZE|NLDLY)|0)|0)|BSDLY)|VTDLY)|0)<256)&&(((((((CSIZE|NLDLY)|0)|0)|BSDLY)|VTDLY)|0)<65536)||(BSDLY)&&!(CRDLY)&&!(FFDLY)&&(NLDLY)&&(TABDLY)&&!(VTDLY)&&!(((((((CSIZE|NLDLY)|0)|TABDLY)|BSDLY)|0)|0)<256)&&(((((((CSIZE|NLDLY)|0)|TABDLY)|BSDLY)|0)|0)<65536)||(BSDLY)&&!(CRDLY)&&!(FFDLY)&&(NLDLY)&&(TABDLY)&&(VTDLY)&&!(((((((CSIZE|NLDLY)|0)|TABDLY)|BSDLY)|VTDLY)|0)<256)&&(((((((CSIZE|NLDLY)|0)|TABDLY)|BSDLY)|VTDLY)|0)<65536)||(BSDLY)&&!(CRDLY)&&(FFDLY)&&!(NLDLY)&&!(TABDLY)&&!(VTDLY)&&!(((((((CSIZE|0)|0)|0)|BSDLY)|0)|FFDLY)<256)&&(((((((CSIZE|0)|0)|0)|BSDLY)|0)|FFDLY)<65536)||(BSDLY)&&!(CRDLY)&&(FFDLY)&&!(NLDLY)&&!(TABDLY)&&(VTDLY)&&!(((((((CSIZE|0)|0)|0)|BSDLY)|VTDLY)|FFDLY)<256)&&(((((((CSIZE|0)|0)|0)|BSDLY)|VTDLY)|FFDLY)<65536)||(BSDLY)&&!(CRDLY)&&(FFDLY)&&!(NLDLY)&&(TABDLY)&&!(VTDLY)&&!(((((((CSIZE|0)|0)|TABDLY)|BSDLY)|0)|FFDLY)<256)&&(((((((CSIZE|0)|0)|TABDLY)|BSDLY)|0)|FFDLY)<65536)||(BSDLY)&&!(CRDLY)&&(FFDLY)&&!(NLDLY)&&(TABDLY)&&(VTDLY)&&!(((((((CSIZE|0)|0)|TABDLY)|BSDLY)|VTDLY)|FFDLY)<256)&&(((((((CSIZE|0)|0)|TABDLY)|BSDLY)|VTDLY)|FFDLY)<65536)||(BSDLY)&&!(CRDLY)&&(FFDLY)&&(NLDLY)&&!(TABDLY)&&!(VTDLY)&&!(((((((CSIZE|NLDLY)|0)|0)|BSDLY)|0)|FFDLY)<256)&&(((((((CSIZE|NLDLY)|0)|0)|BSDLY)|0)|FFDLY)<65536)||(BSDLY)&&!(CRDLY)&&(FFDLY)&&(NLDLY)&&!(TABDLY)&&(VTDLY)&&!(((((((CSIZE|NLDLY)|0)|0)|BSDLY)|VTDLY)|FFDLY)<256)&&(((((((CSIZE|NLDLY)|0)|0)|BSDLY)|VTDLY)|FFDLY)<65536)||(BSDLY)&&!(CRDLY)&&(FFDLY)&&(NLDLY)&&(TABDLY)&&!(VTDLY)&&!(((((((CSIZE|NLDLY)|0)|TABDLY)|BSDLY)|0)|FFDLY)<256)&&(((((((CSIZE|NLDLY)|0)|TABDLY)|BSDLY)|0)|FFDLY)<65536)||(BSDLY)&&!(CRDLY)&&(FFDLY)&&(NLDLY)&&(TABDLY)&&(VTDLY)&&!(((((((CSIZE|NLDLY)|0)|TABDLY)|BSDLY)|VTDLY)|FFDLY)<256)&&(((((((CSIZE|NLDLY)|0)|TABDLY)|BSDLY)|VTDLY)|FFDLY)<65536)||(BSDLY)&&(CRDLY)&&!(FFDLY)&&!(NLDLY)&&!(TABDLY)&&!(VTDLY)&&!(((((((CSIZE|0)|CRDLY)|0)|BSDLY)|0)|0)<256)&&(((((((CSIZE|0)|CRDLY)|0)|BSDLY)|0)|0)<65536)||(BSDLY)&&(CRDLY)&&!(FFDLY)&&!(NLDLY)&&!(TABDLY)&&(VTDLY)&&!(((((((CSIZE|0)|CRDLY)|0)|BSDLY)|VTDLY)|0)<256)&&(((((((CSIZE|0)|CRDLY)|0)|BSDLY)|VTDLY)|0)<65536)||(BSDLY)&&(CRDLY)&&!(FFDLY)&&!(NLDLY)&&(TABDLY)&&!(VTDLY)&&!(((((((CSIZE|0)|CRDLY)|TABDLY)|BSDLY)|0)|0)<256)&&(((((((CSIZE|0)|CRDLY)|TABDLY)|BSDLY)|0)|0)<65536)||(BSDLY)&&(CRDLY)&&!(FFDLY)&&!(NLDLY)&&(TABDLY)&&(VTDLY)&&!(((((((CSIZE|0)|CRDLY)|TABDLY)|BSDLY)|VTDLY)|0)<256)&&(((((((CSIZE|0)|CRDLY)|TABDLY)|BSDLY)|VTDLY)|0)<65536)||(BSDLY)&&(CRDLY)&&!(FFDLY)&&(NLDLY)&&!(TABDLY)&&!(VTDLY)&&!(((((((CSIZE|NLDLY)|CRDLY)|0)|BSDLY)|0)|0)<256)&&(((((((CSIZE|NLDLY)|CRDLY)|0)|BSDLY)|0)|0)<65536)||(BSDLY)&&(CRDLY)&&!(FFDLY)&&(NLDLY)&&!(TABDLY)&&(VTDLY)&&!(((((((CSIZE|NLDLY)|CRDLY)|0)|BSDLY)|VTDLY)|0)<256)&&(((((((CSIZE|NLDLY)|CRDLY)|0)|BSDLY)|VTDLY)|0)<65536)||(BSDLY)&&(CRDLY)&&!(FFDLY)&&(NLDLY)&&(TABDLY)&&!(VTDLY)&&!(((((((CSIZE|NLDLY)|CRDLY)|TABDLY)|BSDLY)|0)|0)<256)&&(((((((CSIZE|NLDLY)|CRDLY)|TABDLY)|BSDLY)|0)|0)<65536)||(BSDLY)&&(CRDLY)&&!(FFDLY)&&(NLDLY)&&(TABDLY)&&(VTDLY)&&!(((((((CSIZE|NLDLY)|CRDLY)|TABDLY)|BSDLY)|VTDLY)|0)<256)&&(((((((CSIZE|NLDLY)|CRDLY)|TABDLY)|BSDLY)|VTDLY)|0)<65536)||(BSDLY)&&(CRDLY)&&(FFDLY)&&!(NLDLY)&&!(TABDLY)&&!(VTDLY)&&!(((((((CSIZE|0)|CRDLY)|0)|BSDLY)|0)|FFDLY)<256)&&(((((((CSIZE|0)|CRDLY)|0)|BSDLY)|0)|FFDLY)<65536)||(BSDLY)&&(CRDLY)&&(FFDLY)&&!(NLDLY)&&!(TABDLY)&&(VTDLY)&&!(((((((CSIZE|0)|CRDLY)|0)|BSDLY)|VTDLY)|FFDLY)<256)&&(((((((CSIZE|0)|CRDLY)|0)|BSDLY)|VTDLY)|FFDLY)<65536)||(BSDLY)&&(CRDLY)&&(FFDLY)&&!(NLDLY)&&(TABDLY)&&!(VTDLY)&&!(((((((CSIZE|0)|CRDLY)|TABDLY)|BSDLY)|0)|FFDLY)<256)&&(((((((CSIZE|0)|CRDLY)|TABDLY)|BSDLY)|0)|FFDLY)<65536)||(BSDLY)&&(CRDLY)&&(FFDLY)&&!(NLDLY)&&(TABDLY)&&(VTDLY)&&!(((((((CSIZE|0)|CRDLY)|TABDLY)|BSDLY)|VTDLY)|FFDLY)<256)&&(((((((CSIZE|0)|CRDLY)|TABDLY)|BSDLY)|VTDLY)|FFDLY)<65536)||(BSDLY)&&(CRDLY)&&(FFDLY)&&(NLDLY)&&!(TABDLY)&&!(VTDLY)&&!(((((((CSIZE|NLDLY)|CRDLY)|0)|BSDLY)|0)|FFDLY)<256)&&(((((((CSIZE|NLDLY)|CRDLY)|0)|BSDLY)|0)|FFDLY)<65536)||(BSDLY)&&(CRDLY)&&(FFDLY)&&(NLDLY)&&!(TABDLY)&&(VTDLY)&&!(((((((CSIZE|NLDLY)|CRDLY)|0)|BSDLY)|VTDLY)|FFDLY)<256)&&(((((((CSIZE|NLDLY)|CRDLY)|0)|BSDLY)|VTDLY)|FFDLY)<65536)||(BSDLY)&&(CRDLY)&&(FFDLY)&&(NLDLY)&&(TABDLY)&&!(VTDLY)&&!(((((((CSIZE|NLDLY)|CRDLY)|TABDLY)|BSDLY)|0)|FFDLY)<256)&&(((((((CSIZE|NLDLY)|CRDLY)|TABDLY)|BSDLY)|0)|FFDLY)<65536)||(BSDLY)&&(CRDLY)&&(FFDLY)&&(NLDLY)&&(TABDLY)&&(VTDLY)&&!(((((((CSIZE|NLDLY)|CRDLY)|TABDLY)|BSDLY)|VTDLY)|FFDLY)<256)&&(((((((CSIZE|NLDLY)|CRDLY)|TABDLY)|BSDLY)|VTDLY)|FFDLY)<65536),7,1,289
stty.txt,!(BSDLY)&&!(CRDLY)&&!(FFDLY)&&!(NLDLY)&&!(TABDLY)&&!(VTDLY)&&!(((((((CSIZE|0)|0)|0)|0)|0)|0)<256)&&!(((((((CSIZE|0)|0)|0)|0)|0)|0)<65536)||!(BSDLY)&&!(CRDLY)&&!(FFDLY)&&!(NLDLY)&&!(TABDLY)&&(VTDLY)&&!(((((((CSIZE|0)|0)|0)|0)|VTDLY)|0)<256)&&!(((((((CSIZE|0)|0)|0)|0)|VTDLY)|0)<65536)||!(BSDLY)&&!(CRDLY)&&!(FFDLY)&&!(NLDLY)&&(TABDLY)&&!(VTDLY)&&!(((((((CSIZE|0)|0)|TABDLY)|0)|0)|0)<256)&&!(((((((CSIZE|0)|0)|TABDLY)|0)|0)|0)<65536)||!(BSDLY)&&!(CRDLY)&&!(FFDLY)&&!(NLDLY)&&(TABDLY)&&(VTDLY)&&!(((((((CSIZE|0)|0)|TABDLY)|0)|VTDLY)|0)<256)&&!(((((((CSIZE|0)|0)|TABDLY)|0)|VTDLY)|0)<65536)||!(BSDLY)&&!(CRDLY)&&!(FFDLY)&&(NLDLY)&&!(TABDLY)&&!(VTDLY)&&!(((((((CSIZE|NLDLY)|0)|0)|0)|0)|0)<256)&&!(((((((CSIZE|NLDLY)|0)|0)|0)|0)|0)<65536)||!(BSDLY)&&!(CRDLY)&&!(FFDLY)&&(NLDLY)&&!(TABDLY)&&(VTDLY)&&!(((((((CSIZE|NLDLY)|0)|0)|0)|VTDLY)|0)<256)&&!(((((((CSIZE|NLDLY)|0)|0)|0)|VTDLY)|0)<65536)||!(BSDLY)&&!(CRDLY)&&!(FFDLY)&&(NLDLY)&&(TABDLY)&&!(VTDLY)&&!(((((((CSIZE|NLDLY)|0)|TABDLY)|0)|0)|0)<256)&&!(((((((CSIZE|NLDLY)|0)|TABDLY)|0)|0)|0)<65536)||!(BSDLY)&&!(CRDLY)&&!(FFDLY)&&(NLDLY)&&(TABDLY)&&(VTDLY)&&!(((((((CSIZE|NLDLY)|0)|TABDLY)|0)|VTDLY)|0)<256)&&!(((((((CSIZE|NLDLY)|0)|TABDLY)|0)|VTDLY)|0)<65536)||!(BSDLY)&&!(CRDLY)&&(FFDLY)&&!(NLDLY)&&!(TABDLY)&&!(VTDLY)&&!(((((((CSIZE|0)|0)|0)|0)|0)|FFDLY)<256)&&!(((((((CSIZE|0)|0)|0)|0)|0)|FFDLY)<65536)||!(BSDLY)&&!(CRDLY)&&(FFDLY)&&!(NLDLY)&&!(TABDLY)&&(VTDLY)&&!(((((((CSIZE|0)|0)|0)|0)|VTDLY)|FFDLY)<256)&&!(((((((CSIZE|0)|0)|0)|0)|VTDLY)|FFDLY)<65536)||!(BSDLY)&&!(CRDLY)&&(FFDLY)&&!(NLDLY)&&(TABDLY)&&!(VTDLY)&&!(((((((CSIZE|0)|0)|TABDLY)|0)|0)|FFDLY)<256)&&!(((((((CSIZE|0)|0)|TABDLY)|0)|0)|FFDLY)<65536)||!(BSDLY)&&!(CRDLY)&&(FFDLY)&&!(NLDLY)&&(TABDLY)&&(VTDLY)&&!(((((((CSIZE|0)|0)|TABDLY)|0)|VTDLY)|FFDLY)<256)&&!(((((((CSIZE|0)|0)|TABDLY)|0)|VTDLY)|FFDLY)<65536)||!(BSDLY)&&!(CRDLY)&&(FFDLY)&&(NLDLY)&&!(TABDLY)&&!(VTDLY)&&!(((((((CSIZE|NLDLY)|0)|0)|0)|0)|FFDLY)<256)&&!(((((((CSIZE|NLDLY)|0)|0)|0)|0)|FFDLY)<65536)||!(BSDLY)&&!(CRDLY)&&(FFDLY)&&(NLDLY)&&!(TABDLY)&&(VTDLY)&&!(((((((CSIZE|NLDLY)|0)|0)|0)|VTDLY)|FFDLY)<256)&&!(((((((CSIZE|NLDLY)|0)|0)|0)|VTDLY)|FFDLY)<65536)||!(BSDLY)&&!(CRDLY)&&(FFDLY)&&(NLDLY)&&(TABDLY)&&!(VTDLY)&&!(((((((CSIZE|NLDLY)|0)|TABDLY)|0)|0)|FFDLY)<256)&&!(((((((CSIZE|NLDLY)|0)|TABDLY)|0)|0)|FFDLY)<65536)||!(BSDLY)&&!(CRDLY)&&(FFDLY)&&(NLDLY)&&(TABDLY)&&(VTDLY)&&!(((((((CSIZE|NLDLY)|0)|TABDLY)|0)|VTDLY)|FFDLY)<256)&&!(((((((CSIZE|NLDLY)|0)|TABDLY)|0)|VTDLY)|FFDLY)<65536)||!(BSDLY)&&(CRDLY)&&!(FFDLY)&&!(NLDLY)&&!(TABDLY)&&!(VTDLY)&&!(((((((CSIZE|0)|CRDLY)|0)|0)|0)|0)<256)&&!(((((((CSIZE|0)|CRDLY)|0)|0)|0)|0)<65536)||!(BSDLY)&&(CRDLY)&&!(FFDLY)&&!(NLDLY)&&!(TABDLY)&&(VTDLY)&&!(((((((CSIZE|0)|CRDLY)|0)|0)|VTDLY)|0)<256)&&!(((((((CSIZE|0)|CRDLY)|0)|0)|VTDLY)|0)<65536)||!(BSDLY)&&(CRDLY)&&!(FFDLY)&&!(NLDLY)&&(TABDLY)&&!(VTDLY)&&!(((((((CSIZE|0)|CRDLY)|TABDLY)|0)|0)|0)<256)&&!(((((((CSIZE|0)|CRDLY)|TABDLY)|0)|0)|0)<65536)||!(BSDLY)&&(CRDLY)&&!(FFDLY)&&!(NLDLY)&&(TABDLY)&&(VTDLY)&&!(((((((CSIZE|0)|CRDLY)|TABDLY)|0)|VTDLY)|0)<256)&&!(((((((CSIZE|0)|CRDLY)|TABDLY)|0)|VTDLY)|0)<65536)||!(BSDLY)&&(CRDLY)&&!(FFDLY)&&(NLDLY)&&!(TABDLY)&&!(VTDLY)&&!(((((((CSIZE|NLDLY)|CRDLY)|0)|0)|0)|0)<256)&&!(((((((CSIZE|NLDLY)|CRDLY)|0)|0)|0)|0)<65536)||!(BSDLY)&&(CRDLY)&&!(FFDLY)&&(NLDLY)&&!(TABDLY)&&(VTDLY)&&!(((((((CSIZE|NLDLY)|CRDLY)|0)|0)|VTDLY)|0)<256)&&!(((((((CSIZE|NLDLY)|CRDLY)|0)|0)|VTDLY)|0)<65536)||!(BSDLY)&&(CRDLY)&&!(FFDLY)&&(NLDLY)&&(TABDLY)&&!(VTDLY)&&!(((((((CSIZE|NLDLY)|CRDLY)|TABDLY)|0)|0)|0)<256)&&!(((((((CSIZE|NLDLY)|CRDLY)|TABDLY)|0)|0)|0)<65536)||!(BSDLY)&&(CRDLY)&&!(FFDLY)&&(NLDLY)&&(TABDLY)&&(VTDLY)&&!(((((((CSIZE|NLDLY)|CRDLY)|TABDLY)|0)|VTDLY)|0)<256)&&!(((((((CSIZE|NLDLY)|CRDLY)|TABDLY)|0)|VTDLY)|0)<65536)||!(BSDLY)&&(CRDLY)&&(FFDLY)&&!(NLDLY)&&!(TABDLY)&&!(VTDLY)&&!(((((((CSIZE|0)|CRDLY)|0)|0)|0)|FFDLY)<256)&&!(((((((CSIZE|0)|CRDLY)|0)|0)|0)|FFDLY)<65536)||!(BSDLY)&&(CRDLY)&&(FFDLY)&&!(NLDLY)&&!(TABDLY)&&(VTDLY)&&!(((((((CSIZE|0)|CRDLY)|0)|0)|VTDLY)|FFDLY)<256)&&!(((((((CSIZE|0)|CRDLY)|0)|0)|VTDLY)|FFDLY)<65536)||!(BSDLY)&&(CRDLY)&&(FFDLY)&&!(NLDLY)&&(TABDLY)&&!(VTDLY)&&!(((((((CSIZE|0)|CRDLY)|TABDLY)|0)|0)|FFDLY)<256)&&!(((((((CSIZE|0)|CRDLY)|TABDLY)|0)|0)|FFDLY)<65536)||!(BSDLY)&&(CRDLY)&&(FFDLY)&&!(NLDLY)&&(TABDLY)&&(VTDLY)&&!(((((((CSIZE|0)|CRDLY)|TABDLY)|0)|VTDLY)|FFDLY)<256)&&!(((((((CSIZE|0)|CRDLY)|TABDLY)|0)|VTDLY)|FFDLY)<65536)||!(BSDLY)&&(CRDLY)&&(FFDLY)&&(NLDLY)&&!(TABDLY)&&!(VTDLY)&&!(((((((CSIZE|NLDLY)|CRDLY)|0)|0)|0)|FFDLY)<256)&&!(((((((CSIZE|NLDLY)|CRDLY)|0)|0)|0)|FFDLY)<65536)||!(BSDLY)&&(CRDLY)&&(FFDLY)&&(NLDLY)&&!(TABDLY)&&(VTDLY)&&!(((((((CSIZE|NLDLY)|CRDLY)|0)|0)|VTDLY)|FFDLY)<256)&&!(((((((CSIZE|NLDLY)|CRDLY)|0)|0)|VTDLY)|FFDLY)<65536)||!(BSDLY)&&(CRDLY)&&(FFDLY)&&(NLDLY)&&(TABDLY)&&!(VTDLY)&&!(((((((CSIZE|NLDLY)|CRDLY)|TABDLY)|0)|0)|FFDLY)<256)&&!(((((((CSIZE|NLDLY)|CRDLY)|TABDLY)|0)|0)|FFDLY)<65536)||!(BSDLY)&&(CRDLY)&&(FFDLY)&&(NLDLY)&&(TABDLY)&&(VTDLY)&&!(((((((CSIZE|NLDLY)|CRDLY)|TABDLY)|0)|VTDLY)|FFDLY)<256)&&!(((((((CSIZE|NLDLY)|CRDLY)|TABDLY)|0)|VTDLY)|FFDLY)<65536)||(BSDLY)&&!(CRDLY)&&!(FFDLY)&&!(NLDLY)&&!(TABDLY)&&!(VTDLY)&&!(((((((CSIZE|0)|0)|0)|BSDLY)|0)|0)<256)&&!(((((((CSIZE|0)|0)|0)|BSDLY)|0)|0)<65536)||(BSDLY)&&!(CRDLY)&&!(FFDLY)&&!(NLDLY)&&!(TABDLY)&&(VTDLY)&&!(((((((CSIZE|0)|0)|0)|BSDLY)|VTDLY)|0)<256)&&!(((((((CSIZE|0)|0)|0)|BSDLY)|VTDLY)|0)<65536)||(BSDLY)&&!(CRDLY)&&!(FFDLY)&&!(NLDLY)&&(TABDLY)&&!(VTDLY)&&!(((((((CSIZE|0)|0)|TABDLY)|BSDLY)|0)|0)<256)&&!(((((((CSIZE|0)|0)|TABDLY)|BSDLY)|0)|0)<65536)||(BSDLY)&&!(CRDLY)&&!(FFDLY)&&!(NLDLY)&&(TABDLY)&&(VTDLY)&&!(((((((CSIZE|0)|0)|TABDLY)|BSDLY)|VTDLY)|0)<256)&&!(((((((CSIZE|0)|0)|TABDLY)|BSDLY)|VTDLY)|0)<65536)||(BSDLY)&&!(CRDLY)&&!(FFDLY)&&(NLDLY)&&!(TABDLY)&&!(VTDLY)&&!(((((((CSIZE|NLDLY)|0)|0)|BSDLY)|0)|0)<256)&&!(((((((CSIZE|NLDLY)|0)|0)|BSDLY)|0)|0)<65536)||(BSDLY)&&!(CRDLY)&&!(FFDLY)&&(NLDLY)&&!(TABDLY)&&(VTDLY)&&!(((((((CSIZE|NLDLY)|0)|0)|BSDLY)|VTDLY)|0)<256)&&!(((((((CSIZE|NLDLY)|0)|0)|BSDLY)|VTDLY)|0)<65536)||(BSDLY)&&!(CRDLY)&&!(FFDLY)&&(NLDLY)&&(TABDLY)&&!(VTDLY)&&!(((((((CSIZE|NLDLY)|0)|TABDLY)|BSDLY)|0)|0)<256)&&!(((((((CSIZE|NLDLY)|0)|TABDLY)|BSDLY)|0)|0)<65536)||(BSDLY)&&!(CRDLY)&&!(FFDLY)&&(NLDLY)&&(TABDLY)&&(VTDLY)&&!(((((((CSIZE|NLDLY)|0)|TABDLY)|BSDLY)|VTDLY)|0)<256)&&!(((((((CSIZE|NLDLY)|0)|TABDLY)|BSDLY)|VTDLY)|0)<65536)||(BSDLY)&&!(CRDLY)&&(FFDLY)&&!(NLDLY)&&!(TABDLY)&&!(VTDLY)&&!(((((((CSIZE|0)|0)|0)|BSDLY)|0)|FFDLY)<256)&&!(((((((CSIZE|0)|0)|0)|BSDLY)|0)|FFDLY)<65536)||(BSDLY)&&!(CRDLY)&&(FFDLY)&&!(NLDLY)&&!(TABDLY)&&(VTDLY)&&!(((((((CSIZE|0)|0)|0)|BSDLY)|VTDLY)|FFDLY)<256)&&!(((((((CSIZE|0)|0)|0)|BSDLY)|VTDLY)|FFDLY)<65536)||(BSDLY)&&!(CRDLY)&&(FFDLY)&&!(NLDLY)&&(TABDLY)&&!(VTDLY)&&!(((((((CSIZE|0)|0)|TABDLY)|BSDLY)|0)|FFDLY)<256)&&!(((((((CSIZE|0)|0)|TABDLY)|BSDLY)|0)|FFDLY)<65536)||(BSDLY)&&!(CRDLY)&&(FFDLY)&&!(NLDLY)&&(TABDLY)&&(VTDLY)&&!(((((((CSIZE|0)|0)|TABDLY)|BSDLY)|VTDLY)|FFDLY)<256)&&!(((((((CSIZE|0)|0)|TABDLY)|BSDLY)|VTDLY)|FFDLY)<65536)||(BSDLY)&&!(CRDLY)&&(FFDLY)&&(NLDLY)&&!(TABDLY)&&!(VTDLY)&&!(((((((CSIZE|NLDLY)|0)|0)|BSDLY)|0)|FFDLY)<256)&&!(((((((CSIZE|NLDLY)|0)|0)|BSDLY)|0)|FFDLY)<65536)||(BSDLY)&&!(CRDLY)&&(FFDLY)&&(NLDLY)&&!(TABDLY)&&(VTDLY)&&!(((((((CSIZE|NLDLY)|0)|0)|BSDLY)|VTDLY)|FFDLY)<256)&&!(((((((CSIZE|NLDLY)|0)|0)|BSDLY)|VTDLY)|FFDLY)<65536)||(BSDLY)&&!(CRDLY)&&(FFDLY)&&(NLDLY)&&(TABDLY)&&!(VTDLY)&&!(((((((CSIZE|NLDLY)|0)|TABDLY)|BSDLY)|0)|FFDLY)<256)&&!(((((((CSIZE|NLDLY)|0)|TABDLY)|BSDLY)|0)|FFDLY)<65536)||(BSDLY)&&!(CRDLY)&&(FFDLY)&&(NLDLY)&&(TABDLY)&&(VTDLY)&&!(((((((CSIZE|NLDLY)|0)|TABDLY)|BSDLY)|VTDLY)|FFDLY)<256)&&!(((((((CSIZE|NLDLY)|0)|TABDLY)|BSDLY)|VTDLY)|FFDLY)<65536)||(BSDLY)&&(CRDLY)&&!(FFDLY)&&!(NLDLY)&&!(TABDLY)&&!(VTDLY)&&!(((((((CSIZE|0)|CRDLY)|0)|BSDLY)|0)|0)<256)&&!(((((((CSIZE|0)|CRDLY)|0)|BSDLY)|0)|0)<65536)||(BSDLY)&&(CRDLY)&&!(FFDLY)&&!(NLDLY)&&!(TABDLY)&&(VTDLY)&&!(((((((CSIZE|0)|CRDLY)|0)|BSDLY)|VTDLY)|0)<256)&&!(((((((CSIZE|0)|CRDLY)|0)|BSDLY)|VTDLY)|0)<65536)||(BSDLY)&&(CRDLY)&&!(FFDLY)&&!(NLDLY)&&(TABDLY)&&!(VTDLY)&&!(((((((CSIZE|0)|CRDLY)|TABDLY)|BSDLY)|0)|0)<256)&&!(((((((CSIZE|0)|CRDLY)|TABDLY)|BSDLY)|0)|0)<65536)||(BSDLY)&&(CRDLY)&&!(FFDLY)&&!(NLDLY)&&(TABDLY)&&(VTDLY)&&!(((((((CSIZE|0)|CRDLY)|TABDLY)|BSDLY)|VTDLY)|0)<256)&&!(((((((CSIZE|0)|CRDLY)|TABDLY)|BSDLY)|VTDLY)|0)<65536)||(BSDLY)&&(CRDLY)&&!(FFDLY)&&(NLDLY)&&!(TABDLY)&&!(VTDLY)&&!(((((((CSIZE|NLDLY)|CRDLY)|0)|BSDLY)|0)|0)<256)&&!(((((((CSIZE|NLDLY)|CRDLY)|0)|BSDLY)|0)|0)<65536)||(BSDLY)&&(CRDLY)&&!(FFDLY)&&(NLDLY)&&!(TABDLY)&&(VTDLY)&&!(((((((CSIZE|NLDLY)|CRDLY)|0)|BSDLY)|VTDLY)|0)<256)&&!(((((((CSIZE|NLDLY)|CRDLY)|0)|BSDLY)|VTDLY)|0)<65536)||(BSDLY)&&(CRDLY)&&!(FFDLY)&&(NLDLY)&&(TABDLY)&&!(VTDLY)&&!(((((((CSIZE|NLDLY)|CRDLY)|TABDLY)|BSDLY)|0)|0)<256)&&!(((((((CSIZE|NLDLY)|CRDLY)|TABDLY)|BSDLY)|0)|0)<65536)||(BSDLY)&&(CRDLY)&&!(FFDLY)&&(NLDLY)&&(TABDLY)&&(VTDLY)&&!(((((((CSIZE|NLDLY)|CRDLY)|TABDLY)|BSDLY)|VTDLY)|0)<256)&&!(((((((CSIZE|NLDLY)|CRDLY)|TABDLY)|BSDLY)|VTDLY)|0)<65536)||(BSDLY)&&(CRDLY)&&(FFDLY)&&!(NLDLY)&&!(TABDLY)&&!(VTDLY)&&!(((((((CSIZE|0)|CRDLY)|0)|BSDLY)|0)|FFDLY)<256)&&!(((((((CSIZE|0)|CRDLY)|0)|BSDLY)|0)|FFDLY)<65536)||(BSDLY)&&(CRDLY)&&(FFDLY)&&!(NLDLY)&&!(TABDLY)&&(VTDLY)&&!(((((((CSIZE|0)|CRDLY)|0)|BSDLY)|VTDLY)|FFDLY)<256)&&!(((((((CSIZE|0)|CRDLY)|0)|BSDLY)|VTDLY)|FFDLY)<65536)||(BSDLY)&&(CRDLY)&&(FFDLY)&&!(NLDLY)&&(TABDLY)&&!(VTDLY)&&!(((((((CSIZE|0)|CRDLY)|TABDLY)|BSDLY)|0)|FFDLY)<256)&&!(((((((CSIZE|0)|CRDLY)|TABDLY)|BSDLY)|0)|FFDLY)<65536)||(BSDLY)&&(CRDLY)&&(FFDLY)&&!(NLDLY)&&(TABDLY)&&(VTDLY)&&!(((((((CSIZE|0)|CRDLY)|TABDLY)|BSDLY)|VTDLY)|FFDLY)<256)&&!(((((((CSIZE|0)|CRDLY)|TABDLY)|BSDLY)|VTDLY)|FFDLY)<65536)||(BSDLY)&&(CRDLY)&&(FFDLY)&&(NLDLY)&&!(TABDLY)&&!(VTDLY)&&!(((((((CSIZE|NLDLY)|CRDLY)|0)|BSDLY)|0)|FFDLY)<256)&&!(((((((CSIZE|NLDLY)|CRDLY)|0)|BSDLY)|0)|FFDLY)<65536)||(BSDLY)&&(CRDLY)&&(FFDLY)&&(NLDLY)&&!(TABDLY)&&(VTDLY)&&!(((((((CSIZE|NLDLY)|CRDLY)|0)|BSDLY)|VTDLY)|FFDLY)<256)&&!(((((((CSIZE|NLDLY)|CRDLY)|0)|BSDLY)|VTDLY)|FFDLY)<65536)||(BSDLY)&&(CRDLY)&&(FFDLY)&&(NLDLY)&&(TABDLY)&&!(VTDLY)&&!(((((((CSIZE|NLDLY)|CRDLY)|TABDLY)|BSDLY)|0)|FFDLY)<256)&&!(((((((CSIZE|NLDLY)|CRDLY)|TABDLY)|BSDLY)|0)|FFDLY)<65536)||(BSDLY)&&(CRDLY)&&(FFDLY)&&(NLDLY)&&(TABDLY)&&(VTDLY)&&!(((((((CSIZE|NLDLY)|CRDLY)|TABDLY)|BSDLY)|VTDLY)|FFDLY)<256)&&!(((((((CSIZE|NLDLY)|CRDLY)|TABDLY)|BSDLY)|VTDLY)|FFDLY)<65536),7,1,291
stty.txt,!(VDISCARD)&&!(VFLUSHO)&&(VFLUSH)&&(CFLUSHO)&&VFLUSH||!(VDISCARD)&&(VFLUSHO)&&(CFLUSHO)&&VFLUSHO||(VDISCARD)&&!(VFLUSHO)&&(CFLUSHO)&&VDISCARD||(VDISCARD)&&(VFLUSHO)&&(CFLUSHO)&&VFLUSHO,4,1,776
stty.txt,(IUCLC)&&(OLCUC)&&(XCASE)&&XCASE&&IUCLC&&OLCUC,3,17,"319,320,348,349,512,513,1226,1227,1228,1229,1230,1231,1232,1233,1234,1235,1236"
stty.txt,!(CTLECH)&&!(ECHOCTL)&&(TCTLECH)&&TCTLECH||!(CTLECH)&&(ECHOCTL)&&ECHOCTL||(CTLECH)&&!(ECHOCTL)&&CTLECH||(CTLECH)&&(ECHOCTL)&&ECHOCTL,3,4,"474,475,638,639"
stty.txt,!(VSWTC)&&!(VSWTCH)&&(VSUSP)&&VSUSP||!(VSWTC)&&(VSWTCH)&&VSWTCH||(VSWTC)&&!(VSWTCH)&&VSWTC||(VSWTC)&&(VSWTCH)&&VSWTCH,3,2,"674,715"
stty.txt,!(VDISCARD)&&!(VFLUSHO)&&(VFLUSH)&&VFLUSH||!(VDISCARD)&&(VFLUSHO)&&VFLUSHO||(VDISCARD)&&!(VFLUSHO)&&VDISCARD||(VDISCARD)&&(VFLUSHO)&&VFLUSHO,3,2,"692,733"
stty.txt,!(VSWTC)&&!(VSWTCH)&&!(VSUSP)&&(0==VSUSP)||!(VSWTC)&&!(VSWTCH)&&(VSUSP)||!(VSWTC)&&(VSWTCH)&&(VSWTCH==VSUSP)||(VSWTC)&&!(VSWTCH)&&(VSWTC==VSUSP)||(VSWTC)&&(VSWTCH)&&(VSWTCH==VSUSP),3,2,"1039,1040"
stty.txt,!(VREPRINT)&&(VRPRNT)&&(CRPRNT)&&VRPRNT||(VREPRINT)&&(CRPRNT)&&VREPRINT,3,1,767
stty.txt,!(VWERSE)&&(VWERASE)&&(CWERASE)&&VWERASE||(VWERSE)&&!(VWERASE)&&(CWERASE)&&VWERSE||(VWERSE)&&(VWERASE)&&(CWERASE)&&VWERASE,3,1,770
stty.txt,(VEOF==VMIN),2,6,"1044,1045,1046,1047,1048,1058"
stty.txt,!(CRTKIL)&&(ECHOKE)&&ECHOKE||(CRTKIL)&&!(ECHOKE)&&CRTKIL||(CRTKIL)&&(ECHOKE)&&ECHOKE,2,4,"478,479,642,643"
stty.txt,!(OXTABS)&&(TABDLY)&&TABDLY||(OXTABS)&&!(TABDLY)&&OXTABS||(OXTABS)&&(TABDLY)&&!TABDLY&&OXTABS||(OXTABS)&&(TABDLY)&&TABDLY,2,3,"316,345,509"
stty.txt,(VMIN==VEOF),2,3,"1093,1094,1187"
stty.txt,(VSUSP)&&!(VSWTCH),2,2,"82,83"
stty.txt,(__sparc__)&&(__svr4__),2,2,"92,93"
stty.txt,(TABDLY)&&(TAB2)&&TABDLY&&TAB2,2,2,"428,592"
stty.txt,(TABDLY)&&(TAB1)&&TABDLY&&TAB1,2,2,"431,595"
stty.txt,(OXTABS)&&!(TABDLY)&&OXTABS||(OXTABS)&&(TABDLY)&&!TABDLY&&OXTABS,2,2,"436,600"
stty.txt,!(VREPRINT)&&(VRPRNT)&&VRPRNT||(VREPRINT)&&VREPRINT,2,2,"683,724"
stty.txt,!(VWERSE)&&(VWERASE)&&VWERASE||(VWERSE)&&!(VWERASE)&&VWERSE||(VWERSE)&&(VWERASE)&&VWERASE,2,2,"686,727"
stty.txt,!(TIOCGWINSZ)&&(__linux__),2,2,"1373,1374"
stty.txt,(VEOL2)&&!(CEOL2),2,1,74
stty.txt,(VSWTC)&&!(VSWTCH),2,1,78
stty.txt,(VSWTCH)&&!(CSWTCH),2,1,86
stty.txt,(VWERSE)&&!(VWERASE),2,1,97
stty.txt,(VDSUSP)&&!(CDSUSP),2,1,100
stty.txt,!(VREPRINT)&&(VRPRNT),2,1,103
stty.txt,(VREPRINT)&&!(CRPRNT),2,1,106
stty.txt,(VWERASE)&&!(CWERASE),2,1,109
stty.txt,(VLNEXT)&&!(CLNEXT),2,1,112
stty.txt,(VDISCARD)&&!(VFLUSHO),2,1,115
stty.txt,(VFLUSH)&&!(VFLUSHO),2,1,118
stty.txt,(CTLECH)&&!(ECHOCTL),2,1,121
stty.txt,(TCTLECH)&&!(ECHOCTL),2,1,124
stty.txt,(CRTKIL)&&!(ECHOKE),2,1,127
stty.txt,(VFLUSHO)&&!(CFLUSHO),2,1,130
stty.txt,(VSTATUS)&&!(CSTATUS),2,1,133
stty.txt,(VEOL2)&&(CEOL2)&&VEOL2,2,1,755
stty.txt,(VDSUSP)&&(CDSUSP)&&VDSUSP,2,1,764
stty.txt,(VLNEXT)&&(CLNEXT)&&VLNEXT,2,1,773
stty.txt,(VSTATUS)&&(CSTATUS)&&VSTATUS,2,1,779
stty.txt,(VTIME==VEOL),2,1,1190
sv.txt,!ENABLE_SV&&ENABLE_SVC||ENABLE_SV,2,466,"226,227,228,229,230,231,232,233,234,235,236,237,238,239,240,241,242,243,244,245,246,247,248,249,250,251,252,253,254,255,256,257,258,259,260,261,262,263,264,265,266,267,268,269,270,271,272,273,274,275,276,277,278,279,280,281,282,283,284,285,286,287,288,289,290,291,292,293,294,295,296,297,298,299,300,301,302,303,304,305,306,307,308,309,310,311,312,313,314,315,316,317,318,319,320,321,322,323,324,325,326,327,328,329,330,331,332,333,334,335,336,337,338,339,340,341,342,343,344,345,346,347,348,349,350,351,352,353,354,355,356,357,358,359,360,361,362,363,364,365,366,367,368,369,370,371,372,373,374,375,376,377,378,379,380,381,382,383,384,385,386,387,388,389,390,391,392,393,394,395,396,397,398,399,400,401,402,403,404,405,406,407,408,409,410,411,412,413,414,415,416,417,418,419,420,421,422,423,424,425,426,427,428,429,430,431,432,433,434,435,436,437,438,439,440,441,442,443,444,445,446,447,448,449,450,451,452,453,454,455,456,457,458,459,460,461,462,463,464,465,466,467,468,469,470,471,472,473,474,475,476,477,478,479,480,481,482,483,484,485,486,487,488,489,490,491,492,493,494,495,496,497,498,499,500,501,502,503,504,505,506,507,508,509,510,511,512,513,514,515,516,517,518,519,520,521,522,523,524,525,526,527,528,529,530,531,532,533,534,535,536,537,538,539,540,541,542,543,544,545,546,547,548,549,550,551,552,553,554,555,556,557,558,559,560,561,562,563,564,565,566,567,568,569,570,571,572,573,574,575,576,577,578,579,580,581,582,583,584,585,586,587,588,589,590,591,592,593,594,595,596,597,598,599,600,601,602,603,604,605,606,607,608,609,610,611,612,613,614,615,616,617,618,619,620,621,622,623,624,625,626,627,628,629,630,631,632,633,634,635,636,637,638,639,640,641,642,643,644,645,646,647,648,649,650,651,652,653,654,655,656,657,658,659,660,661,662,663,664,665,666,667,668,669,670,671,672,673,674,675,676,677,678,679,680,681,682,683,684,685,686,687,688,689,690,691"
swaponoff.txt,!ENABLE_FEATURE_SWAPON_DISCARD&&ENABLE_FEATURE_SWAPON_PRI||ENABLE_FEATURE_SWAPON_DISCARD,2,7,"108,109,110,111,112,113,114"
swaponoff.txt,!(ENABLE_FEATURE_SWAPON_DISCARD||ENABLE_FEATURE_SWAPON_PRI),2,3,"116,117,118"
swaponoff.txt,ENABLE_FEATURE_SWAPON_DISCARD&&!(SWAP_FLAG_DISCARD),2,1,94
swaponoff.txt,ENABLE_FEATURE_SWAPON_DISCARD&&!(SWAP_FLAG_DISCARD_ONCE),2,1,97
swaponoff.txt,ENABLE_FEATURE_SWAPON_DISCARD&&!(SWAP_FLAG_DISCARD_PAGES),2,1,100
swaponoff.txt,ENABLE_SWAPOFF&&ENABLE_SWAPON,2,1,124
swaponoff.txt,ENABLE_SWAPOFF&&!ENABLE_SWAPON,2,1,126
switch_root.txt,ENABLE_RUN_INIT&&!(PR_CAPBSET_READ),2,1,42
switch_root.txt,ENABLE_RUN_INIT&&!(PR_CAPBSET_DROP),2,1,45
sync.txt,!ENABLE_FEATURE_SYNC_FANCY&&ENABLE_FSYNC||ENABLE_FEATURE_SYNC_FANCY,2,31,"47,48,49,50,51,52,53,54,55,56,57,58,59,60,61,62,63,64,65,73,74,75,76,77,78,79,80,81,82,83,84"
sync.txt,ENABLE_FEATURE_SYNC_FANCY&&ENABLE_SYNC,2,7,"97,98,99,100,101,102,103"
sync.txt,!ENABLE_FEATURE_SYNC_FANCY&&ENABLE_SYNC,2,4,"92,93,94,95"
syslogd.txt,ENABLE_FEATURE_REMOTE_LOG&&ENABLE_FEATURE_SYSLOGD_DUP,2,10,"1149,1150,1151,1152,1155,1161,1162,1163,1164,1165"
syslogd.txt,ENABLE_FEATURE_IPC_SYSLOG&&CONFIG_FEATURE_IPC_SYSLOG_BUFFER_SIZE<4,2,2,"555,556"
syslogd.txt,ENABLE_FEATURE_ROTATE_LOGFILE&&(SYSLOGD_WRLOCK),2,2,"786,787"
tail.txt,!ENABLE_INCLUDE_SUSv2&&ENABLE_FEATURE_FANCY_TAIL||ENABLE_INCLUDE_SUSv2,2,8,"133,134,135,136,137,138,139,140"
tar.txt,ENABLE_FEATURE_TAR_CREATE&&SEAMLESS_COMPRESSION,2,82,"573,574,575,576,577,578,579,580,581,584,585,586,587,588,589,590,591,592,593,594,599,600,601,602,603,604,605,606,607,608,609,610,611,612,613,614,615,616,617,618,619,620,621,622,623,624,625,626,627,628,629,630,631,641,642,643,644,645,646,660,671,672,704,705,706,707,708,709,710,711,1202,1203,1204,1205,1206,1207,1208,1209,1210,1211,1212,1225"
tar.txt,ENABLE_FEATURE_TAR_CREATE&&ENABLE_FEATURE_TAR_GNU_EXTENSIONS,2,53,"259,260,261,262,263,264,265,266,267,268,269,270,271,272,273,274,275,276,277,278,279,280,281,282,283,284,285,286,287,288,289,290,291,292,293,294,295,296,297,298,299,330,331,332,333,342,343,344,412,413,414,415,416"
tar.txt,ENABLE_FEATURE_TAR_CREATE&&ENABLE_FEATURE_TAR_FROM,2,27,"161,439,440,441,442,443,444,445,446,447,448,449,450,451,452,453,454,455,456,457,458,459,460,461,462,463,1218"
tar.txt,ENABLE_FEATURE_TAR_FROM&&ENABLE_FEATURE_TAR_LONG_OPTIONS,2,13,"889,890,922,941,1007,1025,1112,1113,1114,1115,1116,1117,1118"
tar.txt,ENABLE_FEATURE_TAR_CREATE&&!ENABLE_FEATURE_TAR_GNU_EXTENSIONS,2,10,"346,347,348,349,350,351,521,522,523,524"
tar.txt,ENABLE_FEATURE_TAR_CREATE&&!SEAMLESS_COMPRESSION,2,6,"657,658,659,1222,1223,1224"
tar.txt,ENABLE_FEATURE_TAR_CREATE&&ENABLE_FEATURE_TAR_LONG_OPTIONS,2,2,"882,883"
tar.txt,ENABLE_FEATURE_TAR_CREATE&&(ULLONG_MAX>-1),2,1,383
tar.txt,ENABLE_FEATURE_TAR_LONG_OPTIONS&&ENABLE_FEATURE_SEAMLESS_BZ2,2,1,886
tar.txt,ENABLE_FEATURE_TAR_LONG_OPTIONS&&ENABLE_FEATURE_SEAMLESS_GZ,2,1,893
tar.txt,ENABLE_FEATURE_TAR_LONG_OPTIONS&&ENABLE_FEATURE_SEAMLESS_XZ,2,1,896
tar.txt,ENABLE_FEATURE_TAR_LONG_OPTIONS&&ENABLE_FEATURE_SEAMLESS_Z,2,1,899
tar.txt,ENABLE_FEATURE_TAR_LONG_OPTIONS&&ENABLE_FEATURE_TAR_NOPRESERVE_TIME,2,1,903
tar.txt,ENABLE_FEATURE_TAR_LONG_OPTIONS&&ENABLE_FEATURE_SEAMLESS_LZMA,2,1,907
tar.txt,ENABLE_FEATURE_TAR_LONG_OPTIONS&&ENABLE_FEATURE_TAR_TO_COMMAND,2,1,911
tcpudp.txt,!(__linux__)&&(SO_ORIGINAL_DST)||(__linux__),2,9,"566,567,568,569,570,571,572,573,574"
telnet.txt,!ENABLE_FEATURE_TELNET_WIDTH&&!ENABLE_FEATURE_TELNET_TTYPE&&ENABLE_FEATURE_TELNET_AUTOLOGIN||!ENABLE_FEATURE_TELNET_WIDTH&&ENABLE_FEATURE_TELNET_TTYPE||ENABLE_FEATURE_TELNET_WIDTH,3,16,"262,263,264,265,266,267,268,269,270,271,272,273,274,275,276,277"
telnet.txt,!(__BIONIC__)&&ENABLE_FEATURE_TELNET_TTYPE,2,3,"291,298,455"
telnet.txt,!(__BIONIC__)&&ENABLE_FEATURE_TELNET_AUTOLOGIN,2,3,"305,312,461"
telnet.txt,!(__BIONIC__)&&ENABLE_FEATURE_TELNET_WIDTH,2,3,"321,331,450"
telnet.txt,DEBUG||VERBOSE,2,2,"1020,1021"
telnetd.txt,ENABLE_FEATURE_TELNETD_SELFTEST_DEBUG&&SAVE_NET2PTY_EXPECTED,2,6,"1279,1280,1281,1282,1283,1284"
telnetd.txt,ENABLE_FEATURE_TELNETD_SELFTEST_DEBUG&&SAVE_PTY2NET_EXPECTED,2,6,"1504,1505,1506,1507,1508,1509"
telnetd.txt,ENABLE_FEATURE_TELNETD_SELFTEST_DEBUG&&SAVE_NET2PTY_ACTUAL,2,2,"1334,1379"
telnetd.txt,ENABLE_FEATURE_TELNETD_SELFTEST_DEBUG&&SAVE_PTY2NET_ACTUAL,2,2,"1568,1588"
test.txt,!ENABLE_TEST2&&!ENABLE_ASH_BASH_COMPAT&&ENABLE_HUSH_BASH_COMPAT&&ENABLE_HUSH_TEST||!ENABLE_TEST2&&ENABLE_ASH_BASH_COMPAT&&!ENABLE_ASH_TEST&&ENABLE_HUSH_BASH_COMPAT&&ENABLE_HUSH_TEST||!ENABLE_TEST2&&ENABLE_ASH_BASH_COMPAT&&ENABLE_ASH_TEST||ENABLE_TEST2,5,42,"198,341,356,357,393,408,409,431,537,538,539,540,541,542,543,544,545,546,585,586,587,588,589,590,591,592,593,594,595,596,597,598,599,600,601,602,603,604,605,886,905,917"
test.txt,ENABLE_TEST2||(ENABLE_ASH_BASH_COMPAT&&ENABLE_ASH_TEST)||(ENABLE_HUSH_BASH_COMPAT&&ENABLE_HUSH_TEST),5,3,"152,153,154"
test.txt,!(ENABLE_TEST2||(ENABLE_ASH_BASH_COMPAT&&ENABLE_ASH_TEST)||(ENABLE_HUSH_BASH_COMPAT&&ENABLE_HUSH_TEST)),5,1,156
test.txt,TEST_DEBUG&&BASH_TEST2,2,1,275
textbox.txt,(NCURSES_VERSION)&&(_NEED_WRAP)&&!(GCC_PRINTFLIKE),3,8,"447,448,449,450,451,452,453,454"
textbox.txt,!(NCURSES_VERSION)||(NCURSES_VERSION)&&!(_NEED_WRAP)||(NCURSES_VERSION)&&(_NEED_WRAP)&&(GCC_PRINTFLIKE),3,1,456
tftp.txt,!ENABLE_FEATURE_TFTP_GET&&ENABLE_FEATURE_TFTP_PUT&&ENABLE_FEATURE_TFTP_PROGRESS_BAR&&ENABLE_FEATURE_TFTP_BLOCKSIZE&&ENABLE_TFTP||ENABLE_FEATURE_TFTP_GET&&ENABLE_FEATURE_TFTP_PROGRESS_BAR&&ENABLE_FEATURE_TFTP_BLOCKSIZE&&ENABLE_TFTP,5,1,873
tftp.txt,!ENABLE_FEATURE_TFTP_GET&&ENABLE_FEATURE_TFTP_PUT&&ENABLE_FEATURE_TFTP_PROGRESS_BAR&&ENABLE_FEATURE_TFTP_BLOCKSIZE||ENABLE_FEATURE_TFTP_GET&&ENABLE_FEATURE_TFTP_PROGRESS_BAR&&ENABLE_FEATURE_TFTP_BLOCKSIZE,4,32,"214,215,216,217,218,219,220,221,222,223,224,225,226,227,228,229,230,503,504,505,506,507,557,574,659,660,661,662,663,664,665,666"
tftp.txt,!ENABLE_FEATURE_TFTP_GET&&ENABLE_FEATURE_TFTP_PUT&&ENABLE_FEATURE_TFTP_BLOCKSIZE&&ENABLE_TFTPD||ENABLE_FEATURE_TFTP_GET&&ENABLE_FEATURE_TFTP_BLOCKSIZE&&ENABLE_TFTPD,4,22,"958,959,960,961,962,963,964,965,966,967,968,969,970,971,972,973,974,975,976,977,978,979"
tftp.txt,!ENABLE_FEATURE_TFTP_GET&&ENABLE_FEATURE_TFTP_PUT&&ENABLE_FEATURE_TFTP_BLOCKSIZE&&ENABLE_TFTP||ENABLE_FEATURE_TFTP_GET&&ENABLE_FEATURE_TFTP_BLOCKSIZE&&ENABLE_TFTP,4,18,"468,469,470,471,472,473,474,475,476,773,774,833,834,835,836,837,838,839"
tftp.txt,ENABLE_FEATURE_TFTP_GET||ENABLE_FEATURE_TFTP_PUT&&!(ENABLE_FEATURE_TFTP_PROGRESS_BAR&&ENABLE_FEATURE_TFTP_BLOCKSIZE),4,3,"232,233,234"
tftp.txt,!ENABLE_FEATURE_TFTP_GET&&ENABLE_FEATURE_TFTP_PUT&&ENABLE_TFTP_DEBUG&&ENABLE_TFTP||ENABLE_FEATURE_TFTP_GET&&ENABLE_TFTP_DEBUG&&ENABLE_TFTP,4,3,"859,860,861"
tftp.txt,!ENABLE_FEATURE_TFTP_GET&&ENABLE_FEATURE_TFTP_PUT&&ENABLE_FEATURE_TFTP_BLOCKSIZE&&ENABLE_TFTP_DEBUG||ENABLE_FEATURE_TFTP_GET&&ENABLE_FEATURE_TFTP_BLOCKSIZE&&ENABLE_TFTP_DEBUG,4,1,253
tftp.txt,!ENABLE_FEATURE_TFTP_GET&&ENABLE_FEATURE_TFTP_PUT&&ENABLE_FEATURE_TFTP_PROGRESS_BAR&&ENABLE_TFTP||ENABLE_FEATURE_TFTP_GET&&ENABLE_FEATURE_TFTP_PROGRESS_BAR&&ENABLE_TFTP,4,1,865
tftp.txt,!ENABLE_FEATURE_TFTP_GET&&ENABLE_FEATURE_TFTP_PUT&&ENABLE_TFTP||ENABLE_FEATURE_TFTP_GET&&ENABLE_TFTP,3,127,"438,439,440,441,442,443,444,445,446,447,448,449,450,451,452,453,454,455,456,457,458,459,460,461,462,463,464,465,466,467,477,766,767,768,769,770,771,772,775,776,777,778,779,780,781,782,783,784,785,786,787,788,789,790,791,792,793,794,795,796,797,798,799,800,801,802,803,804,805,806,807,808,809,810,811,812,813,814,815,816,817,818,819,820,821,822,823,824,826,827,828,829,830,831,832,840,841,842,843,844,845,846,847,848,849,850,851,852,853,854,855,856,857,858,862,863,864,866,867,868,869,870,871,872,874,875,876"
tftp.txt,!ENABLE_FEATURE_TFTP_GET&&ENABLE_FEATURE_TFTP_PUT&&ENABLE_FEATURE_TFTP_BLOCKSIZE||ENABLE_FEATURE_TFTP_GET&&ENABLE_FEATURE_TFTP_BLOCKSIZE,3,119,"238,239,240,241,242,243,244,245,246,247,248,249,250,251,252,254,255,256,257,258,259,260,261,262,263,264,265,266,267,268,269,270,271,272,273,274,275,276,277,278,279,280,281,282,283,284,285,286,287,288,289,290,291,292,414,415,416,417,418,419,420,421,481,482,483,484,485,486,487,488,489,490,491,492,493,494,495,496,497,498,499,500,501,502,508,509,643,644,645,646,647,648,649,650,651,652,653,654,655,656,657,658,667,668,669,670,671,672,673,674,675,676,677,678,679,680,681,682,683"
tftp.txt,!ENABLE_FEATURE_TFTP_GET&&ENABLE_FEATURE_TFTP_PUT&&ENABLE_TFTPD||ENABLE_FEATURE_TFTP_GET&&ENABLE_TFTPD,3,108,"880,881,882,883,884,885,886,887,888,889,890,891,892,893,894,895,896,897,898,899,900,901,902,903,904,905,906,907,908,909,910,911,912,913,914,915,916,917,918,919,920,921,922,923,924,925,926,927,928,929,930,931,932,934,935,936,937,938,939,940,941,942,943,944,945,946,947,948,949,950,951,952,953,954,955,956,957,980,981,982,983,984,985,986,987,988,990,992,993,994,995,996,997,998,999,1000,1001,1002,1003,1004,1005,1006,1007,1008,1009,1010,1011,1012"
tftp.txt,!ENABLE_FEATURE_TFTP_GET&&ENABLE_FEATURE_TFTP_PUT&&ENABLE_FEATURE_TFTP_PROGRESS_BAR||ENABLE_FEATURE_TFTP_GET&&ENABLE_FEATURE_TFTP_PROGRESS_BAR,3,5,"198,199,200,201,556"
tftp.txt,!ENABLE_FEATURE_TFTP_GET&&ENABLE_FEATURE_TFTP_PUT&&ENABLE_TFTP_DEBUG||ENABLE_FEATURE_TFTP_GET&&ENABLE_TFTP_DEBUG,3,5,"548,549,550,551,616"
tftp.txt,ENABLE_FEATURE_TFTP_GET&&ENABLE_FEATURE_TFTP_PUT&&ENABLE_TFTPD,3,3,"933,989,991"
tftp.txt,ENABLE_FEATURE_TFTP_GET||ENABLE_FEATURE_TFTP_PUT&&!ENABLE_TFTP,3,1,302
tftp.txt,!ENABLE_FEATURE_TFTP_GET&&ENABLE_FEATURE_TFTP_PUT&&!ENABLE_FEATURE_TFTP_BLOCKSIZE||ENABLE_FEATURE_TFTP_GET&&!ENABLE_FEATURE_TFTP_BLOCKSIZE,3,1,309
tftp.txt,ENABLE_FEATURE_TFTP_GET&&ENABLE_FEATURE_TFTP_PUT&&ENABLE_TFTP,3,1,825
tftp.txt,!ENABLE_FEATURE_TFTP_GET&&ENABLE_FEATURE_TFTP_PUT||ENABLE_FEATURE_TFTP_GET,2,420,"130,131,132,133,134,135,136,137,138,139,140,141,142,143,144,145,146,147,148,149,150,151,152,153,154,155,156,157,158,159,160,161,162,163,164,165,166,167,168,169,170,171,175,179,183,184,185,186,187,188,189,190,191,192,193,194,195,196,197,202,203,204,205,206,207,208,209,210,211,212,213,231,235,236,237,293,294,295,296,297,298,299,300,301,303,304,305,306,307,308,310,311,312,313,314,315,316,317,318,319,320,321,322,323,324,325,326,327,328,329,330,331,332,333,334,335,336,337,338,339,340,341,342,343,344,345,346,347,348,349,350,351,352,353,354,355,356,357,358,359,360,361,362,363,364,365,366,367,368,369,370,371,372,373,374,375,376,377,378,379,380,381,382,383,384,385,386,387,388,389,390,391,392,393,394,395,396,397,398,399,400,401,402,403,404,405,406,407,408,409,410,411,412,413,422,423,424,425,426,427,428,429,430,431,432,433,434,435,436,437,478,479,480,510,511,512,513,514,515,516,517,518,519,520,521,522,523,524,525,526,527,528,529,530,531,532,533,534,535,536,537,538,539,540,541,542,543,544,545,546,547,552,553,554,555,558,559,560,561,562,563,564,565,566,567,568,569,570,571,572,573,575,576,577,578,579,580,581,582,583,584,585,586,587,588,589,590,591,592,593,594,595,596,597,598,599,600,601,602,603,604,605,606,607,608,609,610,611,612,613,614,615,617,618,619,620,621,622,623,624,625,626,627,628,629,630,631,632,633,634,635,636,637,638,639,640,641,642,684,685,686,687,688,689,690,691,692,693,694,695,696,697,698,699,700,701,702,703,704,705,706,707,708,709,715,716,717,718,719,720,721,722,723,724,725,726,727,728,729,730,731,732,733,734,735,736,737,738,739,740,741,742,743,744,745,746,747,748,749,750,751,752,753,754,755,756,757,758,759,760,761,762,763,764,765,877,878,879,1013,1014"
tftp.txt,ENABLE_FEATURE_TFTP_GET||ENABLE_FEATURE_TFTP_PUT&&0,2,5,"710,711,712,713,714"
tftp.txt,ENABLE_FEATURE_TFTP_GET||ENABLE_FEATURE_TFTP_PUT&&ENABLE_FEATURE_TFTP_GET&&!ENABLE_FEATURE_TFTP_PUT,2,3,"172,173,174"
tftp.txt,ENABLE_FEATURE_TFTP_GET||ENABLE_FEATURE_TFTP_PUT&&!ENABLE_FEATURE_TFTP_GET&&ENABLE_FEATURE_TFTP_PUT,2,3,"176,177,178"
tftp.txt,ENABLE_FEATURE_TFTP_GET||ENABLE_FEATURE_TFTP_PUT&&!((ENABLE_FEATURE_TFTP_GET&&!ENABLE_FEATURE_TFTP_PUT)||(!ENABLE_FEATURE_TFTP_GET&&ENABLE_FEATURE_TFTP_PUT)),2,3,"180,181,182"
time.txt,ENABLE_DESKTOP&&ENABLE_FEATURE_TIMEZONE,2,12,"34,35,50,51,52,53,54,55,56,57,58,59"
time.txt,(UNUSED)&&(BB_ARCH_FIXED_PAGESIZE),2,2,"123,124"
time.txt,ENABLE_MONOTONIC_SYSCALL&&!(CLOCK_MONOTONIC),2,1,303
tls.txt,TLS_DEBUG&&TLS_DEBUG_HASH,2,5,"452,453,454,455,456"
tls_aesgcm.txt,!BB_BIG_ENDIAN&&(ULONG_MAX<=4294967295),2,8,"81,82,83,84,85,86,87,88"
tls_aesgcm.txt,BB_BIG_ENDIAN&&(ULONG_MAX<=4294967295),2,6,"60,61,62,63,64,65"
tls_aesgcm.txt,!BB_BIG_ENDIAN&&!(ULONG_MAX<=4294967295),2,6,"90,91,92,93,94,95"
tls_aesgcm.txt,BB_BIG_ENDIAN&&!(ULONG_MAX<=4294967295),2,4,"67,68,69,70"
tls_pstm.txt,!(__GNUC__)&&!(PSTM_8BIT)&&!(PSTM_16BIT)&&!(PSTM_64BIT)&&!(USE_MATRIX_DIV64)||!(__GNUC__)&&!(PSTM_8BIT)&&!(PSTM_16BIT)&&(PSTM_64BIT)&&!(USE_MATRIX_DIV64)&&!(USE_MATRIX_DIV128)||!(__GNUC__)&&!(PSTM_8BIT)&&!(PSTM_16BIT)&&(PSTM_64BIT)&&(USE_MATRIX_DIV64)&&!(PSTM_32BIT)&&!(USE_MATRIX_DIV128)||!(__GNUC__)&&!(PSTM_8BIT)&&(PSTM_16BIT)&&!(PSTM_64BIT)&&!(USE_MATRIX_DIV64)||!(__GNUC__)&&!(PSTM_8BIT)&&(PSTM_16BIT)&&!(PSTM_64BIT)&&(USE_MATRIX_DIV64)&&!(PSTM_32BIT)||!(__GNUC__)&&!(PSTM_8BIT)&&(PSTM_16BIT)&&(PSTM_64BIT)&&!(USE_MATRIX_DIV64)&&!(USE_MATRIX_DIV128)||!(__GNUC__)&&!(PSTM_8BIT)&&(PSTM_16BIT)&&(PSTM_64BIT)&&(USE_MATRIX_DIV64)&&!(PSTM_32BIT)&&!(USE_MATRIX_DIV128)||!(__GNUC__)&&(PSTM_8BIT)&&!(PSTM_64BIT)&&!(USE_MATRIX_DIV64)||!(__GNUC__)&&(PSTM_8BIT)&&!(PSTM_64BIT)&&(USE_MATRIX_DIV64)&&!(PSTM_32BIT)||!(__GNUC__)&&(PSTM_8BIT)&&(PSTM_64BIT)&&!(USE_MATRIX_DIV64)&&!(USE_MATRIX_DIV128)||!(__GNUC__)&&(PSTM_8BIT)&&(PSTM_64BIT)&&(USE_MATRIX_DIV64)&&!(PSTM_32BIT)&&!(USE_MATRIX_DIV128)||(__GNUC__)&&!(__i386__)&&!(PSTM_8BIT)&&!(PSTM_16BIT)&&!(PSTM_64BIT)&&!(USE_MATRIX_DIV64)||(__GNUC__)&&!(__i386__)&&!(PSTM_8BIT)&&!(PSTM_16BIT)&&(PSTM_64BIT)&&!(USE_MATRIX_DIV64)&&!(USE_MATRIX_DIV128)||(__GNUC__)&&!(__i386__)&&!(PSTM_8BIT)&&!(PSTM_16BIT)&&(PSTM_64BIT)&&(USE_MATRIX_DIV64)&&!(PSTM_32BIT)&&!(USE_MATRIX_DIV128)||(__GNUC__)&&!(__i386__)&&!(PSTM_8BIT)&&(PSTM_16BIT)&&!(PSTM_64BIT)&&!(USE_MATRIX_DIV64)||(__GNUC__)&&!(__i386__)&&!(PSTM_8BIT)&&(PSTM_16BIT)&&!(PSTM_64BIT)&&(USE_MATRIX_DIV64)&&!(PSTM_32BIT)||(__GNUC__)&&!(__i386__)&&!(PSTM_8BIT)&&(PSTM_16BIT)&&(PSTM_64BIT)&&!(USE_MATRIX_DIV64)&&!(USE_MATRIX_DIV128)||(__GNUC__)&&!(__i386__)&&!(PSTM_8BIT)&&(PSTM_16BIT)&&(PSTM_64BIT)&&(USE_MATRIX_DIV64)&&!(PSTM_32BIT)&&!(USE_MATRIX_DIV128)||(__GNUC__)&&!(__i386__)&&(PSTM_8BIT)&&!(PSTM_64BIT)&&!(USE_MATRIX_DIV64)||(__GNUC__)&&!(__i386__)&&(PSTM_8BIT)&&!(PSTM_64BIT)&&(USE_MATRIX_DIV64)&&!(PSTM_32BIT)||(__GNUC__)&&!(__i386__)&&(PSTM_8BIT)&&(PSTM_64BIT)&&!(USE_MATRIX_DIV64)&&!(USE_MATRIX_DIV128)||(__GNUC__)&&!(__i386__)&&(PSTM_8BIT)&&(PSTM_64BIT)&&(USE_MATRIX_DIV64)&&!(PSTM_32BIT)&&!(USE_MATRIX_DIV128)||(__GNUC__)&&(__i386__)&&!(PSTM_64BIT)&&!(USE_MATRIX_DIV64)||(__GNUC__)&&(__i386__)&&(PSTM_64BIT)&&!(USE_MATRIX_DIV64)&&!(USE_MATRIX_DIV128),8,1,1424
tls_pstm.txt,!(__GNUC__)&&!(PSTM_8BIT)&&!(PSTM_16BIT)&&!(PSTM_64BIT)&&(USE_MATRIX_DIV64)||!(__GNUC__)&&!(PSTM_8BIT)&&!(PSTM_16BIT)&&(PSTM_64BIT)&&(USE_MATRIX_DIV64)&&(PSTM_32BIT)||!(__GNUC__)&&!(PSTM_8BIT)&&(PSTM_16BIT)&&(USE_MATRIX_DIV64)&&(PSTM_32BIT)||!(__GNUC__)&&(PSTM_8BIT)&&(USE_MATRIX_DIV64)&&(PSTM_32BIT)||(__GNUC__)&&!(__i386__)&&!(PSTM_8BIT)&&!(PSTM_16BIT)&&!(PSTM_64BIT)&&(USE_MATRIX_DIV64)||(__GNUC__)&&!(__i386__)&&!(PSTM_8BIT)&&!(PSTM_16BIT)&&(PSTM_64BIT)&&(USE_MATRIX_DIV64)&&(PSTM_32BIT)||(__GNUC__)&&!(__i386__)&&!(PSTM_8BIT)&&(PSTM_16BIT)&&(USE_MATRIX_DIV64)&&(PSTM_32BIT)||(__GNUC__)&&!(__i386__)&&(PSTM_8BIT)&&(USE_MATRIX_DIV64)&&(PSTM_32BIT)||(__GNUC__)&&(__i386__)&&(USE_MATRIX_DIV64),7,29,"1251,1252,1253,1254,1255,1256,1257,1258,1259,1260,1261,1262,1263,1264,1265,1266,1267,1268,1269,1270,1271,1272,1273,1274,1275,1276,1277,1278,1420"
tls_pstm.txt,!(__GNUC__)&&(PSTM_64BIT)&&!(USE_MATRIX_DIV64)&&(USE_MATRIX_DIV128)||!(__GNUC__)&&(PSTM_64BIT)&&(USE_MATRIX_DIV64)&&!(PSTM_32BIT)&&(USE_MATRIX_DIV128)||(__GNUC__)&&!(__i386__)&&(PSTM_64BIT)&&!(USE_MATRIX_DIV64)&&(USE_MATRIX_DIV128)||(__GNUC__)&&!(__i386__)&&(PSTM_64BIT)&&(USE_MATRIX_DIV64)&&!(PSTM_32BIT)&&(USE_MATRIX_DIV128)||(__GNUC__)&&(__i386__)&&(PSTM_64BIT)&&!(USE_MATRIX_DIV64)&&(USE_MATRIX_DIV128),6,1,1422
tls_pstm.txt,!(DISABLE_PSTM)&&((ENDIAN_LITTLE)||(ENDIAN_BIG))&&!(PSTM_64BIT)&&(ENDIAN_LITTLE)&&(ENDIAN_BIG),4,1,418
tls_pstm.txt,(PSTM_64BIT)&&(USE_MATRIX_DIV128),2,29,"1282,1283,1284,1285,1286,1287,1288,1289,1290,1291,1292,1293,1294,1295,1296,1297,1298,1299,1300,1301,1302,1303,1304,1305,1306,1307,1308,1309,1310"
tls_pstm.txt,BB_BIG_ENDIAN&&!(PSTM_64BIT),2,12,"436,437,438,439,440,441,442,443,444,445,446,447"
tls_pstm.txt,!BB_BIG_ENDIAN&&!(PSTM_64BIT),2,3,"449,450,451"
tls_pstm_montgomery_reduce.txt,!(DISABLE_PSTM)&&!((PSTM_X86)||(PSTM_X86_64)||(PSTM_ARM)||(PSTM_MIPS)),5,19,"341,342,343,344,345,346,347,348,349,350,351,352,353,354,355,356,357,358,359"
tls_pstm_montgomery_reduce.txt,!(DISABLE_PSTM)&&(PSTM_X86)&&!(__GNUC__)||!(__i386__)||!(PSTM_32BIT),5,1,55
tls_pstm_montgomery_reduce.txt,!(DISABLE_PSTM)&&(PSTM_X86_64)&&!(__GNUC__)||!(__x86_64__)||!(PSTM_64BIT),5,1,115
tls_pstm_montgomery_reduce.txt,!(DISABLE_PSTM)&&(PSTM_ARM)&&(__thumb2__),3,24,"250,251,252,253,254,255,256,257,258,259,260,261,262,263,264,265,266,267,268,269,270,271,272,273"
tls_pstm_montgomery_reduce.txt,!(DISABLE_PSTM)&&(PSTM_ARM)&&!(__thumb2__),3,22,"275,276,277,278,279,280,281,282,283,284,285,286,287,288,289,290,291,292,293,294,295,296"
tls_pstm_montgomery_reduce.txt,!(DISABLE_PSTM)&&(PSTM_X86_64),2,127,"113,114,116,117,118,119,120,121,122,123,124,125,126,127,128,129,130,131,132,133,134,135,136,137,138,139,140,141,142,143,144,145,146,147,148,149,150,151,152,153,154,155,156,157,158,159,160,161,162,163,164,165,166,167,168,169,170,171,172,173,174,175,176,177,178,179,180,181,182,183,184,185,186,187,188,189,190,191,192,193,194,195,196,197,198,199,200,201,202,203,204,205,206,207,208,209,210,211,212,213,214,215,216,217,218,219,220,221,222,223,224,225,226,227,228,229,230,231,232,233,234,235,236,237,238,239,240"
tls_pstm_montgomery_reduce.txt,!(DISABLE_PSTM)&&(PSTM_MIPS),2,38,"302,303,304,305,306,307,308,309,310,311,312,313,314,315,316,317,318,319,320,321,322,323,324,325,326,327,328,329,330,331,332,333,334,335,336,337,338,339"
tls_pstm_montgomery_reduce.txt,!(DISABLE_PSTM)&&(PSTM_X86),2,25,"53,54,56,57,58,59,60,61,62,63,64,65,82,100,101,102,103,104,105,106,107,108,109,110,111"
tls_pstm_montgomery_reduce.txt,!(DISABLE_PSTM)&&(PSTM_X86)&&!0,2,17,"83,84,85,86,87,88,89,90,91,92,93,94,95,96,97,98,99"
tls_pstm_montgomery_reduce.txt,!(DISABLE_PSTM)&&(PSTM_X86)&&0,2,16,"66,67,68,69,70,71,72,73,74,75,76,77,78,79,80,81"
tls_pstm_montgomery_reduce.txt,!(DISABLE_PSTM)&&(PSTM_ARM),2,13,"242,243,244,245,246,247,248,249,274,297,298,299,300"
tls_pstm_mul_comba.txt,!(DISABLE_PSTM)&&!((PSTM_X86)||(PSTM_X86_64)||(PSTM_ARM)||(PSTM_MIPS)),5,24,"198,199,200,201,202,203,204,205,206,207,208,209,210,211,212,213,214,215,216,217,218,219,220,221"
tls_pstm_mul_comba.txt,!(DISABLE_PSTM)&&(PSTM_X86)&&!(__GNUC__)||!(__i386__)||!(PSTM_32BIT),5,1,54
tls_pstm_mul_comba.txt,!(DISABLE_PSTM)&&(PSTM_X86_64)&&!(__GNUC__)||!(__x86_64__)||!(PSTM_64BIT),5,1,95
tls_pstm_mul_comba.txt,!(DISABLE_PSTM)&&(USE_1024_KEY_SPEED_OPTIMIZATIONS)&&(USE_2048_KEY_SPEED_OPTIMIZATIONS),3,3,"765,766,767"
tls_pstm_mul_comba.txt,!(DISABLE_PSTM)&&!(USE_1024_KEY_SPEED_OPTIMIZATIONS)&&(USE_2048_KEY_SPEED_OPTIMIZATIONS),3,3,"773,774,775"
tls_pstm_mul_comba.txt,!(__GNUC__)&&(PSTM_X86)||(__GNUC__)&&!(__i386__)&&(PSTM_X86)||(__GNUC__)&&(__i386__),3,1,280
tls_pstm_mul_comba.txt,!(DISABLE_PSTM)&&(USE_2048_KEY_SPEED_OPTIMIZATIONS),2,287,"466,467,468,469,470,471,472,473,474,475,476,477,478,479,480,481,482,483,484,485,486,487,488,489,490,491,492,493,494,495,496,497,498,499,500,501,502,503,504,505,506,507,508,509,510,511,512,513,514,515,516,517,518,519,520,521,522,523,524,525,526,527,528,529,530,531,532,533,534,535,536,537,538,539,540,541,542,543,544,545,546,547,548,549,550,551,552,553,554,555,556,557,558,559,560,561,562,563,564,565,566,567,568,569,570,571,572,573,574,575,576,577,578,579,580,581,582,583,584,585,586,587,588,589,590,591,592,593,594,595,596,597,598,599,600,601,602,603,604,605,606,607,608,609,610,611,612,613,614,615,616,617,618,619,620,621,622,623,624,625,626,627,628,629,630,631,632,633,634,635,636,637,638,639,640,641,642,643,644,645,646,647,648,649,650,651,652,653,654,655,656,657,658,659,660,661,662,663,664,665,666,667,668,669,670,671,672,673,674,675,676,677,678,679,680,681,682,683,684,685,686,687,688,689,690,691,692,693,694,695,696,697,698,699,700,701,702,703,704,705,706,707,708,709,710,711,712,713,714,715,716,717,718,719,720,721,722,723,724,725,726,727,728,729,730,731,732,733,734,735,736,737,738,739,740,741,742,743,744,745,746,747,748,749,750,751,752"
tls_pstm_mul_comba.txt,!(DISABLE_PSTM)&&(USE_1024_KEY_SPEED_OPTIMIZATIONS),2,152,"317,318,319,320,321,322,323,324,325,326,327,328,329,330,331,332,333,334,335,336,337,338,339,340,341,342,343,344,345,346,347,348,349,350,351,352,353,354,355,356,357,358,359,360,361,362,363,364,365,366,367,368,369,370,371,372,373,374,375,376,377,378,379,380,381,382,383,384,385,386,387,388,389,390,391,392,393,394,395,396,397,398,399,400,401,402,403,404,405,406,407,408,409,410,411,412,413,414,415,416,417,418,419,420,421,422,423,424,425,426,427,428,429,430,431,432,433,434,435,436,437,438,439,440,441,442,443,444,445,446,447,448,449,450,451,452,453,454,455,456,457,458,459,460,461,761,762,763,764,768,769,770"
tls_pstm_mul_comba.txt,!(DISABLE_PSTM)&&(PSTM_X86),2,39,"52,53,55,56,57,58,59,60,61,62,63,64,65,66,67,68,69,70,71,72,73,74,75,76,77,78,79,80,81,82,83,84,85,86,87,88,89,90,91"
tls_pstm_mul_comba.txt,!(DISABLE_PSTM)&&(PSTM_X86_64),2,38,"93,94,96,97,98,99,100,101,102,103,104,105,106,107,108,109,110,111,112,113,114,115,116,117,118,119,120,121,122,123,124,125,126,127,128,129,130,131"
tls_pstm_mul_comba.txt,!(DISABLE_PSTM)&&(PSTM_MIPS),2,35,"162,163,164,165,166,167,168,169,170,171,172,173,174,175,176,177,178,179,180,181,182,183,184,185,186,187,188,189,190,191,192,193,194,195,196"
tls_pstm_mul_comba.txt,!(DISABLE_PSTM)&&(PSTM_ARM),2,28,"133,134,135,136,137,138,139,140,141,142,143,144,145,146,147,148,149,150,151,152,153,154,155,156,157,158,159,160"
tls_pstm_sqr_comba.txt,!(__GNUC__)&&!(PSTM_X86)&&!(PSTM_X86_64)&&!(PSTM_ARM)&&!(PSTM_MIPS)||!(__GNUC__)&&!(PSTM_X86)&&!(PSTM_X86_64)&&!(PSTM_ARM)&&(PSTM_MIPS)&&(PSTM_ISO)||!(__GNUC__)&&!(PSTM_X86)&&!(PSTM_X86_64)&&(PSTM_ARM)&&(PSTM_ISO)||!(__GNUC__)&&!(PSTM_X86)&&(PSTM_X86_64)&&(PSTM_ISO)||!(__GNUC__)&&(PSTM_X86)&&(PSTM_ISO)||(__GNUC__)&&!(__i386__)&&!(PSTM_X86)&&!(PSTM_X86_64)&&!(PSTM_ARM)&&!(PSTM_MIPS)||(__GNUC__)&&!(__i386__)&&!(PSTM_X86)&&!(PSTM_X86_64)&&!(PSTM_ARM)&&(PSTM_MIPS)&&(PSTM_ISO)||(__GNUC__)&&!(__i386__)&&!(PSTM_X86)&&!(PSTM_X86_64)&&(PSTM_ARM)&&(PSTM_ISO)||(__GNUC__)&&!(__i386__)&&!(PSTM_X86)&&(PSTM_X86_64)&&(PSTM_ISO)||(__GNUC__)&&!(__i386__)&&(PSTM_X86)&&(PSTM_ISO)||(__GNUC__)&&(__i386__)&&(PSTM_ISO),7,1,454
tls_pstm_sqr_comba.txt,!(DISABLE_PSTM)&&!((PSTM_X86)||(PSTM_X86_64)||(PSTM_ARM)||(PSTM_MIPS)),5,64,"374,375,376,377,378,379,380,381,382,383,384,385,386,387,388,389,390,391,392,393,394,395,396,397,398,399,400,401,402,403,404,405,406,407,408,409,410,411,412,413,414,415,416,417,418,419,420,421,422,423,424,425,426,427,428,429,430,431,432,433,434,435,436,437"
tls_pstm_sqr_comba.txt,!(DISABLE_PSTM)&&(PSTM_X86_64)&&!(__GNUC__)||!(__x86_64__)||!(PSTM_64BIT),5,1,129
tls_pstm_sqr_comba.txt,!(DISABLE_PSTM)&&(PSTM_X86)&&!(__GNUC__)||!(__i386__),4,1,54
tls_pstm_sqr_comba.txt,!(DISABLE_PSTM)&&(USE_1024_KEY_SPEED_OPTIMIZATIONS)&&(USE_2048_KEY_SPEED_OPTIMIZATIONS),3,3,"1096,1097,1098"
tls_pstm_sqr_comba.txt,!(DISABLE_PSTM)&&!(USE_1024_KEY_SPEED_OPTIMIZATIONS)&&(USE_2048_KEY_SPEED_OPTIMIZATIONS),3,3,"1104,1105,1106"
tls_pstm_sqr_comba.txt,!(__GNUC__)&&(PSTM_X86)||(__GNUC__)&&!(__i386__)&&(PSTM_X86)||(__GNUC__)&&(__i386__),3,2,"514,519"
tls_pstm_sqr_comba.txt,!(DISABLE_PSTM)&&(USE_1024_KEY_SPEED_OPTIMIZATIONS)&&(PSTM_ISO),3,1,560
tls_pstm_sqr_comba.txt,!(DISABLE_PSTM)&&(USE_2048_KEY_SPEED_OPTIMIZATIONS)&&(PSTM_ISO),3,1,746
tls_pstm_sqr_comba.txt,!(DISABLE_PSTM)&&(USE_2048_KEY_SPEED_OPTIMIZATIONS),2,340,"742,743,744,745,747,748,749,750,751,752,753,754,755,756,757,758,759,760,761,762,763,764,765,766,767,768,769,770,771,772,773,774,775,776,777,778,779,780,781,782,783,784,785,786,787,788,789,790,791,792,793,794,795,796,797,798,799,800,801,802,803,804,805,806,807,808,809,810,811,812,813,814,815,816,817,818,819,820,821,822,823,824,825,826,827,828,829,830,831,832,833,834,835,836,837,838,839,840,841,842,843,844,845,846,847,848,849,850,851,852,853,854,855,856,857,858,859,860,861,862,863,864,865,866,867,868,869,870,871,872,873,874,875,876,877,878,879,880,881,882,883,884,885,886,887,888,889,890,891,892,893,894,895,896,897,898,899,900,901,902,903,904,905,906,907,908,909,910,911,912,913,914,915,916,917,918,919,920,921,922,923,924,925,926,927,928,929,930,931,932,933,934,935,936,937,938,939,940,941,942,943,944,945,946,947,948,949,950,951,952,953,954,955,956,957,958,959,960,961,962,963,964,965,966,967,968,969,970,971,972,973,974,975,976,977,978,979,980,981,982,983,984,985,986,987,988,989,990,991,992,993,994,995,996,997,998,999,1000,1001,1002,1003,1004,1005,1006,1007,1008,1009,1010,1011,1012,1013,1014,1015,1016,1017,1018,1019,1020,1021,1022,1023,1024,1025,1026,1027,1028,1029,1030,1031,1032,1033,1034,1035,1036,1037,1038,1039,1040,1041,1042,1043,1044,1045,1046,1047,1048,1049,1050,1051,1052,1053,1054,1055,1056,1057,1058,1059,1060,1061,1062,1063,1064,1065,1066,1067,1068,1069,1070,1071,1072,1073,1074,1075,1076,1077,1078,1079,1080,1081,1082"
tls_pstm_sqr_comba.txt,!(DISABLE_PSTM)&&(USE_1024_KEY_SPEED_OPTIMIZATIONS),2,188,"556,557,558,559,561,562,563,564,565,566,567,568,569,570,571,572,573,574,575,576,577,578,579,580,581,582,583,584,585,586,587,588,589,590,591,592,593,594,595,596,597,598,599,600,601,602,603,604,605,606,607,608,609,610,611,612,613,614,615,616,617,618,619,620,621,622,623,624,625,626,627,628,629,630,631,632,633,634,635,636,637,638,639,640,641,642,643,644,645,646,647,648,649,650,651,652,653,654,655,656,657,658,659,660,661,662,663,664,665,666,667,668,669,670,671,672,673,674,675,676,677,678,679,680,681,682,683,684,685,686,687,688,689,690,691,692,693,694,695,696,697,698,699,700,701,702,703,704,705,706,707,708,709,710,711,712,713,714,715,716,717,718,719,720,721,722,723,724,725,726,727,728,729,730,731,732,733,734,735,736,737,1092,1093,1094,1095,1099,1100,1101"
tls_pstm_sqr_comba.txt,!(DISABLE_PSTM)&&(PSTM_MIPS),2,107,"266,267,268,269,270,271,272,273,274,275,276,277,278,279,280,281,282,283,284,285,286,287,288,289,290,291,292,293,294,295,296,297,298,299,300,301,302,303,304,305,306,307,308,309,310,311,312,313,314,315,316,317,318,319,320,321,322,323,324,325,326,327,328,329,330,331,332,333,334,335,336,337,338,339,340,341,342,343,344,345,346,347,348,349,350,351,352,353,354,355,356,357,358,359,360,361,362,363,364,365,366,367,368,369,370,371,372"
tls_pstm_sqr_comba.txt,!(DISABLE_PSTM)&&(PSTM_X86),2,73,"52,53,55,56,57,58,59,60,61,62,63,64,65,66,67,68,69,70,71,72,73,74,75,76,77,78,79,80,81,82,83,84,85,86,87,88,89,90,91,92,93,94,95,96,97,98,99,100,101,102,103,104,105,106,107,108,109,110,111,112,113,114,115,116,117,118,119,120,121,122,123,124,125"
tls_pstm_sqr_comba.txt,!(DISABLE_PSTM)&&(PSTM_X86_64),2,71,"127,128,130,131,132,133,134,135,136,137,138,139,140,141,142,143,144,145,146,147,148,149,150,151,152,153,154,155,156,157,158,159,160,161,162,163,164,165,166,167,168,169,170,171,172,173,174,175,176,177,178,179,180,181,182,183,184,185,186,187,188,189,190,191,192,193,194,195,196,197,198"
tls_pstm_sqr_comba.txt,!(DISABLE_PSTM)&&(PSTM_ARM),2,65,"200,201,202,203,204,205,206,207,208,209,210,211,212,213,214,215,216,217,218,219,220,221,222,223,224,225,226,227,228,229,230,231,232,233,234,235,236,237,238,239,240,241,242,243,244,245,246,247,248,249,250,251,252,253,254,255,256,257,258,259,260,261,262,263,264"
tls_sp_c32.txt,(__GNUC__)&&!(__i386__)&&(__x86_64__),3,119,"259,260,261,262,263,264,265,266,267,268,269,270,271,272,273,274,275,276,277,278,279,280,281,282,283,355,356,357,358,359,360,361,362,363,364,365,366,367,368,369,370,371,372,373,374,375,376,377,378,379,426,427,428,429,448,449,450,451,452,453,454,455,456,457,458,459,460,461,462,463,464,465,466,467,526,527,528,529,530,531,532,533,534,535,536,537,538,539,540,541,542,543,544,545,546,547,548,549,550,551,552,553,554,555,556,557,558,559,560,561,562,563,564,565,566,567,568,569,570"
tls_sp_c32.txt,!(__GNUC__)||(__GNUC__)&&!(__i386__)&&!(__x86_64__),3,69,"285,286,287,288,289,290,291,292,293,294,295,296,297,298,299,300,301,302,303,304,305,381,382,383,384,385,386,387,388,389,390,391,392,393,394,395,396,397,398,399,400,401,469,470,471,472,608,609,610,611,612,613,614,615,616,617,618,619,620,621,622,623,624,625,626,627,628,629,630"
tls_sp_c32.txt,ALLOW_ASM&&(__GNUC__)&&(__x86_64__)&&0,3,18,"430,431,432,433,434,435,436,437,438,439,440,441,442,443,444,445,446,447"
tls_sp_c32.txt,!(__GNUC__)||(__GNUC__)&&!(__x86_64__),2,215,"187,188,189,190,191,192,193,194,195,196,197,198,199,200,201,649,650,651,652,653,654,655,656,657,658,659,865,866,867,868,869,870,871,872,873,874,875,890,891,892,893,894,895,896,897,898,899,900,901,902,903,904,905,906,907,908,909,910,911,912,913,914,915,916,917,918,919,920,921,922,923,924,925,926,927,928,929,930,931,932,933,934,935,936,937,938,939,940,941,942,943,944,945,946,947,948,949,950,951,952,953,954,955,956,957,958,959,960,961,962,963,964,965,966,967,968,969,970,971,972,973,974,975,976,977,978,979,980,981,982,983,984,985,986,987,988,989,990,991,992,993,994,995,996,997,998,999,1000,1001,1002,1003,1004,1005,1006,1007,1008,1009,1010,1011,1012,1013,1014,1015,1016,1017,1018,1019,1020,1021,1022,1023,1024,1025,1026,1027,1028,1029,1030,1031,1032,1033,1034,1035,1036,1037,1038,1039,1040,1041,1042,1043,1044,1045,1046,1047,1048,1049,1050,1051,1052,1053,1054,1055,1056,1057,1058,1059,1060,1061,1062,1063,1064,1065,1066,1067"
tls_sp_c32.txt,(__GNUC__)&&(__x86_64__),2,144,"41,174,175,176,177,178,179,180,181,182,183,184,185,636,637,638,639,640,641,642,643,644,645,646,647,730,731,732,733,734,735,736,737,738,739,740,741,757,758,759,760,761,762,763,764,765,766,767,768,769,770,771,772,773,774,775,776,777,778,779,780,781,782,783,784,785,786,787,788,789,790,791,792,793,794,795,796,797,798,799,800,801,802,803,804,805,806,807,808,809,810,811,812,813,814,815,816,817,818,819,820,821,822,823,824,825,826,827,828,829,830,831,832,833,834,835,836,837,838,839,840,841,842,843,844,845,846,847,848,849,850,851,852,853,854,855,856,857,858,859,860,861,862,863"
tls_sp_c32.txt,(__GNUC__)&&(__i386__),2,144,"217,218,219,220,221,222,223,224,225,226,227,228,229,230,231,232,233,234,235,236,237,238,239,240,241,242,243,244,245,246,247,248,249,250,251,252,253,254,255,256,257,313,314,315,316,317,318,319,320,321,322,323,324,325,326,327,328,329,330,331,332,333,334,335,336,337,338,339,340,341,342,343,344,345,346,347,348,349,350,351,352,353,407,408,409,410,411,412,413,414,415,416,417,418,419,420,421,422,423,424,481,482,483,484,485,486,487,488,489,490,491,492,493,494,495,496,497,498,499,500,501,502,503,504,505,506,507,508,509,510,511,512,513,514,515,516,517,518,519,520,521,522,523,524"
tls_sp_c32.txt,(ULONG_MAX>4294967295)&&BB_UNALIGNED_MEMACCESS_OK,2,25,"78,79,80,81,82,83,84,85,86,87,88,89,111,112,113,114,115,116,117,118,119,120,121,122,123"
tls_sp_c32.txt,!(ULONG_MAX>4294967295)||(ULONG_MAX>4294967295)&&!BB_UNALIGNED_MEMACCESS_OK,2,23,"91,92,93,94,95,96,97,98,99,100,101,125,126,127,128,129,130,131,132,133,134,135,136"
tls_sp_c32.txt,!((__GNUC__)&&(__x86_64__)),2,1,43
top.txt,ENABLE_FEATURE_TOP_CPU_USAGE_PERCENTAGE&&ENABLE_FEATURE_TOP_SMP_CPU&&ENABLE_FEATURE_TOP_INTERACTIVE,3,17,"1116,1117,1118,1119,1120,1121,1122,1123,1124,1125,1126,1127,1128,1129,1130,1131,1132"
top.txt,ENABLE_FEATURE_TOP_CPU_USAGE_PERCENTAGE&&ENABLE_FEATURE_TOPMEM&&ENABLE_FEATURE_TOP_INTERACTIVE,3,16,"1094,1095,1096,1097,1098,1099,1100,1101,1102,1103,1104,1105,1106,1107,1108,1109"
top.txt,ENABLE_FEATURE_TOP_CPU_USAGE_PERCENTAGE&&ENABLE_FEATURE_TOP_INTERACTIVE&&ENABLE_FEATURE_SHOW_THREADS,3,3,"1071,1072,1073"
top.txt,ENABLE_FEATURE_TOP_CPU_USAGE_PERCENTAGE&&ENABLE_FEATURE_TOP_SMP_CPU,2,36,"289,323,324,325,326,327,328,329,330,331,332,333,334,335,336,337,338,339,340,341,342,343,344,345,346,347,348,349,350,351,352,353,354,355,356,357"
top.txt,ENABLE_FEATURE_TOP_CPU_GLOBAL_PERCENTS&&ENABLE_FEATURE_TOP_DECIMALS,2,34,"451,452,453,454,455,456,457,458,459,460,461,462,463,464,465,466,467,468,469,470,471,472,495,496,497,522,523,524,525,526,527,528,539,540"
top.txt,ENABLE_FEATURE_TOP_CPU_USAGE_PERCENTAGE&&ENABLE_FEATURE_TOP_INTERACTIVE,2,24,"1060,1061,1079,1080,1081,1082,1083,1084,1085,1086,1087,1088,1089,1090,1091,1092,1093,1110,1111,1112,1113,1114,1115,1133"
top.txt,ENABLE_FEATURE_TOP_SMP_CPU&&ENABLE_FEATURE_TOP_CPU_GLOBAL_PERCENTS,2,11,"485,510,511,512,513,514,515,516,517,534,535"
top.txt,ENABLE_FEATURE_TOP_INTERACTIVE&&ENABLE_FEATURE_SHOW_THREADS,2,8,"1066,1067,1068,1069,1070,1074,1075,1076"
top.txt,!ENABLE_FEATURE_TOP_SMP_CPU&&ENABLE_FEATURE_TOP_CPU_GLOBAL_PERCENTS,2,5,"505,506,507,508,537"
top.txt,ENABLE_FEATURE_TOP_CPU_USAGE_PERCENTAGE&&!ENABLE_FEATURE_TOP_SMP_CPU,2,3,"287,320,321"
top.txt,ENABLE_FEATURE_TOP_CPU_GLOBAL_PERCENTS&&!ENABLE_FEATURE_TOP_DECIMALS,2,3,"499,500,501"
top.txt,ENABLE_FEATURE_TOP_CPU_USAGE_PERCENTAGE&&ENABLE_FEATURE_TOP_DECIMALS,2,1,754
traceroute.txt,ENABLE_FEATURE_IPV6&&(IPV6_PKTINFO)&&!(IPV6_RECVPKTINFO),3,1,321
traceroute.txt,ENABLE_TRACEROUTE6&&(ICMP6_DST_UNREACH_NOROUTE!=ICMP_UNREACH_NET),3,1,1199
traceroute.txt,ENABLE_FEATURE_TRACEROUTE_VERBOSE&&ENABLE_TRACEROUTE6,2,25,"599,600,601,602,603,604,605,606,607,608,609,610,611,612,613,843,844,845,846,847,848,849,850,974,975"
traceroute.txt,ENABLE_FEATURE_IPV6&&!(SOL_IPV6),2,1,318
traceroute.txt,ENABLE_TRACEROUTE6&&(__FreeBSD__),2,1,994
traceroute.txt,ENABLE_TRACEROUTE6&&!(__FreeBSD__),2,1,996
u_signal_names.txt,ENABLE_FEATURE_RTMINMAX&&(SIGRTMIN)&&(SIGRTMAX)&&!ENABLE_FEATURE_RTMINMAX_USE_LIBC_DEFINITIONS&&!(__SIGRTMIN),5,1,197
u_signal_names.txt,ENABLE_FEATURE_RTMINMAX&&(SIGRTMIN)&&(SIGRTMAX)&&!ENABLE_FEATURE_RTMINMAX_USE_LIBC_DEFINITIONS&&!(__SIGRTMAX),5,1,200
u_signal_names.txt,ENABLE_FEATURE_RTMINMAX&&!ENABLE_FEATURE_RTMINMAX_USE_LIBC_DEFINITIONS&&!(SIGRTMIN)&&(__SIGRTMAX)||ENABLE_FEATURE_RTMINMAX&&!ENABLE_FEATURE_RTMINMAX_USE_LIBC_DEFINITIONS&&(SIGRTMIN)&&!(SIGRTMAX)&&(__SIGRTMAX)||ENABLE_FEATURE_RTMINMAX&&!ENABLE_FEATURE_RTMINMAX_USE_LIBC_DEFINITIONS&&(SIGRTMIN)&&(SIGRTMAX),5,1,265
u_signal_names.txt,ENABLE_FEATURE_RTMINMAX&&(SIGRTMIN)&&(SIGRTMAX)&&!ENABLE_FEATURE_RTMINMAX_USE_LIBC_DEFINITIONS,4,9,"194,195,196,198,199,201,202,203,204"
u_signal_names.txt,ENABLE_FEATURE_RTMINMAX&&ENABLE_FEATURE_RTMINMAX_USE_LIBC_DEFINITIONS&&(SIGRTMIN)&&(SIGRTMAX),4,5,"190,191,192,259,260"
u_signal_names.txt,ENABLE_FEATURE_RTMINMAX&&(SIGRTMIN)&&(SIGRTMAX),3,25,"188,189,193,205,206,207,208,209,210,211,212,213,214,215,216,217,218,219,220,221,222,223,224,225,226"
u_signal_names.txt,ENABLE_DESKTOP&&!(SIGIOT)&&(SIGIO)||ENABLE_DESKTOP&&(SIGIOT),3,9,"171,172,173,174,175,178,179,182,183"
u_signal_names.txt,ENABLE_FEATURE_RTMINMAX&&!ENABLE_FEATURE_RTMINMAX_USE_LIBC_DEFINITIONS&&(__SIGRTMIN),3,1,140
u_signal_names.txt,ENABLE_FEATURE_RTMINMAX&&!ENABLE_FEATURE_RTMINMAX_USE_LIBC_DEFINITIONS,2,10,"139,141,142,143,144,145,146,263,264,266"
u_signal_names.txt,ENABLE_DESKTOP&&(SIGIO),2,2,"176,177"
u_signal_names.txt,ENABLE_DESKTOP&&(SIGIOT),2,2,"180,181"
udp_io.txt,(IP_PKTINFO)&&ENABLE_FEATURE_IPV6&&(IPV6_PKTINFO),3,22,"46,99,100,101,102,103,104,105,106,107,133,174,175,176,177,178,179,180,181,182,183,184"
udp_io.txt,(IPV6_PKTINFO)&&!(IPV6_RECVPKTINFO),2,1,12
udp_io.txt,ENABLE_FEATURE_IPV6&&(IPV6_RECVPKTINFO),2,1,26
udp_io.txt,(IP_PKTINFO)&&ENABLE_FEATURE_IPV6,2,1,53
uname.txt,ENABLE_UNAME&&ENABLE_LONG_OPTS,2,13,"135,136,137,138,139,140,141,142,143,144,145,146,147"
uname.txt,ENABLE_UNAME&&ENABLE_FEDORA_COMPAT,2,10,"185,186,187,188,189,190,191,192,193,194"
uname.txt,(__sparc__)&&(__linux__),2,6,"166,167,168,169,170,171"
unicode.txt,!ENABLE_UNICODE_USING_LOCALE&&ENABLE_UNICODE_BIDI_SUPPORT&&ENABLE_UNICODE_NEUTRAL_TABLE,3,202,"785,786,787,788,789,790,791,792,793,794,795,796,797,798,799,800,801,802,803,804,805,806,807,808,809,810,811,812,813,814,815,816,817,818,819,820,821,822,823,824,825,826,827,828,829,830,831,832,833,834,835,836,837,838,839,840,841,842,843,844,845,846,847,848,849,850,851,852,853,854,855,856,857,858,859,860,861,862,863,864,865,866,867,868,869,870,871,872,873,874,875,876,877,878,879,880,881,882,883,884,885,886,887,888,889,890,891,892,893,894,895,896,897,898,899,900,901,902,903,904,905,906,907,908,909,910,911,912,913,914,915,916,917,918,919,920,921,922,923,924,925,926,927,928,929,930,931,932,933,934,935,936,937,938,939,940,941,942,943,944,945,946,947,948,949,950,951,952,953,954,955,956,957,958,959,960,961,962,963,964,965,966,967,968,969,970,971,972,973,974,975,976,977,978,979,980,981,982,983,984,985,986"
unicode.txt,!ENABLE_UNICODE_USING_LOCALE&&(CONFIG_LAST_SUPPORTED_WCHAR>=768),2,215,"275,276,277,278,279,280,281,282,283,284,285,286,287,288,289,290,291,292,293,294,295,296,297,298,299,300,301,302,303,304,305,306,307,308,309,310,311,312,313,314,315,316,317,318,319,320,321,322,323,324,325,326,327,328,457,458,459,460,461,462,463,464,465,466,467,468,469,470,471,472,473,474,475,476,477,478,479,480,481,482,483,484,485,486,487,488,489,490,491,492,493,494,495,496,497,498,499,500,501,502,503,504,505,506,507,508,509,510,511,512,513,514,515,516,517,518,519,520,521,522,523,524,525,526,527,528,529,530,531,532,533,534,535,536,537,538,539,540,541,542,543,544,545,546,547,548,549,550,551,552,553,554,555,556,557,558,559,560,561,562,563,564,565,566,567,568,569,570,571,572,573,574,575,576,577,578,579,580,581,582,583,584,585,586,587,588,589,590,591,592,593,594,595,596,597,598,599,600,601,602,603,604,605,623,624,625,626,627,628,629,630,631,632,633,696"
unicode.txt,!ENABLE_UNICODE_USING_LOCALE&&ENABLE_UNICODE_BIDI_SUPPORT,2,85,"702,703,704,705,706,707,708,709,710,711,712,713,714,715,716,717,718,719,720,721,722,723,724,725,726,727,728,729,730,731,732,733,734,735,736,737,738,739,740,741,742,743,744,745,746,747,748,749,750,751,752,753,754,755,756,757,758,759,760,761,762,763,764,765,766,767,768,769,770,771,772,773,774,775,776,777,778,779,780,781,782,783,784,987,988"
unicode.txt,!ENABLE_UNICODE_USING_LOCALE&&(CONFIG_LAST_SUPPORTED_WCHAR>=768)&&(CONFIG_LAST_SUPPORTED_WCHAR>=4352),2,33,"634,635,636,637,638,639,640,641,642,643,644,645,646,647,648,670,671,672,673,674,675,676,677,678,679,681,682,684,685,691,692,694,695"
unicode.txt,!ENABLE_UNICODE_USING_LOCALE&&(CONFIG_LAST_SUPPORTED_WCHAR>=768)&&(CONFIG_LAST_SUPPORTED_WCHAR>=4352)&&(CONFIG_LAST_SUPPORTED_WCHAR>=65536),2,21,"649,650,651,652,653,654,655,656,657,658,659,660,661,662,663,664,665,666,667,668,669"
unicode.txt,!ENABLE_UNICODE_USING_LOCALE&&ENABLE_FEATURE_CHECK_UNICODE_IN_ENV,2,17,"69,70,71,72,73,74,75,76,77,78,79,80,81,82,83,84,85"
unicode.txt,ENABLE_UNICODE_USING_LOCALE&&(UNUSED),2,6,"1169,1170,1171,1172,1173,1174"
unicode.txt,!ENABLE_UNICODE_USING_LOCALE&&(CONFIG_LAST_SUPPORTED_WCHAR>=768)&&(CONFIG_LAST_SUPPORTED_WCHAR>=4352)&&(CONFIG_LAST_SUPPORTED_WCHAR>=63744),2,5,"686,687,688,689,690"
unicode.txt,!ENABLE_UNICODE_USING_LOCALE&&(UNUSED),2,3,"1176,1177,1178"
unicode.txt,!ENABLE_UNICODE_USING_LOCALE&&(CONFIG_LAST_SUPPORTED_WCHAR>=768)&&(CONFIG_LAST_SUPPORTED_WCHAR>=4352)&&(CONFIG_LAST_SUPPORTED_WCHAR>=11904),2,1,680
unicode.txt,!ENABLE_UNICODE_USING_LOCALE&&(CONFIG_LAST_SUPPORTED_WCHAR>=768)&&(CONFIG_LAST_SUPPORTED_WCHAR>=4352)&&(CONFIG_LAST_SUPPORTED_WCHAR>=44032),2,1,683
unicode.txt,!ENABLE_UNICODE_USING_LOCALE&&(CONFIG_LAST_SUPPORTED_WCHAR>=768)&&(CONFIG_LAST_SUPPORTED_WCHAR>=4352)&&(CONFIG_LAST_SUPPORTED_WCHAR>=131072),2,1,693
update_passwd.txt,!ENABLE_FEATURE_ADDUSER_TO_GROUP&&ENABLE_FEATURE_DEL_USER_FROM_GROUP||ENABLE_FEATURE_ADDUSER_TO_GROUP,2,73,"187,188,189,190,191,192,193,194,195,196,197,198,199,200,201,202,203,204,205,206,207,208,209,210,211,212,213,214,215,228,229,230,231,232,233,234,235,236,237,238,239,240,241,242,243,244,245,246,247,248,249,250,251,252,253,254,255,256,257,258,259,260,261,262,263,264,265,298,299,300,301,302,303"
update_passwd.txt,!(ENABLE_FEATURE_ADDUSER_TO_GROUP||ENABLE_FEATURE_DEL_USER_FROM_GROUP),2,1,92
uudecode.txt,!ENABLE_BASE32&&ENABLE_BASE64||ENABLE_BASE32,2,83,"218,219,275,277,278,279,280,281,282,283,284,285,286,287,288,289,290,291,292,293,294,295,296,297,298,299,300,301,302,303,304,305,306,307,308,309,310,311,312,313,314,315,316,317,318,319,320,321,322,323,324,325,326,327,328,329,330,331,332,333,334,335,336,337,338,339,340,341,342,343,344,345,346,347,348,349,350,351,352,353,354,355,356"
uudecode.txt,!ENABLE_BASE32&&ENABLE_BASE64,2,1,276
verror_msg.txt,ENABLE_FEATURE_SYSLOG&&(VERSION_WITH_WRITEV),2,3,"150,151,152"
vfork_daemon_rexec.txt,(__linux__)&&(NUM_APPLETS>1)&&!ENABLE_FEATURE_SH_STANDALONE&&!ENABLE_FEATURE_PREFER_APPLETS&&!BB_MMU||(__linux__)&&(NUM_APPLETS>1)&&!ENABLE_FEATURE_SH_STANDALONE&&ENABLE_FEATURE_PREFER_APPLETS||(__linux__)&&(NUM_APPLETS>1)&&ENABLE_FEATURE_SH_STANDALONE,5,14,"32,33,34,35,36,37,38,39,40,41,42,43,44,45"
vfork_daemon_rexec.txt,(NUM_APPLETS>1)&&!ENABLE_FEATURE_PREFER_APPLETS&&ENABLE_FEATURE_SH_NOFORK||(NUM_APPLETS>1)&&ENABLE_FEATURE_PREFER_APPLETS,3,90,"58,59,60,61,62,63,64,65,66,67,68,69,70,71,72,73,74,75,76,77,78,79,80,81,82,83,84,85,86,87,88,89,90,91,92,93,94,95,96,97,98,99,100,101,102,103,104,105,106,107,108,109,110,111,112,113,114,115,116,117,118,119,120,121,122,123,124,125,126,127,128,129,130,131,132,133,134,135,136,137,138,139,140,141,142,143,144,145,146,147"
vfork_daemon_rexec.txt,(NUM_APPLETS>1)&&!ENABLE_FEATURE_SH_STANDALONE&&ENABLE_FEATURE_PREFER_APPLETS||(NUM_APPLETS>1)&&ENABLE_FEATURE_SH_STANDALONE,3,17,"151,152,153,154,155,156,157,158,159,160,161,162,163,164,165,166,167"
vfork_daemon_rexec.txt,(NUM_APPLETS>1)&&ENABLE_FEATURE_PREFER_APPLETS&&BB_MMU,3,9,"235,236,237,238,239,240,241,242,243"
vfork_daemon_rexec.txt,(__linux__)&&(NUM_APPLETS>1)&&!(PR_SET_NAME),3,1,26
vfork_daemon_rexec.txt,(__linux__)&&(NUM_APPLETS>1)&&!(PR_GET_NAME),3,1,29
vfork_daemon_rexec.txt,(__linux__)&&(NUM_APPLETS>1),2,12,"24,25,27,28,30,31,46,47,48,49,50,51"
vfork_daemon_rexec.txt,(NUM_APPLETS>1)&&ENABLE_FEATURE_PREFER_APPLETS,2,8,"229,230,231,232,233,234,244,245"
vi.txt,ENABLE_FEATURE_VI_YANKMARK||(ENABLE_FEATURE_VI_COLON&&ENABLE_FEATURE_VI_SEARCH)||ENABLE_FEATURE_VI_CRASHME&&!ENABLE_FEATURE_VI_UNDO,5,1,2342
vi.txt,!ENABLE_FEATURE_VI_SEARCH&&ENABLE_FEATURE_VI_YANKMARK&&ENABLE_FEATURE_VI_UNDO||ENABLE_FEATURE_VI_SEARCH&&!ENABLE_FEATURE_VI_YANKMARK&&ENABLE_FEATURE_VI_COLON&&ENABLE_FEATURE_VI_UNDO||ENABLE_FEATURE_VI_SEARCH&&ENABLE_FEATURE_VI_YANKMARK&&ENABLE_FEATURE_VI_UNDO,4,1,2351
vi.txt,ENABLE_FEATURE_VI_REGEX_SEARCH&&ENABLE_FEATURE_VI_SEARCH&&ENABLE_FEATURE_VI_COLON&&ENABLE_FEATURE_VI_UNDO,4,1,3217
vi.txt,ENABLE_FEATURE_VI_SETOPTS&&ENABLE_FEATURE_VI_COLON&&ENABLE_FEATURE_VI_SET,3,61,"2648,2649,2650,2651,2652,2653,2654,2655,2656,2657,2658,2659,2660,2661,2662,2663,2664,2665,2666,2667,2668,2669,2670,2671,2672,2673,2674,2675,2676,2677,2678,2679,2680,2681,3163,3168,3169,3170,3171,3172,3173,3174,3175,3176,3177,3178,3179,3180,3181,3186,3187,3188,3189,3190,3191,3192,3193,3194,3195,3196,3197"
vi.txt,!ENABLE_FEATURE_VI_SEARCH&&ENABLE_FEATURE_VI_YANKMARK||ENABLE_FEATURE_VI_SEARCH&&!ENABLE_FEATURE_VI_YANKMARK&&ENABLE_FEATURE_VI_COLON||ENABLE_FEATURE_VI_SEARCH&&ENABLE_FEATURE_VI_YANKMARK,3,19,"2337,2338,2339,2340,2341,2343,2344,2345,2346,2347,2348,2349,2350,2352,2353,2354,2355,2356,2357"
vi.txt,ENABLE_FEATURE_VI_REGEX_SEARCH&&ENABLE_FEATURE_VI_SEARCH&&ENABLE_FEATURE_VI_COLON,3,18,"3213,3214,3215,3216,3218,3258,3259,3260,3261,3262,3263,3264,3265,3266,3275,3305,3337,3338"
vi.txt,!ENABLE_FEATURE_VI_REGEX_SEARCH&&ENABLE_FEATURE_VI_SETOPTS&&ENABLE_FEATURE_VI_SEARCH,3,7,"2445,2446,2447,2448,2449,2450,2451"
vi.txt,ENABLE_FEATURE_VI_SEARCH&&ENABLE_FEATURE_VI_COLON&&ENABLE_FEATURE_VI_VERBOSE_STATUS,3,7,"3210,3311,3312,3313,3314,3332,3333"
vi.txt,ENABLE_FEATURE_VI_COLON&&ENABLE_FEATURE_VI_SEARCH&&ENABLE_FEATURE_VI_REGEX_SEARCH,3,3,"3286,3287,3288"
vi.txt,ENABLE_FEATURE_VI_COLON&&ENABLE_FEATURE_VI_SEARCH&&!ENABLE_FEATURE_VI_REGEX_SEARCH,3,3,"3290,3291,3292"
vi.txt,!ENABLE_FEATURE_VI_REGEX_SEARCH&&ENABLE_FEATURE_VI_SEARCH&&ENABLE_FEATURE_VI_COLON,3,2,"3268,3277"
vi.txt,ENABLE_FEATURE_VI_SEARCH&&ENABLE_FEATURE_VI_COLON&&ENABLE_FEATURE_VI_UNDO,3,2,"3296,3299"
vi.txt,ENABLE_FEATURE_VI_SEARCH&&!ENABLE_FEATURE_VI_REGEX_SEARCH&&!ENABLE_FEATURE_VI_SETOPTS,3,1,2453
vi.txt,!ENABLE_FEATURE_VI_SEARCH&&ENABLE_FEATURE_VI_YANKMARK&&ENABLE_FEATURE_VI_COLON||ENABLE_FEATURE_VI_SEARCH&&ENABLE_FEATURE_VI_COLON,3,1,2497
vi.txt,ENABLE_FEATURE_VI_SEARCH&&ENABLE_FEATURE_VI_COLON&&!ENABLE_FEATURE_VI_UNDO,3,1,3295
vi.txt,ENABLE_FEATURE_VI_SEARCH&&ENABLE_FEATURE_VI_COLON,2,134,"2540,2541,2542,2543,2544,2545,2546,2547,2548,2549,2550,2551,2552,2553,2554,2555,2556,2557,2558,2559,2560,2561,2562,2563,2564,2565,2566,2567,2568,2569,2570,3202,3203,3204,3205,3206,3207,3208,3209,3211,3212,3219,3220,3221,3222,3223,3224,3225,3226,3227,3228,3229,3230,3231,3232,3233,3234,3235,3236,3237,3238,3239,3240,3241,3242,3243,3244,3245,3246,3247,3248,3249,3250,3251,3252,3253,3254,3255,3256,3257,3267,3269,3270,3271,3272,3273,3274,3276,3278,3279,3280,3281,3282,3283,3284,3285,3289,3293,3294,3297,3298,3300,3301,3302,3303,3304,3306,3307,3308,3309,3310,3315,3316,3317,3318,3319,3320,3321,3322,3323,3324,3325,3326,3327,3328,3329,3330,3331,3334,3335,3336,3339,3442,3443"
vi.txt,ENABLE_FEATURE_VI_UNDO_QUEUE&&ENABLE_FEATURE_VI_UNDO,2,99,"459,460,461,462,463,1560,1561,1562,1588,1589,1590,1591,1592,1593,1594,1595,1596,1597,1598,1599,1600,1601,1623,1637,1638,1639,1640,1641,1642,1643,1644,1645,1646,1647,1648,1649,1650,1651,1652,1653,1654,1655,1656,1657,1658,1659,1660,1661,1662,1663,1664,1665,1666,1667,1668,1669,1670,1671,1672,1673,1674,1675,1676,1677,1678,1679,1680,1681,1682,1683,1684,1685,1686,1687,1704,1705,1706,1707,1708,1730,1731,1732,1745,1813,1820,1827,1833,1853,1859,1901,2141,2208,2209,3729,3858,4238,4299,4963,4964"
vi.txt,ENABLE_FEATURE_VI_REGEX_SEARCH&&ENABLE_FEATURE_VI_SEARCH,2,54,"2389,2390,2391,2392,2393,2394,2395,2396,2397,2398,2399,2400,2401,2402,2403,2404,2405,2406,2407,2408,2409,2410,2411,2412,2413,2414,2415,2416,2417,2418,2419,2420,2421,2422,2423,2424,2425,2426,2427,2428,2429,2430,2431,2432,2433,2434,2435,2436,2437,2438,2439,2440,2441,2442"
vi.txt,ENABLE_FEATURE_VI_COLON_EXPAND&&ENABLE_FEATURE_VI_COLON,2,37,"2685,2686,2687,2688,2689,2690,2691,2692,2693,2694,2695,2696,2697,2698,2699,2700,2701,2702,2703,2704,2705,2706,2707,2708,2709,2710,2711,2712,2713,2714,2715,2716,2717,2718,2719,3117,3367"
vi.txt,ENABLE_FEATURE_VI_YANKMARK&&ENABLE_FEATURE_VI_COLON,2,35,"2521,2522,2523,2524,2525,2526,2527,2528,2529,2530,2531,2532,2533,2534,2535,2536,2537,2993,2994,2995,2996,2997,2998,2999,3000,3422,3423,3424,3425,3426,3427,3428,3429,3430,3431"
vi.txt,!ENABLE_FEATURE_VI_REGEX_SEARCH&&ENABLE_FEATURE_VI_SEARCH,2,33,"2444,2452,2454,2455,2456,2457,2458,2459,2460,2461,2462,2463,2464,2465,2466,2467,2468,2469,2470,2471,2472,2473,2474,2475,2476,2477,2478,2479,2480,2481,2482,2483,2484"
vi.txt,ENABLE_FEATURE_VI_YANKMARK&&ENABLE_FEATURE_VI_VERBOSE_STATUS,2,19,"1475,1476,1477,1478,1479,1480,1481,1482,1483,1484,1485,1486,1487,3954,3967,4397,4439,4440,4441"
vi.txt,ENABLE_FEATURE_VI_COLON&&ENABLE_FEATURE_ALLOW_EXEC,2,17,"2939,2940,2941,2942,2943,2944,2945,2946,2947,2948,2949,2950,2951,2952,2953,2954,2955"
vi.txt,ENABLE_FEATURE_VI_COLON&&ENABLE_FEATURE_VI_SET,2,13,"3159,3160,3161,3162,3164,3165,3166,3167,3182,3183,3184,3185,3198"
vi.txt,ENABLE_FEATURE_VI_UNDO&&ENABLE_FEATURE_VI_VERBOSE_STATUS,2,8,"1762,1763,1764,1765,1775,1776,1777,1778"
vi.txt,ENABLE_FEATURE_VI_UNDO&&ENABLE_FEATURE_VI_UNDO_QUEUE,2,7,"436,437,445,537,538,539,540"
vi.txt,ENABLE_FEATURE_VI_READONLY&&ENABLE_FEATURE_VI_COLON,2,4,"3370,3371,3372,3373"
vi.txt,ENABLE_FEATURE_VI_UNDO&&!ENABLE_FEATURE_VI_UNDO_QUEUE,2,3,"447,448,1603"
vi.txt,ENABLE_LOCALE_SUPPORT&&ENABLE_FEATURE_VI_8BIT,2,2,"210,211"
vi.txt,ENABLE_FEATURE_VI_DOT_CMD&&ENABLE_FEATURE_VI_YANKMARK,2,2,"1947,3956"
vi.txt,ENABLE_FEATURE_VI_SETOPTS&&!ENABLE_FEATURE_VI_UNDO,2,2,"2154,2184"
vi.txt,ENABLE_FEATURE_VI_SETOPTS&&ENABLE_FEATURE_VI_UNDO,2,2,"2182,2255"
vi.txt,ENABLE_LOCALE_SUPPORT&&!ENABLE_FEATURE_VI_8BIT,2,1,213
vi.txt,!ENABLE_LOCALE_SUPPORT&&ENABLE_FEATURE_VI_8BIT,2,1,220
vi.txt,!ENABLE_LOCALE_SUPPORT&&!ENABLE_FEATURE_VI_8BIT,2,1,222
vi.txt,!ENABLE_FEATURE_VI_UNDO_QUEUE&&ENABLE_FEATURE_VI_UNDO,2,1,1710
vi.txt,ENABLE_FEATURE_VI_COLON&&!ENABLE_FEATURE_VI_COLON_EXPAND,2,1,2721
vi.txt,ENABLE_FEATURE_VI_YANKMARK&&!ENABLE_FEATURE_VI_UNDO,2,1,3946
vi.txt,ENABLE_FEATURE_VI_YANKMARK&&ENABLE_FEATURE_VI_UNDO,2,1,3948
wget.txt,ENABLE_FEATURE_WGET_STATUSBAR||ENABLE_FEATURE_WGET_TIMEOUT,2,36,"920,922,923,924,925,926,943,944,945,946,947,948,949,950,957,958,959,960,961,962,963,964,965,1009,1010,1011,1012,1013,1018,1019,1020,1021,1022,1023,1033,1034"
wget.txt,ENABLE_FEATURE_WGET_OPENSSL&&ENABLE_FEATURE_WGET_HTTPS,2,11,"746,747,759,760,761,762,1199,1200,1201,1202,1203"
wget.txt,ENABLE_FEATURE_WGET_FTP&&FTPS_SUPPORTED,2,9,"834,835,890,891,892,893,894,895,896"
wget.txt,ENABLE_FEATURE_WGET_STATUSBAR||ENABLE_FEATURE_WGET_TIMEOUT&&ENABLE_FEATURE_WGET_TIMEOUT,2,5,"921,1014,1015,1016,1017"
wget.txt,ENABLE_FEATURE_WGET_OPENSSL&&ENABLE_FEATURE_IPV6,2,4,"428,429,430,431"
wget.txt,ENABLE_FEATURE_WGET_LONG_OPTIONS&&ENABLE_FEATURE_WGET_AUTHENTICATION,2,2,"224,225"
wget.txt,ENABLE_FEATURE_WGET_OPENSSL&&!ENABLE_FEATURE_WGET_HTTPS,2,2,"749,1205"
wget.txt,!(ENABLE_FEATURE_WGET_OPENSSL||ENABLE_FEATURE_WGET_HTTPS),2,2,"1220,1221"
wget.txt,ENABLE_FEATURE_CLEAN_UP&&ENABLE_FEATURE_WGET_LONG_OPTIONS,2,1,1651
xargs.txt,!(TEST)&&!ENABLE_FEATURE_XARGS_SUPPORT_REPL_STR&&ENABLE_FEATURE_XARGS_SUPPORT_ZERO_TERM||!(TEST)&&ENABLE_FEATURE_XARGS_SUPPORT_REPL_STR||(TEST)&&!(ENABLE_FEATURE_XARGS_SUPPORT_ZERO_TERM)||(TEST)&&(ENABLE_FEATURE_XARGS_SUPPORT_ZERO_TERM)&&!ENABLE_FEATURE_XARGS_SUPPORT_REPL_STR&&ENABLE_FEATURE_XARGS_SUPPORT_ZERO_TERM||(TEST)&&(ENABLE_FEATURE_XARGS_SUPPORT_ZERO_TERM)&&ENABLE_FEATURE_XARGS_SUPPORT_REPL_STR,3,2,"622,623"
xargs.txt,!(TEST)&&ENABLE_FEATURE_XARGS_SUPPORT_QUOTES||(TEST)&&!(ENABLE_FEATURE_XARGS_SUPPORT_QUOTES)||(TEST)&&(ENABLE_FEATURE_XARGS_SUPPORT_QUOTES)&&ENABLE_FEATURE_XARGS_SUPPORT_QUOTES,2,89,"122,123,124,125,126,127,314,315,316,317,318,319,320,321,322,323,324,325,326,327,328,329,330,331,332,333,334,335,336,337,338,339,340,341,342,343,344,345,346,347,348,349,350,351,352,353,354,355,356,357,358,359,360,361,362,363,364,365,366,367,368,369,370,371,372,373,374,375,376,377,378,379,380,381,382,383,384,385,386,387,388,389,390,391,392,393,394,395,396"
xargs.txt,!(TEST)&&!ENABLE_FEATURE_XARGS_SUPPORT_QUOTES||(TEST)&&(ENABLE_FEATURE_XARGS_SUPPORT_QUOTES)&&!ENABLE_FEATURE_XARGS_SUPPORT_QUOTES,2,48,"398,399,400,401,402,403,404,405,406,407,408,409,410,411,412,413,414,415,416,417,418,419,420,421,422,423,424,425,426,427,428,429,430,431,432,433,434,435,436,437,438,439,440,441,442,443,444,445"
xargs.txt,!(TEST)&&ENABLE_FEATURE_XARGS_SUPPORT_ZERO_TERM||(TEST)&&!(ENABLE_FEATURE_XARGS_SUPPORT_ZERO_TERM)||(TEST)&&(ENABLE_FEATURE_XARGS_SUPPORT_ZERO_TERM)&&ENABLE_FEATURE_XARGS_SUPPORT_ZERO_TERM,2,35,"449,450,451,452,453,454,455,456,457,458,459,460,461,462,463,464,465,466,467,468,469,470,471,472,473,474,475,476,477,478,479,480,481,482,483"
xargs.txt,!(TEST)&&ENABLE_FEATURE_XARGS_SUPPORT_CONFIRMATION||(TEST)&&!(ENABLE_FEATURE_XARGS_SUPPORT_CONFIRMATION)||(TEST)&&(ENABLE_FEATURE_XARGS_SUPPORT_CONFIRMATION)&&ENABLE_FEATURE_XARGS_SUPPORT_CONFIRMATION,2,18,"556,557,558,559,560,561,562,563,564,565,566,567,568,569,570,571,572,573"
xargs.txt,(TEST)&&!(ENABLE_FEATURE_XARGS_SUPPORT_CONFIRMATION),2,1,91
xargs.txt,(TEST)&&!(ENABLE_FEATURE_XARGS_SUPPORT_QUOTES),2,1,94
xargs.txt,(TEST)&&!(ENABLE_FEATURE_XARGS_SUPPORT_TERMOPT),2,1,97
xargs.txt,(TEST)&&!(ENABLE_FEATURE_XARGS_SUPPORT_ZERO_TERM),2,1,100
xargs.txt,!(ENABLE_FEATURE_XARGS_SUPPORT_ZERO_TERM||ENABLE_FEATURE_XARGS_SUPPORT_REPL_STR),2,1,625
xatonum.txt,(UINT_MAX!=ULONG_MAX),2,21,"36,37,38,39,40,41,42,43,44,45,46,47,48,49,50,51,52,53,54,55,56"
xatonum.txt,ULONG_MAX!=ULLONG_MAX,2,10,"23,24,25,26,27,28,29,30,31,32"
xconnect.txt,!ENABLE_IFPLUGD&&!ENABLE_FEATURE_MDEV_DAEMON&&ENABLE_UEVENT||!ENABLE_IFPLUGD&&ENABLE_FEATURE_MDEV_DAEMON||ENABLE_IFPLUGD,3,27,"391,392,393,394,395,396,397,398,399,400,401,402,403,404,405,412,413,414,415,416,417,418,419,420,421,422,423"
xconnect.txt,ENABLE_IFPLUGD||ENABLE_FEATURE_MDEV_DAEMON||ENABLE_UEVENT&&0,3,6,"406,407,408,409,410,411"
xconnect.txt,ENABLE_IFPLUGD||ENABLE_FEATURE_MDEV_DAEMON||ENABLE_UEVENT,3,1,15
xfuncs_printf.txt,ENABLE_VERBOSE_RESOLUTION_ERRORS&&(AF_PACKET),2,1,493
xfuncs_printf.txt,ENABLE_VERBOSE_RESOLUTION_ERRORS&&(AF_NETLINK),2,1,496
xz_dec_bcj.txt,!(__KERNEL__)&&!(XZ_DEC_BCJ)&&!(XZ_DEC_X86)&&!(XZ_DEC_POWERPC)&&!(XZ_DEC_IA64)&&!(XZ_DEC_ARM)&&!(XZ_DEC_ARMTHUMB)&&(XZ_DEC_SPARC)||!(__KERNEL__)&&!(XZ_DEC_BCJ)&&!(XZ_DEC_X86)&&!(XZ_DEC_POWERPC)&&!(XZ_DEC_IA64)&&!(XZ_DEC_ARM)&&(XZ_DEC_ARMTHUMB)||!(__KERNEL__)&&!(XZ_DEC_BCJ)&&!(XZ_DEC_X86)&&!(XZ_DEC_POWERPC)&&!(XZ_DEC_IA64)&&(XZ_DEC_ARM)||!(__KERNEL__)&&!(XZ_DEC_BCJ)&&!(XZ_DEC_X86)&&!(XZ_DEC_POWERPC)&&(XZ_DEC_IA64)||!(__KERNEL__)&&!(XZ_DEC_BCJ)&&!(XZ_DEC_X86)&&(XZ_DEC_POWERPC)||!(__KERNEL__)&&!(XZ_DEC_BCJ)&&(XZ_DEC_X86)||!(__KERNEL__)&&(XZ_DEC_BCJ)||(__KERNEL__)&&!(XZ_IGNORE_KCONFIG)&&!(CONFIG_XZ_DEC_X86)&&!(CONFIG_XZ_DEC_POWERPC)&&!(CONFIG_XZ_DEC_IA64)&&!(CONFIG_XZ_DEC_ARM)&&!(CONFIG_XZ_DEC_ARMTHUMB)&&!(CONFIG_XZ_DEC_SPARC)&&!(XZ_DEC_BCJ)&&!(XZ_DEC_X86)&&!(XZ_DEC_POWERPC)&&!(XZ_DEC_IA64)&&!(XZ_DEC_ARM)&&!(XZ_DEC_ARMTHUMB)&&(XZ_DEC_SPARC)||(__KERNEL__)&&!(XZ_IGNORE_KCONFIG)&&!(CONFIG_XZ_DEC_X86)&&!(CONFIG_XZ_DEC_POWERPC)&&!(CONFIG_XZ_DEC_IA64)&&!(CONFIG_XZ_DEC_ARM)&&!(CONFIG_XZ_DEC_ARMTHUMB)&&!(CONFIG_XZ_DEC_SPARC)&&!(XZ_DEC_BCJ)&&!(XZ_DEC_X86)&&!(XZ_DEC_POWERPC)&&!(XZ_DEC_IA64)&&!(XZ_DEC_ARM)&&(XZ_DEC_ARMTHUMB)||(__KERNEL__)&&!(XZ_IGNORE_KCONFIG)&&!(CONFIG_XZ_DEC_X86)&&!(CONFIG_XZ_DEC_POWERPC)&&!(CONFIG_XZ_DEC_IA64)&&!(CONFIG_XZ_DEC_ARM)&&!(CONFIG_XZ_DEC_ARMTHUMB)&&!(CONFIG_XZ_DEC_SPARC)&&!(XZ_DEC_BCJ)&&!(XZ_DEC_X86)&&!(XZ_DEC_POWERPC)&&!(XZ_DEC_IA64)&&(XZ_DEC_ARM)||(__KERNEL__)&&!(XZ_IGNORE_KCONFIG)&&!(CONFIG_XZ_DEC_X86)&&!(CONFIG_XZ_DEC_POWERPC)&&!(CONFIG_XZ_DEC_IA64)&&!(CONFIG_XZ_DEC_ARM)&&!(CONFIG_XZ_DEC_ARMTHUMB)&&!(CONFIG_XZ_DEC_SPARC)&&!(XZ_DEC_BCJ)&&!(XZ_DEC_X86)&&!(XZ_DEC_POWERPC)&&(XZ_DEC_IA64)||(__KERNEL__)&&!(XZ_IGNORE_KCONFIG)&&!(CONFIG_XZ_DEC_X86)&&!(CONFIG_XZ_DEC_POWERPC)&&!(CONFIG_XZ_DEC_IA64)&&!(CONFIG_XZ_DEC_ARM)&&!(CONFIG_XZ_DEC_ARMTHUMB)&&!(CONFIG_XZ_DEC_SPARC)&&!(XZ_DEC_BCJ)&&!(XZ_DEC_X86)&&(XZ_DEC_POWERPC)||(__KERNEL__)&&!(XZ_IGNORE_KCONFIG)&&!(CONFIG_XZ_DEC_X86)&&!(CONFIG_XZ_DEC_POWERPC)&&!(CONFIG_XZ_DEC_IA64)&&!(CONFIG_XZ_DEC_ARM)&&!(CONFIG_XZ_DEC_ARMTHUMB)&&!(CONFIG_XZ_DEC_SPARC)&&!(XZ_DEC_BCJ)&&(XZ_DEC_X86)||(__KERNEL__)&&!(XZ_IGNORE_KCONFIG)&&!(CONFIG_XZ_DEC_X86)&&!(CONFIG_XZ_DEC_POWERPC)&&!(CONFIG_XZ_DEC_IA64)&&!(CONFIG_XZ_DEC_ARM)&&!(CONFIG_XZ_DEC_ARMTHUMB)&&!(CONFIG_XZ_DEC_SPARC)&&(XZ_DEC_BCJ)||(__KERNEL__)&&!(XZ_IGNORE_KCONFIG)&&!(CONFIG_XZ_DEC_X86)&&!(CONFIG_XZ_DEC_POWERPC)&&!(CONFIG_XZ_DEC_IA64)&&!(CONFIG_XZ_DEC_ARM)&&!(CONFIG_XZ_DEC_ARMTHUMB)&&(CONFIG_XZ_DEC_SPARC)||(__KERNEL__)&&!(XZ_IGNORE_KCONFIG)&&!(CONFIG_XZ_DEC_X86)&&!(CONFIG_XZ_DEC_POWERPC)&&!(CONFIG_XZ_DEC_IA64)&&!(CONFIG_XZ_DEC_ARM)&&(CONFIG_XZ_DEC_ARMTHUMB)||(__KERNEL__)&&!(XZ_IGNORE_KCONFIG)&&!(CONFIG_XZ_DEC_X86)&&!(CONFIG_XZ_DEC_POWERPC)&&!(CONFIG_XZ_DEC_IA64)&&(CONFIG_XZ_DEC_ARM)||(__KERNEL__)&&!(XZ_IGNORE_KCONFIG)&&!(CONFIG_XZ_DEC_X86)&&!(CONFIG_XZ_DEC_POWERPC)&&(CONFIG_XZ_DEC_IA64)||(__KERNEL__)&&!(XZ_IGNORE_KCONFIG)&&!(CONFIG_XZ_DEC_X86)&&(CONFIG_XZ_DEC_POWERPC)||(__KERNEL__)&&!(XZ_IGNORE_KCONFIG)&&(CONFIG_XZ_DEC_X86)||(__KERNEL__)&&(XZ_IGNORE_KCONFIG)&&!(XZ_DEC_BCJ)&&!(XZ_DEC_X86)&&!(XZ_DEC_POWERPC)&&!(XZ_DEC_IA64)&&!(XZ_DEC_ARM)&&!(XZ_DEC_ARMTHUMB)&&(XZ_DEC_SPARC)||(__KERNEL__)&&(XZ_IGNORE_KCONFIG)&&!(XZ_DEC_BCJ)&&!(XZ_DEC_X86)&&!(XZ_DEC_POWERPC)&&!(XZ_DEC_IA64)&&!(XZ_DEC_ARM)&&(XZ_DEC_ARMTHUMB)||(__KERNEL__)&&(XZ_IGNORE_KCONFIG)&&!(XZ_DEC_BCJ)&&!(XZ_DEC_X86)&&!(XZ_DEC_POWERPC)&&!(XZ_DEC_IA64)&&(XZ_DEC_ARM)||(__KERNEL__)&&(XZ_IGNORE_KCONFIG)&&!(XZ_DEC_BCJ)&&!(XZ_DEC_X86)&&!(XZ_DEC_POWERPC)&&(XZ_DEC_IA64)||(__KERNEL__)&&(XZ_IGNORE_KCONFIG)&&!(XZ_DEC_BCJ)&&!(XZ_DEC_X86)&&(XZ_DEC_POWERPC)||(__KERNEL__)&&(XZ_IGNORE_KCONFIG)&&!(XZ_DEC_BCJ)&&(XZ_DEC_X86)||(__KERNEL__)&&(XZ_IGNORE_KCONFIG)&&(XZ_DEC_BCJ),15,288,"18,19,20,21,22,23,24,25,26,27,28,29,30,31,32,33,34,35,36,37,38,39,40,41,42,43,44,45,46,47,48,49,50,51,52,53,54,55,56,57,58,59,60,61,62,63,64,65,66,67,68,69,70,71,72,73,74,75,76,77,78,158,159,160,180,181,182,265,266,267,289,290,291,318,319,320,341,342,343,344,345,346,347,348,349,350,351,352,353,354,355,356,357,358,359,360,364,365,369,370,374,375,379,380,384,385,389,390,391,392,393,394,395,396,397,398,399,400,401,402,403,404,405,406,407,408,409,410,411,412,413,414,415,416,417,418,419,420,421,422,424,425,426,427,428,429,430,431,432,433,434,435,436,437,438,439,440,441,442,443,444,445,446,447,448,449,450,451,452,453,454,455,456,457,458,459,460,461,462,463,464,465,466,467,468,469,470,471,472,473,474,475,476,477,478,479,480,481,482,483,484,485,486,487,488,489,490,491,492,493,494,495,496,497,498,499,500,501,502,503,504,505,506,507,508,509,510,511,512,513,514,515,516,517,518,519,520,521,522,523,524,525,526,527,528,529,530,531,533,534,535,536,537,538,539,540,542,543,544,545,547,548,550,551,553,554,556,557,559,560,562,563,564,565,566,567,568,569,570,571,572,573,574,575,576,577,578,579"
xz_dec_bcj.txt,!(__KERNEL__)&&(XZ_DEC_IA64)||(__KERNEL__)&&!(XZ_IGNORE_KCONFIG)&&!(CONFIG_XZ_DEC_IA64)&&(XZ_DEC_IA64)||(__KERNEL__)&&!(XZ_IGNORE_KCONFIG)&&(CONFIG_XZ_DEC_IA64)||(__KERNEL__)&&(XZ_IGNORE_KCONFIG)&&(XZ_DEC_IA64),4,86,"183,184,185,186,187,188,189,190,191,192,193,194,195,196,197,198,199,200,201,202,203,204,205,206,207,208,209,210,211,212,213,214,215,216,217,218,219,220,221,222,223,224,225,226,227,228,229,230,231,232,233,234,235,236,237,238,239,240,241,242,243,244,245,246,247,248,249,250,251,252,253,254,255,256,257,258,259,260,261,262,263,264,371,372,373,552"
xz_dec_bcj.txt,!(__KERNEL__)&&(XZ_DEC_X86)||(__KERNEL__)&&!(XZ_IGNORE_KCONFIG)&&!(CONFIG_XZ_DEC_X86)&&(XZ_DEC_X86)||(__KERNEL__)&&!(XZ_IGNORE_KCONFIG)&&(CONFIG_XZ_DEC_X86)||(__KERNEL__)&&(XZ_IGNORE_KCONFIG)&&(XZ_DEC_X86),4,83,"79,80,81,82,83,84,85,86,87,88,89,90,91,92,93,94,95,96,97,98,99,100,101,102,103,104,105,106,107,108,109,110,111,112,113,114,115,116,117,118,119,120,121,122,123,124,125,126,127,128,129,130,131,132,133,134,135,136,137,138,139,140,141,142,143,144,145,146,147,148,149,150,151,152,153,154,155,156,157,361,362,363,546"
xz_dec_bcj.txt,!(__KERNEL__)&&(XZ_DEC_ARMTHUMB)||(__KERNEL__)&&!(XZ_IGNORE_KCONFIG)&&!(CONFIG_XZ_DEC_ARMTHUMB)&&(XZ_DEC_ARMTHUMB)||(__KERNEL__)&&!(XZ_IGNORE_KCONFIG)&&(CONFIG_XZ_DEC_ARMTHUMB)||(__KERNEL__)&&(XZ_IGNORE_KCONFIG)&&(XZ_DEC_ARMTHUMB),4,30,"292,293,294,295,296,297,298,299,300,301,302,303,304,305,306,307,308,309,310,311,312,313,314,315,316,317,381,382,383,558"
xz_dec_bcj.txt,!(__KERNEL__)&&(XZ_DEC_ARM)||(__KERNEL__)&&!(XZ_IGNORE_KCONFIG)&&!(CONFIG_XZ_DEC_ARM)&&(XZ_DEC_ARM)||(__KERNEL__)&&!(XZ_IGNORE_KCONFIG)&&(CONFIG_XZ_DEC_ARM)||(__KERNEL__)&&(XZ_IGNORE_KCONFIG)&&(XZ_DEC_ARM),4,25,"268,269,270,271,272,273,274,275,276,277,278,279,280,281,282,283,284,285,286,287,288,376,377,378,555"
xz_dec_bcj.txt,!(__KERNEL__)&&(XZ_DEC_SPARC)||(__KERNEL__)&&!(XZ_IGNORE_KCONFIG)&&!(CONFIG_XZ_DEC_SPARC)&&(XZ_DEC_SPARC)||(__KERNEL__)&&!(XZ_IGNORE_KCONFIG)&&(CONFIG_XZ_DEC_SPARC)||(__KERNEL__)&&(XZ_IGNORE_KCONFIG)&&(XZ_DEC_SPARC),4,24,"321,322,323,324,325,326,327,328,329,330,331,332,333,334,335,336,337,338,339,340,386,387,388,561"
xz_dec_bcj.txt,!(__KERNEL__)&&(XZ_DEC_POWERPC)||(__KERNEL__)&&!(XZ_IGNORE_KCONFIG)&&!(CONFIG_XZ_DEC_POWERPC)&&(XZ_DEC_POWERPC)||(__KERNEL__)&&!(XZ_IGNORE_KCONFIG)&&(CONFIG_XZ_DEC_POWERPC)||(__KERNEL__)&&(XZ_IGNORE_KCONFIG)&&(XZ_DEC_POWERPC),4,23,"161,162,163,164,165,166,167,168,169,170,171,172,173,174,175,176,177,178,179,366,367,368,549"
xz_dec_lzma2.txt,((XZ_H)|(__KERNEL__)|(XZ_EXTERN)|(XZ_PRIVATE_H)|(XZ_CONFIG_H)),5,4,"933,1103,1127,1165"
xz_dec_lzma2.txt,!(__KERNEL__)||(__KERNEL__)&&!(XZ_PREBOOT),2,3,"864,865,866"
xz_dec_stream.txt,!macro(XZ_DEC_BCJ=((XZ_DEC_BCJ)|(!(XZ_PRIVATE_H)&(((__KERNEL__)&!(XZ_PRIVATE_H)&!(XZ_IGNORE_KCONFIG)&(CONFIG_XZ_DEC_X86))|((__KERNEL__)&!(XZ_PRIVATE_H)&!(XZ_IGNORE_KCONFIG)&(CONFIG_XZ_DEC_POWERPC))|((__KERNEL__)&!(XZ_PRIVATE_H)&!(XZ_IGNORE_KCONFIG)&(CONFIG_XZ_DEC_IA64))|(XZ_DEC_ARMTHUMB)|((__KERNEL__)&!(XZ_PRIVATE_H)&!(XZ_IGNORE_KCONFIG)&(CONFIG_XZ_DEC_ARM))|(XZ_DEC_ARM)|(XZ_DEC_SPARC)|((__KERNEL__)&!(XZ_PRIVATE_H)&!(XZ_IGNORE_KCONFIG)&(CONFIG_XZ_DEC_ARMTHUMB))|((__KERNEL__)&!(XZ_PRIVATE_H)&!(XZ_IGNORE_KCONFIG)&(CONFIG_XZ_DEC_SPARC))|(XZ_DEC_POWERPC)|(XZ_DEC_IA64)|(XZ_DEC_X86))))),17,1,470
xz_dec_stream.txt,!(__KERNEL__)&&!(XZ_DEC_BCJ)&&!(XZ_DEC_X86)&&!(XZ_DEC_POWERPC)&&!(XZ_DEC_IA64)&&!(XZ_DEC_ARM)&&!(XZ_DEC_ARMTHUMB)&&(XZ_DEC_SPARC)||!(__KERNEL__)&&!(XZ_DEC_BCJ)&&!(XZ_DEC_X86)&&!(XZ_DEC_POWERPC)&&!(XZ_DEC_IA64)&&!(XZ_DEC_ARM)&&(XZ_DEC_ARMTHUMB)||!(__KERNEL__)&&!(XZ_DEC_BCJ)&&!(XZ_DEC_X86)&&!(XZ_DEC_POWERPC)&&!(XZ_DEC_IA64)&&(XZ_DEC_ARM)||!(__KERNEL__)&&!(XZ_DEC_BCJ)&&!(XZ_DEC_X86)&&!(XZ_DEC_POWERPC)&&(XZ_DEC_IA64)||!(__KERNEL__)&&!(XZ_DEC_BCJ)&&!(XZ_DEC_X86)&&(XZ_DEC_POWERPC)||!(__KERNEL__)&&!(XZ_DEC_BCJ)&&(XZ_DEC_X86)||!(__KERNEL__)&&(XZ_DEC_BCJ)||(__KERNEL__)&&!(XZ_IGNORE_KCONFIG)&&!(CONFIG_XZ_DEC_X86)&&!(CONFIG_XZ_DEC_POWERPC)&&!(CONFIG_XZ_DEC_IA64)&&!(CONFIG_XZ_DEC_ARM)&&!(CONFIG_XZ_DEC_ARMTHUMB)&&!(CONFIG_XZ_DEC_SPARC)&&!(XZ_DEC_BCJ)&&!(XZ_DEC_X86)&&!(XZ_DEC_POWERPC)&&!(XZ_DEC_IA64)&&!(XZ_DEC_ARM)&&!(XZ_DEC_ARMTHUMB)&&(XZ_DEC_SPARC)||(__KERNEL__)&&!(XZ_IGNORE_KCONFIG)&&!(CONFIG_XZ_DEC_X86)&&!(CONFIG_XZ_DEC_POWERPC)&&!(CONFIG_XZ_DEC_IA64)&&!(CONFIG_XZ_DEC_ARM)&&!(CONFIG_XZ_DEC_ARMTHUMB)&&!(CONFIG_XZ_DEC_SPARC)&&!(XZ_DEC_BCJ)&&!(XZ_DEC_X86)&&!(XZ_DEC_POWERPC)&&!(XZ_DEC_IA64)&&!(XZ_DEC_ARM)&&(XZ_DEC_ARMTHUMB)||(__KERNEL__)&&!(XZ_IGNORE_KCONFIG)&&!(CONFIG_XZ_DEC_X86)&&!(CONFIG_XZ_DEC_POWERPC)&&!(CONFIG_XZ_DEC_IA64)&&!(CONFIG_XZ_DEC_ARM)&&!(CONFIG_XZ_DEC_ARMTHUMB)&&!(CONFIG_XZ_DEC_SPARC)&&!(XZ_DEC_BCJ)&&!(XZ_DEC_X86)&&!(XZ_DEC_POWERPC)&&!(XZ_DEC_IA64)&&(XZ_DEC_ARM)||(__KERNEL__)&&!(XZ_IGNORE_KCONFIG)&&!(CONFIG_XZ_DEC_X86)&&!(CONFIG_XZ_DEC_POWERPC)&&!(CONFIG_XZ_DEC_IA64)&&!(CONFIG_XZ_DEC_ARM)&&!(CONFIG_XZ_DEC_ARMTHUMB)&&!(CONFIG_XZ_DEC_SPARC)&&!(XZ_DEC_BCJ)&&!(XZ_DEC_X86)&&!(XZ_DEC_POWERPC)&&(XZ_DEC_IA64)||(__KERNEL__)&&!(XZ_IGNORE_KCONFIG)&&!(CONFIG_XZ_DEC_X86)&&!(CONFIG_XZ_DEC_POWERPC)&&!(CONFIG_XZ_DEC_IA64)&&!(CONFIG_XZ_DEC_ARM)&&!(CONFIG_XZ_DEC_ARMTHUMB)&&!(CONFIG_XZ_DEC_SPARC)&&!(XZ_DEC_BCJ)&&!(XZ_DEC_X86)&&(XZ_DEC_POWERPC)||(__KERNEL__)&&!(XZ_IGNORE_KCONFIG)&&!(CONFIG_XZ_DEC_X86)&&!(CONFIG_XZ_DEC_POWERPC)&&!(CONFIG_XZ_DEC_IA64)&&!(CONFIG_XZ_DEC_ARM)&&!(CONFIG_XZ_DEC_ARMTHUMB)&&!(CONFIG_XZ_DEC_SPARC)&&!(XZ_DEC_BCJ)&&(XZ_DEC_X86)||(__KERNEL__)&&!(XZ_IGNORE_KCONFIG)&&!(CONFIG_XZ_DEC_X86)&&!(CONFIG_XZ_DEC_POWERPC)&&!(CONFIG_XZ_DEC_IA64)&&!(CONFIG_XZ_DEC_ARM)&&!(CONFIG_XZ_DEC_ARMTHUMB)&&!(CONFIG_XZ_DEC_SPARC)&&(XZ_DEC_BCJ)||(__KERNEL__)&&!(XZ_IGNORE_KCONFIG)&&!(CONFIG_XZ_DEC_X86)&&!(CONFIG_XZ_DEC_POWERPC)&&!(CONFIG_XZ_DEC_IA64)&&!(CONFIG_XZ_DEC_ARM)&&!(CONFIG_XZ_DEC_ARMTHUMB)&&(CONFIG_XZ_DEC_SPARC)||(__KERNEL__)&&!(XZ_IGNORE_KCONFIG)&&!(CONFIG_XZ_DEC_X86)&&!(CONFIG_XZ_DEC_POWERPC)&&!(CONFIG_XZ_DEC_IA64)&&!(CONFIG_XZ_DEC_ARM)&&(CONFIG_XZ_DEC_ARMTHUMB)||(__KERNEL__)&&!(XZ_IGNORE_KCONFIG)&&!(CONFIG_XZ_DEC_X86)&&!(CONFIG_XZ_DEC_POWERPC)&&!(CONFIG_XZ_DEC_IA64)&&(CONFIG_XZ_DEC_ARM)||(__KERNEL__)&&!(XZ_IGNORE_KCONFIG)&&!(CONFIG_XZ_DEC_X86)&&!(CONFIG_XZ_DEC_POWERPC)&&(CONFIG_XZ_DEC_IA64)||(__KERNEL__)&&!(XZ_IGNORE_KCONFIG)&&!(CONFIG_XZ_DEC_X86)&&(CONFIG_XZ_DEC_POWERPC)||(__KERNEL__)&&!(XZ_IGNORE_KCONFIG)&&(CONFIG_XZ_DEC_X86)||(__KERNEL__)&&(XZ_IGNORE_KCONFIG)&&!(XZ_DEC_BCJ)&&!(XZ_DEC_X86)&&!(XZ_DEC_POWERPC)&&!(XZ_DEC_IA64)&&!(XZ_DEC_ARM)&&!(XZ_DEC_ARMTHUMB)&&(XZ_DEC_SPARC)||(__KERNEL__)&&(XZ_IGNORE_KCONFIG)&&!(XZ_DEC_BCJ)&&!(XZ_DEC_X86)&&!(XZ_DEC_POWERPC)&&!(XZ_DEC_IA64)&&!(XZ_DEC_ARM)&&(XZ_DEC_ARMTHUMB)||(__KERNEL__)&&(XZ_IGNORE_KCONFIG)&&!(XZ_DEC_BCJ)&&!(XZ_DEC_X86)&&!(XZ_DEC_POWERPC)&&!(XZ_DEC_IA64)&&(XZ_DEC_ARM)||(__KERNEL__)&&(XZ_IGNORE_KCONFIG)&&!(XZ_DEC_BCJ)&&!(XZ_DEC_X86)&&!(XZ_DEC_POWERPC)&&(XZ_DEC_IA64)||(__KERNEL__)&&(XZ_IGNORE_KCONFIG)&&!(XZ_DEC_BCJ)&&!(XZ_DEC_X86)&&(XZ_DEC_POWERPC)||(__KERNEL__)&&(XZ_IGNORE_KCONFIG)&&!(XZ_DEC_BCJ)&&(XZ_DEC_X86)||(__KERNEL__)&&(XZ_IGNORE_KCONFIG)&&(XZ_DEC_BCJ),15,27,"134,135,226,227,228,468,497,498,499,500,501,502,503,504,505,506,507,508,509,510,511,512,513,778,779,780,793"
xz_dec_stream.txt,!(__KERNEL__)&&!(XZ_DEC_BCJ)&&!(XZ_DEC_X86)&&!(XZ_DEC_POWERPC)&&!(XZ_DEC_IA64)&&!(XZ_DEC_ARM)&&!(XZ_DEC_ARMTHUMB)&&(XZ_DEC_SPARC)||!(__KERNEL__)&&!(XZ_DEC_BCJ)&&!(XZ_DEC_X86)&&!(XZ_DEC_POWERPC)&&!(XZ_DEC_IA64)&&!(XZ_DEC_ARM)&&(XZ_DEC_ARMTHUMB)||!(__KERNEL__)&&!(XZ_DEC_BCJ)&&!(XZ_DEC_X86)&&!(XZ_DEC_POWERPC)&&!(XZ_DEC_IA64)&&(XZ_DEC_ARM)||!(__KERNEL__)&&!(XZ_DEC_BCJ)&&!(XZ_DEC_X86)&&!(XZ_DEC_POWERPC)&&(XZ_DEC_IA64)||!(__KERNEL__)&&!(XZ_DEC_BCJ)&&!(XZ_DEC_X86)&&(XZ_DEC_POWERPC)||!(__KERNEL__)&&!(XZ_DEC_BCJ)&&(XZ_DEC_X86)||!(__KERNEL__)&&(XZ_DEC_BCJ),8,2,"792,816"
xz_dec_stream.txt,((XZ_CONFIG_H)|(__KERNEL__)|(XZ_H)|(XZ_EXTERN)|(XZ_PRIVATE_H)),5,4,"733,768,799,811"
xz_dec_stream.txt,(__KERNEL__)&&!XZ_INTERNAL_CRC32,2,3,"246,272,332"
xz_dec_stream.txt,!(__KERNEL__)||(__KERNEL__)&&!(XZ_PREBOOT),2,3,"684,805,806"
